snapshot_date,branch_id,sku_id,stock_units,stock_cost,expiry_date
2026-01-31,1,1001,38,1102.0,2026-11-01
2026-01-31,1,1002,56,2957.92,2027-02-09
2026-01-31,1,1003,40,947.6,2026-05-18
2026-01-31,1,1004,25,908.75,2026-07-07
2026-01-31,1,1005,65,4661.8,2026-06-16
2026-01-31,1,1006,46,2446.28,2027-02-03
2026-01-31,1,1007,24,1743.84,2026-12-31
2026-01-31,1,1008,98,2188.34,2027-01-29
2026-01-31,1,1009,68,2560.2,2026-11-27
2026-01-31,1,1010,62,1639.9,2027-01-02
2026-01-31,1,1011,16,927.36,2026-09-06
2026-01-31,1,1012,59,1072.62,2026-10-31
2026-01-31,1,1013,36,595.08,2026-06-10
2026-01-31,1,1014,39,262.86,2026-09-12
2026-01-31,1,1015,42,2163.84,2026-11-14
2026-01-31,1,1016,39,2901.99,2027-01-04
2026-01-31,1,1017,69,3358.23,2026-11-09
2026-01-31,1,1018,62,571.02,2026-08-31
2026-01-31,1,1019,28,977.76,2026-07-08
2026-01-31,1,1020,61,3918.64,2026-03-12
2026-01-31,1,1021,15,555.45,2026-08-13
2026-01-31,1,1022,0,0.0,2027-01-30
2026-01-31,1,1023,57,2730.3,2026-08-14
2026-01-31,1,1024,40,1906.0,2026-09-11
2026-01-31,1,1025,27,1292.49,2026-11-13
2026-01-31,1,1026,46,412.16,2026-04-27
2026-01-31,1,1027,64,1911.68,2027-03-20
2026-01-31,1,1028,70,2601.2,2026-08-03
2026-01-31,1,1029,43,1291.29,2026-07-28
2026-01-31,1,1030,30,1435.5,2026-11-14
2026-01-31,1,1031,85,1545.3,2026-02-28
2026-01-31,1,1032,37,1034.15,2027-02-23
2026-01-31,1,1033,26,1618.76,2027-01-11
2026-01-31,1,1034,64,907.52,2026-10-29
2026-01-31,1,1035,43,1205.72,2026-11-10
2026-01-31,1,1036,40,2569.6,2026-08-05
2026-01-31,1,1037,50,1876.5,2026-07-08
2026-01-31,1,1038,38,1545.08,2026-11-23
2026-01-31,1,1039,23,1673.25,2026-12-17
2026-01-31,1,1040,17,481.27,2026-07-11
2026-01-31,1,1041,35,2502.5,2027-02-05
2026-01-31,1,1042,68,669.12,2026-12-30
2026-01-31,1,1043,19,1166.03,2026-05-17
2026-01-31,1,1044,54,2586.06,2027-01-22
2026-01-31,1,1045,40,1493.2,2026-12-17
2026-01-31,1,1046,27,1468.8,2026-11-09
2026-01-31,1,1047,50,1882.5,2027-03-03
2026-01-31,1,1048,24,681.6,2027-02-21
2026-01-31,1,1049,38,2280.0,2026-11-22
2026-01-31,1,1050,58,3855.26,2026-03-28
2026-01-31,1,1051,25,1596.0,2027-01-11
2026-01-31,1,1052,17,769.93,2026-04-18
2026-01-31,1,1053,12,349.68,2026-09-08
2026-01-31,1,1054,20,789.8,2026-08-17
2026-01-31,1,1055,53,1415.63,2026-07-25
2026-01-31,1,1056,26,586.04,2026-10-22
2026-01-31,1,1057,34,2310.3,2027-02-10
2026-01-31,1,1058,15,507.9,2026-06-10
2026-01-31,1,1059,7,197.12,2026-04-06
2026-01-31,1,1060,36,1535.76,2026-04-13
2026-01-31,2,1001,15,435.0,2026-04-21
2026-01-31,2,1002,90,4753.8,2026-05-27
2026-01-31,2,1003,72,1705.68,2026-12-14
2026-01-31,2,1004,31,1126.85,2026-09-26
2026-01-31,2,1005,57,4088.04,2026-05-04
2026-01-31,2,1006,56,2978.08,2026-02-27
2026-01-31,2,1007,39,2833.74,2027-01-15
2026-01-31,2,1008,28,625.24,2026-05-16
2026-01-31,2,1009,35,1317.75,2026-08-30
2026-01-31,2,1010,52,1375.4,2026-07-28
2026-01-31,2,1011,67,3883.32,2026-10-02
2026-01-31,2,1012,57,1036.26,2026-11-28
2026-01-31,2,1013,29,479.37,2026-04-22
2026-01-31,2,1014,13,87.62,2026-09-07
2026-01-31,2,1015,42,2163.84,2026-08-14
2026-01-31,2,1016,19,1413.79,2027-01-12
2026-01-31,2,1017,29,1411.43,2026-09-26
2026-01-31,2,1018,37,340.77,2026-03-26
2026-01-31,2,1019,69,2409.48,2027-01-08
2026-01-31,2,1020,49,3147.76,2026-07-29
2026-01-31,2,1021,25,925.75,2026-06-11
2026-01-31,2,1022,25,1574.0,2026-04-28
2026-01-31,2,1023,23,1101.7,2026-06-19
2026-01-31,2,1024,20,953.0,2026-10-17
2026-01-31,2,1025,27,1292.49,2026-07-28
2026-01-31,2,1026,39,349.44,2026-11-24
2026-01-31,2,1027,51,1523.37,2026-04-27
2026-01-31,2,1028,42,1560.72,2026-03-14
2026-01-31,2,1029,29,870.87,2027-02-23
2026-01-31,2,1030,0,0.0,2026-04-09
2026-01-31,2,1031,37,672.66,2026-03-16
2026-01-31,2,1032,41,1145.95,2027-01-13
2026-01-31,2,1033,35,2179.1,2026-07-03
2026-01-31,2,1034,37,524.66,2027-03-08
2026-01-31,2,1035,73,2046.92,2026-12-24
2026-01-31,2,1036,27,1734.48,2026-11-20
2026-01-31,2,1037,16,600.48,2026-10-07
2026-01-31,2,1038,0,0.0,2026-03-10
2026-01-31,2,1039,11,800.25,2026-11-22
2026-01-31,2,1040,45,1273.95,2027-01-12
2026-01-31,2,1041,13,929.5,2026-11-13
2026-01-31,2,1042,34,334.56,2026-12-31
2026-01-31,2,1043,0,0.0,2026-11-27
2026-01-31,2,1044,16,766.24,2026-04-10
2026-01-31,2,1045,50,1866.5,2027-01-22
2026-01-31,2,1046,62,3372.8,2026-12-08
2026-01-31,2,1047,20,753.0,2026-09-24
2026-01-31,2,1048,19,539.6,2026-08-18
2026-01-31,2,1049,48,2880.0,2026-08-23
2026-01-31,2,1050,31,2060.57,2027-03-25
2026-01-31,2,1051,9,574.56,2027-03-04
2026-01-31,2,1052,4,181.16,2026-09-14
2026-01-31,2,1053,32,932.48,2026-12-31
2026-01-31,2,1054,31,1224.19,2026-06-10
2026-01-31,2,1055,24,641.04,2027-01-14
2026-01-31,2,1056,0,0.0,2026-11-14
2026-01-31,2,1057,3,203.85,2026-11-09
2026-01-31,2,1058,12,406.32,2026-06-16
2026-01-31,2,1059,39,1098.24,2026-10-03
2026-01-31,2,1060,28,1194.48,2026-11-25
2026-01-31,3,1001,90,2610.0,2026-06-02
2026-01-31,3,1002,52,2746.64,2026-09-12
2026-01-31,3,1003,97,2297.93,2027-03-04
2026-01-31,3,1004,61,2217.35,2026-10-09
2026-01-31,3,1005,62,4446.64,2026-07-23
2026-01-31,3,1006,61,3243.98,2026-10-20
2026-01-31,3,1007,26,1889.16,2027-01-27
2026-01-31,3,1008,31,692.23,2026-09-21
2026-01-31,3,1009,30,1129.5,2027-03-07
2026-01-31,3,1010,47,1243.15,2026-10-29
2026-01-31,3,1011,51,2955.96,2027-03-25
2026-01-31,3,1012,40,727.2,2026-12-24
2026-01-31,3,1013,39,644.67,2026-05-11
2026-01-31,3,1014,31,208.94,2026-07-28
2026-01-31,3,1015,67,3451.84,2027-03-11
2026-01-31,3,1016,81,6027.21,2027-02-09
2026-01-31,3,1017,11,535.37,2026-06-13
2026-01-31,3,1018,75,690.75,2027-01-30
2026-01-31,3,1019,71,2479.32,2026-10-01
2026-01-31,3,1020,41,2633.84,2026-03-11
2026-01-31,3,1021,54,1999.62,2027-01-23
2026-01-31,3,1022,74,4659.04,2026-10-27
2026-01-31,3,1023,24,1149.6,2026-08-29
2026-01-31,3,1024,30,1429.5,2026-07-31
2026-01-31,3,1025,54,2584.98,2026-12-15
2026-01-31,3,1026,40,358.4,2027-01-20
2026-01-31,3,1027,72,2150.64,2026-11-05
2026-01-31,3,1028,50,1858.0,2026-09-14
2026-01-31,3,1029,39,1171.17,2027-02-17
2026-01-31,3,1030,33,1579.05,2027-02-27
2026-01-31,3,1031,35,636.3,2026-03-19
2026-01-31,3,1032,54,1509.3,2026-08-15
2026-01-31,3,1033,12,747.12,2026-04-24
2026-01-31,3,1034,29,411.22,2027-01-30
2026-01-31,3,1035,61,1710.44,2027-01-23
2026-01-31,3,1036,72,4625.28,2026-02-25
2026-01-31,3,1037,60,2251.8,2026-03-10
2026-01-31,3,1038,41,1667.06,2027-01-01
2026-01-31,3,1039,37,2691.75,2026-07-21
2026-01-31,3,1040,17,481.27,2027-01-07
2026-01-31,3,1041,33,2359.5,2027-01-10
2026-01-31,3,1042,61,600.24,2027-03-10
2026-01-31,3,1043,49,3007.13,2026-08-21
2026-01-31,3,1044,53,2538.17,2026-07-10
2026-01-31,3,1045,25,933.25,2027-03-11
2026-01-31,3,1046,53,2883.2,2026-07-01
2026-01-31,3,1047,29,1091.85,2027-02-19
2026-01-31,3,1048,52,1476.8,2026-04-24
2026-01-31,3,1049,71,4260.0,2026-12-31
2026-01-31,3,1050,48,3190.56,2026-06-27
2026-01-31,3,1051,63,4021.92,2026-09-18
2026-01-31,3,1052,15,679.35,2026-06-01
2026-01-31,3,1053,29,845.06,2026-11-22
2026-01-31,3,1054,0,0.0,2026-03-06
2026-01-31,3,1055,0,0.0,2027-01-14
2026-01-31,3,1056,61,1374.94,2027-01-04
2026-01-31,3,1057,48,3261.6,2026-12-24
2026-01-31,3,1058,16,541.76,2026-10-26
2026-01-31,3,1059,16,450.56,2026-08-27
2026-01-31,3,1060,13,554.58,2026-07-11
2026-01-31,4,1001,38,1102.0,2026-03-28
2026-01-31,4,1002,77,4067.14,2026-03-25
2026-01-31,4,1003,36,852.84,2026-11-10
2026-01-31,4,1004,55,1999.25,2026-12-05
2026-01-31,4,1005,51,3657.72,2026-08-21
2026-01-31,4,1006,69,3669.42,2026-07-02
2026-01-31,4,1007,34,2470.44,2026-10-07
2026-01-31,4,1008,33,736.89,2026-10-14
2026-01-31,4,1009,59,2221.35,2026-06-06
2026-01-31,4,1010,26,687.7,2027-02-01
2026-01-31,4,1011,10,579.6,2026-03-21
2026-01-31,4,1012,62,1127.16,2026-07-12
2026-01-31,4,1013,59,975.27,2026-10-28
2026-01-31,4,1014,58,390.92,2026-12-06
2026-01-31,4,1015,74,3812.48,2026-04-10
2026-01-31,4,1016,18,1339.38,2026-08-15
2026-01-31,4,1017,30,1460.1,2026-12-03
2026-01-31,4,1018,49,451.29,2027-03-03
2026-01-31,4,1019,35,1222.2,2026-04-11
2026-01-31,4,1020,20,1284.8,2026-11-12
2026-01-31,4,1021,36,1333.08,2026-05-31
2026-01-31,4,1022,60,3777.6,2026-08-05
2026-01-31,4,1023,14,670.6,2026-08-07
2026-01-31,4,1024,0,0.0,2026-04-17
2026-01-31,4,1025,19,909.53,2026-09-25
2026-01-31,4,1026,51,456.96,2027-02-28
2026-01-31,4,1027,29,866.23,2026-10-10
2026-01-31,4,1028,53,1969.48,2026-05-12
2026-01-31,4,1029,23,690.69,2026-06-04
2026-01-31,4,1030,43,2057.55,2027-03-23
2026-01-31,4,1031,45,818.1,2026-08-07
2026-01-31,4,1032,40,1118.0,2026-12-21
2026-01-31,4,1033,45,2801.7,2026-04-17
2026-01-31,4,1034,68,964.24,2026-05-30
2026-01-31,4,1035,60,1682.4,2026-06-06
2026-01-31,4,1036,40,2569.6,2026-12-23
2026-01-31,4,1037,43,1613.79,2026-12-05
2026-01-31,4,1038,71,2886.86,2027-02-26
2026-01-31,4,1039,23,1673.25,2026-06-04
2026-01-31,4,1040,58,1641.98,2026-08-19
2026-01-31,4,1041,30,2145.0,2026-11-29
2026-01-31,4,1042,47,462.48,2026-11-15
2026-01-31,4,1043,17,1043.29,2026-03-27
2026-01-31,4,1044,32,1532.48,2026-03-19
2026-01-31,4,1045,10,373.3,2026-11-03
2026-01-31,4,1046,37,2012.8,2026-10-17
2026-01-31,4,1047,29,1091.85,2027-01-08
2026-01-31,4,1048,43,1221.2,2026-12-05
2026-01-31,4,1049,49,2940.0,2026-05-14
2026-01-31,4,1050,37,2459.39,2026-06-27
2026-01-31,4,1051,22,1404.48,2026-05-01
2026-01-31,4,1052,12,543.48,2027-01-26
2026-01-31,4,1053,28,815.92,2026-11-17
2026-01-31,4,1054,2,78.98,2026-06-27
2026-01-31,4,1055,28,747.88,2027-02-18
2026-01-31,4,1056,29,653.66,2026-10-25
2026-01-31,4,1057,12,815.4,2026-08-12
2026-01-31,4,1058,21,711.06,2027-01-14
2026-01-31,4,1059,23,647.68,2027-03-13
2026-01-31,4,1060,22,938.52,2027-03-19
2026-01-31,5,1001,35,1015.0,2026-08-15
2026-01-31,5,1002,28,1478.96,2027-03-05
2026-01-31,5,1003,15,355.35,2026-10-02
2026-01-31,5,1004,95,3453.25,2027-03-04
2026-01-31,5,1005,34,2438.48,2026-12-15
2026-01-31,5,1006,59,3137.62,2026-07-31
2026-01-31,5,1007,49,3560.34,2027-03-06
2026-01-31,5,1008,15,334.95,2026-09-27
2026-01-31,5,1009,51,1920.15,2026-12-29
2026-01-31,5,1010,46,1216.7,2027-02-11
2026-01-31,5,1011,51,2955.96,2026-09-30
2026-01-31,5,1012,38,690.84,2026-11-16
2026-01-31,5,1013,31,512.43,2026-10-22
2026-01-31,5,1014,0,0.0,2026-05-02
2026-01-31,5,1015,37,1906.24,2026-06-30
2026-01-31,5,1016,27,2009.07,2026-09-11
2026-01-31,5,1017,58,2822.86,2026-07-27
2026-01-31,5,1018,31,285.51,2026-07-25
2026-01-31,5,1019,80,2793.6,2027-03-01
2026-01-31,5,1020,40,2569.6,2026-09-17
2026-01-31,5,1021,28,1036.84,2026-08-18
2026-01-31,5,1022,42,2644.32,2027-03-26
2026-01-31,5,1023,24,1149.6,2026-03-19
2026-01-31,5,1024,26,1238.9,2026-03-03
2026-01-31,5,1025,57,2728.59,2026-03-08
2026-01-31,5,1026,35,313.6,2026-12-14
2026-01-31,5,1027,24,716.88,2026-09-07
2026-01-31,5,1028,33,1226.28,2026-09-05
2026-01-31,5,1029,18,540.54,2026-03-04
2026-01-31,5,1030,25,1196.25,2026-10-23
2026-01-31,5,1031,44,799.92,2026-12-11
2026-01-31,5,1032,50,1397.5,2026-11-08
2026-01-31,5,1033,65,4046.9,2026-05-29
2026-01-31,5,1034,46,652.28,2026-11-18
2026-01-31,5,1035,21,588.84,2026-12-01
2026-01-31,5,1036,57,3661.68,2026-07-03
2026-01-31,5,1037,20,750.6,2026-10-20
2026-01-31,5,1038,49,1992.34,2026-10-28
2026-01-31,5,1039,35,2546.25,2027-03-22
2026-01-31,5,1040,57,1613.67,2026-09-03
2026-01-31,5,1041,27,1930.5,2026-12-09
2026-01-31,5,1042,41,403.44,2026-05-04
2026-01-31,5,1043,29,1779.73,2027-02-14
2026-01-31,5,1044,34,1628.26,2027-02-23
2026-01-31,5,1045,29,1082.57,2026-07-16
2026-01-31,5,1046,22,1196.8,2026-11-14
2026-01-31,5,1047,51,1920.15,2026-04-04
2026-01-31,5,1048,22,624.8,2026-08-28
2026-01-31,5,1049,11,660.0,2027-01-12
2026-01-31,5,1050,15,997.05,2026-11-30
2026-01-31,5,1051,24,1532.16,2026-07-22
2026-01-31,5,1052,12,543.48,2027-03-02
2026-01-31,5,1053,16,466.24,2026-03-11
2026-01-31,5,1054,14,552.86,2027-01-21
2026-01-31,5,1055,13,347.23,2026-12-24
2026-01-31,5,1056,32,721.28,2027-02-21
2026-01-31,5,1057,41,2785.95,2026-06-01
2026-01-31,5,1058,16,541.76,2026-04-24
2026-01-31,5,1059,14,394.24,2027-01-18
2026-01-31,5,1060,6,255.96,2026-08-05
2026-01-31,6,1001,22,638.0,2026-09-14
2026-01-31,6,1002,63,3327.66,2026-03-17
2026-01-31,6,1003,76,1800.44,2026-03-09
2026-01-31,6,1004,64,2326.4,2026-09-12
2026-01-31,6,1005,34,2438.48,2026-08-09
2026-01-31,6,1006,48,2552.64,2026-06-25
2026-01-31,6,1007,62,4504.92,2026-06-12
2026-01-31,6,1008,35,781.55,2026-09-11
2026-01-31,6,1009,21,790.65,2027-02-14
2026-01-31,6,1010,93,2459.85,2026-06-07
2026-01-31,6,1011,60,3477.6,2026-10-25
2026-01-31,6,1012,31,563.58,2026-03-20
2026-01-31,6,1013,45,743.85,2026-08-05
2026-01-31,6,1014,45,303.3,2026-11-23
2026-01-31,6,1015,27,1391.04,2026-09-21
2026-01-31,6,1016,75,5580.75,2027-02-21
2026-01-31,6,1017,44,2141.48,2027-02-27
2026-01-31,6,1018,22,202.62,2026-12-01
2026-01-31,6,1019,32,1117.44,2026-04-13
2026-01-31,6,1020,25,1606.0,2026-04-10
2026-01-31,6,1021,20,740.6,2026-04-12
2026-01-31,6,1022,38,2392.48,2026-08-18
2026-01-31,6,1023,43,2059.7,2026-06-06
2026-01-31,6,1024,52,2477.8,2026-08-17
2026-01-31,6,1025,50,2393.5,2026-06-13
2026-01-31,6,1026,37,331.52,2026-06-04
2026-01-31,6,1027,26,776.62,2026-05-28
2026-01-31,6,1028,25,929.0,2027-02-12
2026-01-31,6,1029,45,1351.35,2026-04-18
2026-01-31,6,1030,16,765.6,2026-08-19
2026-01-31,6,1031,31,563.58,2026-10-27
2026-01-31,6,1032,16,447.2,2027-03-18
2026-01-31,6,1033,21,1307.46,2026-09-12
2026-01-31,6,1034,47,666.46,2026-11-29
2026-01-31,6,1035,72,2018.88,2027-01-28
2026-01-31,6,1036,34,2184.16,2026-07-15
2026-01-31,6,1037,14,525.42,2027-02-10
2026-01-31,6,1038,36,1463.76,2027-02-04
2026-01-31,6,1039,10,727.5,2026-03-01
2026-01-31,6,1040,34,962.54,2026-03-20
2026-01-31,6,1041,0,0.0,2026-05-09
2026-01-31,6,1042,31,305.04,2026-08-03
2026-01-31,6,1043,24,1472.88,2026-11-29
2026-01-31,6,1044,45,2155.05,2026-04-05
2026-01-31,6,1045,52,1941.16,2026-07-21
2026-01-31,6,1046,18,979.2,2026-04-03
2026-01-31,6,1047,30,1129.5,2026-05-10
2026-01-31,6,1048,61,1732.4,2026-03-30
2026-01-31,6,1049,17,1020.0,2026-02-25
2026-01-31,6,1050,46,3057.62,2026-05-24
2026-01-31,6,1051,13,829.92,2027-03-04
2026-01-31,6,1052,23,1041.67,2026-09-02
2026-01-31,6,1053,23,670.22,2027-01-11
2026-01-31,6,1054,32,1263.68,2026-09-29
2026-01-31,6,1055,18,480.78,2027-02-03
2026-01-31,6,1056,0,0.0,2026-10-02
2026-01-31,6,1057,10,679.5,2026-03-28
2026-01-31,6,1058,18,609.48,2026-04-21
2026-01-31,6,1059,10,281.6,2027-03-05
2026-01-31,6,1060,27,1151.82,2026-06-12
2026-01-31,7,1001,26,754.0,2026-12-26
2026-01-31,7,1002,0,0.0,2027-03-22
2026-01-31,7,1003,45,1066.05,2026-11-18
2026-01-31,7,1004,33,1199.55,2026-06-15
2026-01-31,7,1005,31,2223.32,2026-12-11
2026-01-31,7,1006,68,3616.24,2026-09-01
2026-01-31,7,1007,25,1816.5,2026-06-15
2026-01-31,7,1008,37,826.21,2026-09-16
2026-01-31,7,1009,11,414.15,2026-03-29
2026-01-31,7,1010,20,529.0,2026-04-29
2026-01-31,7,1011,46,2666.16,2026-04-29
2026-01-31,7,1012,58,1054.44,2026-04-28
2026-01-31,7,1013,23,380.19,2026-10-09
2026-01-31,7,1014,28,188.72,2026-04-18
2026-01-31,7,1015,40,2060.8,2026-12-13
2026-01-31,7,1016,52,3869.32,2026-09-10
2026-01-31,7,1017,40,1946.8,2026-11-13
2026-01-31,7,1018,40,368.4,2026-11-11
2026-01-31,7,1019,45,1571.4,2027-01-05
2026-01-31,7,1020,24,1541.76,2026-05-09
2026-01-31,7,1021,39,1444.17,2026-12-31
2026-01-31,7,1022,59,3714.64,2026-03-11
2026-01-31,7,1023,24,1149.6,2026-09-28
2026-01-31,7,1024,29,1381.85,2026-08-10
2026-01-31,7,1025,36,1723.32,2026-03-30
2026-01-31,7,1026,37,331.52,2026-08-19
2026-01-31,7,1027,43,1284.41,2026-11-08
2026-01-31,7,1028,24,891.84,2026-09-27
2026-01-31,7,1029,35,1051.05,2026-05-26
2026-01-31,7,1030,22,1052.7,2026-04-02
2026-01-31,7,1031,17,309.06,2026-12-10
2026-01-31,7,1032,15,419.25,2027-01-04
2026-01-31,7,1033,36,2241.36,2026-07-26
2026-01-31,7,1034,27,382.86,2026-11-23
2026-01-31,7,1035,24,672.96,2026-11-11
2026-01-31,7,1036,25,1606.0,2026-04-11
2026-01-31,7,1037,23,863.19,2026-03-31
2026-01-31,7,1038,37,1504.42,2026-09-11
2026-01-31,7,1039,24,1746.0,2026-11-16
2026-01-31,7,1040,33,934.23,2027-02-13
2026-01-31,7,1041,41,2931.5,2026-04-06
2026-01-31,7,1042,27,265.68,2026-10-20
2026-01-31,7,1043,9,552.33,2027-02-17
2026-01-31,7,1044,7,335.23,2026-11-23
2026-01-31,7,1045,36,1343.88,2026-05-05
2026-01-31,7,1046,21,1142.4,2026-05-12
2026-01-31,7,1047,21,790.65,2026-11-17
2026-01-31,7,1048,21,596.4,2027-02-21
2026-01-31,7,1049,29,1740.0,2027-02-27
2026-01-31,7,1050,23,1528.81,2026-11-15
2026-01-31,7,1051,4,255.36,2027-03-04
2026-01-31,7,1052,0,0.0,2027-03-17
2026-01-31,7,1053,13,378.82,2026-08-04
2026-01-31,7,1054,30,1184.7,2026-10-22
2026-01-31,7,1055,20,534.2,2027-02-12
2026-01-31,7,1056,11,247.94,2026-06-10
2026-01-31,7,1057,15,1019.25,2026-12-20
2026-01-31,7,1058,24,812.64,2026-08-10
2026-01-31,7,1059,15,422.4,2027-03-06
2026-01-31,7,1060,13,554.58,2026-03-31
2026-01-31,8,1001,80,2320.0,2027-02-10
2026-01-31,8,1002,121,6391.22,2026-06-27
2026-01-31,8,1003,65,1539.85,2026-08-02
2026-01-31,8,1004,59,2144.65,2026-12-01
2026-01-31,8,1005,58,4159.76,2026-09-10
2026-01-31,8,1006,81,4307.58,2027-01-18
2026-01-31,8,1007,51,3705.66,2026-03-07
2026-01-31,8,1008,70,1563.1,2026-05-26
2026-01-31,8,1009,38,1430.7,2026-06-14
2026-01-31,8,1010,66,1745.7,2026-06-27
2026-01-31,8,1011,58,3361.68,2026-06-02
2026-01-31,8,1012,26,472.68,2026-09-05
2026-01-31,8,1013,61,1008.33,2026-08-09
2026-01-31,8,1014,82,552.68,2026-03-08
2026-01-31,8,1015,40,2060.8,2026-04-19
2026-01-31,8,1016,73,5431.93,2026-07-05
2026-01-31,8,1017,56,2725.52,2026-07-07
2026-01-31,8,1018,54,497.34,2026-04-25
2026-01-31,8,1019,114,3980.88,2026-03-13
2026-01-31,8,1020,48,3083.52,2026-09-22
2026-01-31,8,1021,42,1555.26,2026-04-03
2026-01-31,8,1022,61,3840.56,2026-08-05
2026-01-31,8,1023,14,670.6,2026-06-28
2026-01-31,8,1024,69,3287.85,2026-11-03
2026-01-31,8,1025,42,2010.54,2026-12-07
2026-01-31,8,1026,53,474.88,2026-11-15
2026-01-31,8,1027,26,776.62,2026-12-20
2026-01-31,8,1028,49,1820.84,2026-06-15
2026-01-31,8,1029,22,660.66,2026-11-21
2026-01-31,8,1030,16,765.6,2026-09-09
2026-01-31,8,1031,47,854.46,2026-07-31
2026-01-31,8,1032,40,1118.0,2026-05-09
2026-01-31,8,1033,22,1369.72,2026-07-14
2026-01-31,8,1034,33,467.94,2026-10-13
2026-01-31,8,1035,45,1261.8,2026-07-13
2026-01-31,8,1036,0,0.0,2026-11-15
2026-01-31,8,1037,54,2026.62,2026-11-27
2026-01-31,8,1038,32,1301.12,2026-09-17
2026-01-31,8,1039,35,2546.25,2026-07-16
2026-01-31,8,1040,0,0.0,2027-02-15
2026-01-31,8,1041,51,3646.5,2026-12-29
2026-01-31,8,1042,56,551.04,2026-08-13
2026-01-31,8,1043,34,2086.58,2026-06-14
2026-01-31,8,1044,62,2969.18,2026-09-25
2026-01-31,8,1045,56,2090.48,2026-04-10
2026-01-31,8,1046,44,2393.6,2026-07-11
2026-01-31,8,1047,98,3689.7,2026-04-01
2026-01-31,8,1048,47,1334.8,2027-02-14
2026-01-31,8,1049,21,1260.0,2026-03-24
2026-01-31,8,1050,0,0.0,2026-11-05
2026-01-31,8,1051,35,2234.4,2026-02-27
2026-01-31,8,1052,21,951.09,2026-05-16
2026-01-31,8,1053,30,874.2,2027-02-23
2026-01-31,8,1054,8,315.92,2026-09-21
2026-01-31,8,1055,32,854.72,2026-12-24
2026-01-31,8,1056,11,247.94,2026-10-31
2026-01-31,8,1057,29,1970.55,2027-03-23
2026-01-31,8,1058,35,1185.1,2027-01-16
2026-01-31,8,1059,23,647.68,2027-02-20
2026-01-31,8,1060,32,1365.12,2026-07-07
2026-02-28,1,1001,90,2610.0,2026-07-22
2026-02-28,1,1002,0,0.0,2027-01-17
2026-02-28,1,1003,39,923.91,2026-12-24
2026-02-28,1,1004,75,2726.25,2027-03-03
2026-02-28,1,1005,86,6167.92,2027-01-30
2026-02-28,1,1006,42,2233.56,2026-05-30
2026-02-28,1,1007,27,1961.82,2027-01-25
2026-02-28,1,1008,25,558.25,2026-05-27
2026-02-28,1,1009,86,3237.9,2026-06-06
2026-02-28,1,1010,75,1983.75,2026-12-30
2026-02-28,1,1011,63,3651.48,2027-04-23
2026-02-28,1,1012,75,1363.5,2026-04-07
2026-02-28,1,1013,64,1057.92,2026-05-10
2026-02-28,1,1014,94,633.56,2027-01-08
2026-02-28,1,1015,78,4018.56,2027-01-20
2026-02-28,1,1016,42,3125.22,2026-10-11
2026-02-28,1,1017,52,2530.84,2026-07-04
2026-02-28,1,1018,86,792.06,2026-07-17
2026-02-28,1,1019,29,1012.68,2026-08-21
2026-02-28,1,1020,76,4882.24,2027-03-31
2026-02-28,1,1021,29,1073.87,2026-11-09
2026-02-28,1,1022,56,3525.76,2027-01-21
2026-02-28,1,1023,61,2921.9,2026-10-11
2026-02-28,1,1024,15,714.75,2026-11-19
2026-02-28,1,1025,28,1340.36,2026-04-26
2026-02-28,1,1026,56,501.76,2026-06-25
2026-02-28,1,1027,20,597.4,2026-06-28
2026-02-28,1,1028,0,0.0,2026-09-27
2026-02-28,1,1029,0,0.0,2026-06-02
2026-02-28,1,1030,86,4115.1,2027-02-09
2026-02-28,1,1031,56,1018.08,2026-08-02
2026-02-28,1,1032,43,1201.85,2026-12-19
2026-02-28,1,1033,48,2988.48,2026-12-28
2026-02-28,1,1034,45,638.1,2026-05-19
2026-02-28,1,1035,24,672.96,2026-06-27
2026-02-28,1,1036,58,3725.92,2026-03-27
2026-02-28,1,1037,46,1726.38,2026-07-12
2026-02-28,1,1038,48,1951.68,2027-02-06
2026-02-28,1,1039,28,2037.0,2026-11-20
2026-02-28,1,1040,42,1189.02,2026-10-03
2026-02-28,1,1041,19,1358.5,2027-03-11
2026-02-28,1,1042,30,295.2,2027-02-01
2026-02-28,1,1043,77,4725.49,2026-12-23
2026-02-28,1,1044,78,3735.42,2026-11-07
2026-02-28,1,1045,24,895.92,2026-11-10
2026-02-28,1,1046,34,1849.6,2026-12-05
2026-02-28,1,1047,40,1506.0,2027-01-17
2026-02-28,1,1048,33,937.2,2027-03-17
2026-02-28,1,1049,51,3060.0,2026-06-24
2026-02-28,1,1050,29,1927.63,2026-03-26
2026-02-28,1,1051,47,3000.48,2026-09-17
2026-02-28,1,1052,38,1721.02,2026-09-16
2026-02-28,1,1053,31,903.34,2026-12-17
2026-02-28,1,1054,15,592.35,2027-01-31
2026-02-28,1,1055,27,721.17,2026-05-21
2026-02-28,1,1056,54,1217.16,2026-06-11
2026-02-28,1,1057,43,2921.85,2027-03-21
2026-02-28,1,1058,47,1591.42,2026-09-29
2026-02-28,1,1059,39,1098.24,2026-10-08
2026-02-28,1,1060,18,767.88,2027-02-15
2026-02-28,2,1001,88,2552.0,2026-10-04
2026-02-28,2,1002,24,1267.68,2026-06-30
2026-02-28,2,1003,27,639.63,2026-12-16
2026-02-28,2,1004,51,1853.85,2026-06-03
2026-02-28,2,1005,49,3514.28,2026-11-20
2026-02-28,2,1006,49,2605.82,2027-04-20
2026-02-28,2,1007,56,4068.96,2027-03-08
2026-02-28,2,1008,64,1429.12,2027-01-29
2026-02-28,2,1009,62,2334.3,2026-07-31
2026-02-28,2,1010,26,687.7,2026-10-14
2026-02-28,2,1011,33,1912.68,2026-10-09
2026-02-28,2,1012,36,654.48,2026-06-19
2026-02-28,2,1013,43,710.79,2027-01-04
2026-02-28,2,1014,0,0.0,2026-10-07
2026-02-28,2,1015,31,1597.12,2026-04-05
2026-02-28,2,1016,16,1190.56,2026-03-27
2026-02-28,2,1017,54,2628.18,2026-05-31
2026-02-28,2,1018,51,469.71,2027-01-11
2026-02-28,2,1019,35,1222.2,2026-09-02
2026-02-28,2,1020,70,4496.8,2026-10-18
2026-02-28,2,1021,43,1592.29,2026-06-23
2026-02-28,2,1022,48,3022.08,2027-02-16
2026-02-28,2,1023,9,431.1,2026-12-23
2026-02-28,2,1024,11,524.15,2027-04-16
2026-02-28,2,1025,7,335.09,2027-03-01
2026-02-28,2,1026,36,322.56,2026-09-01
2026-02-28,2,1027,19,567.53,2026-05-18
2026-02-28,2,1028,56,2080.96,2026-06-30
2026-02-28,2,1029,55,1651.65,2027-04-02
2026-02-28,2,1030,80,3828.0,2027-04-08
2026-02-28,2,1031,66,1199.88,2026-03-27
2026-02-28,2,1032,12,335.4,2026-12-06
2026-02-28,2,1033,36,2241.36,2027-02-22
2026-02-28,2,1034,27,382.86,2026-10-14
2026-02-28,2,1035,18,504.72,2026-12-11
2026-02-28,2,1036,56,3597.44,2026-11-22
2026-02-28,2,1037,41,1538.73,2027-03-01
2026-02-28,2,1038,45,1829.7,2027-03-13
2026-02-28,2,1039,27,1964.25,2027-01-31
2026-02-28,2,1040,47,1330.57,2026-05-19
2026-02-28,2,1041,31,2216.5,2026-07-28
2026-02-28,2,1042,24,236.16,2026-08-25
2026-02-28,2,1043,67,4111.79,2026-08-13
2026-02-28,2,1044,25,1197.25,2026-11-13
2026-02-28,2,1045,31,1157.23,2027-04-01
2026-02-28,2,1046,76,4134.4,2026-09-17
2026-02-28,2,1047,55,2070.75,2027-01-10
2026-02-28,2,1048,47,1334.8,2026-08-13
2026-02-28,2,1049,55,3300.0,2026-08-05
2026-02-28,2,1050,20,1329.4,2026-11-18
2026-02-28,2,1051,13,829.92,2027-03-04
2026-02-28,2,1052,20,905.8,2027-03-05
2026-02-28,2,1053,26,757.64,2027-01-11
2026-02-28,2,1054,4,157.96,2026-12-11
2026-02-28,2,1055,26,694.46,2026-06-26
2026-02-28,2,1056,24,540.96,2026-07-08
2026-02-28,2,1057,39,2650.05,2027-04-03
2026-02-28,2,1058,51,1726.86,2026-10-27
2026-02-28,2,1059,40,1126.4,2026-07-05
2026-02-28,2,1060,30,1279.8,2026-11-25
2026-02-28,3,1001,31,899.0,2027-01-02
2026-02-28,3,1002,78,4119.96,2027-04-12
2026-02-28,3,1003,77,1824.13,2026-07-12
2026-02-28,3,1004,64,2326.4,2026-04-11
2026-02-28,3,1005,71,5092.12,2027-02-16
2026-02-28,3,1006,87,4626.66,2027-02-23
2026-02-28,3,1007,78,5667.48,2027-03-05
2026-02-28,3,1008,44,982.52,2027-01-20
2026-02-28,3,1009,81,3049.65,2027-01-05
2026-02-28,3,1010,0,0.0,2026-10-02
2026-02-28,3,1011,49,2840.04,2027-02-09
2026-02-28,3,1012,50,909.0,2027-03-18
2026-02-28,3,1013,92,1520.76,2027-01-08
2026-02-28,3,1014,87,586.38,2027-03-04
2026-02-28,3,1015,54,2782.08,2026-09-06
2026-02-28,3,1016,97,7217.77,2026-12-06
2026-02-28,3,1017,112,5451.04,2026-12-19
2026-02-28,3,1018,84,773.64,2026-12-15
2026-02-28,3,1019,63,2199.96,2027-01-07
2026-02-28,3,1020,42,2698.08,2026-09-25
2026-02-28,3,1021,62,2295.86,2026-07-08
2026-02-28,3,1022,41,2581.36,2027-02-18
2026-02-28,3,1023,74,3544.6,2026-03-29
2026-02-28,3,1024,55,2620.75,2026-07-20
2026-02-28,3,1025,44,2106.28,2026-08-02
2026-02-28,3,1026,74,663.04,2027-03-13
2026-02-28,3,1027,49,1463.63,2026-07-27
2026-02-28,3,1028,28,1040.48,2027-04-23
2026-02-28,3,1029,18,540.54,2026-10-11
2026-02-28,3,1030,47,2248.95,2027-02-09
2026-02-28,3,1031,78,1418.04,2026-04-04
2026-02-28,3,1032,64,1788.8,2027-02-15
2026-02-28,3,1033,47,2926.22,2026-05-10
2026-02-28,3,1034,44,623.92,2026-12-08
2026-02-28,3,1035,38,1065.52,2027-02-16
2026-02-28,3,1036,62,3982.88,2027-02-08
2026-02-28,3,1037,62,2326.86,2026-05-15
2026-02-28,3,1038,24,975.84,2026-12-29
2026-02-28,3,1039,71,5165.25,2026-04-13
2026-02-28,3,1040,62,1755.22,2027-03-23
2026-02-28,3,1041,64,4576.0,2026-07-24
2026-02-28,3,1042,27,265.68,2027-02-23
2026-02-28,3,1043,59,3620.83,2026-10-22
2026-02-28,3,1044,0,0.0,2026-11-19
2026-02-28,3,1045,34,1269.22,2026-03-26
2026-02-28,3,1046,41,2230.4,2026-04-25
2026-02-28,3,1047,71,2673.15,2026-05-12
2026-02-28,3,1048,81,2300.4,2026-04-13
2026-02-28,3,1049,46,2760.0,2026-09-11
2026-02-28,3,1050,44,2924.68,2026-11-23
2026-02-28,3,1051,18,1149.12,2026-04-28
2026-02-28,3,1052,18,815.22,2026-12-01
2026-02-28,3,1053,48,1398.72,2026-05-16
2026-02-28,3,1054,49,1935.01,2026-10-15
2026-02-28,3,1055,15,400.65,2027-01-16
2026-02-28,3,1056,26,586.04,2026-08-12
2026-02-28,3,1057,23,1562.85,2026-07-29
2026-02-28,3,1058,14,474.04,2026-10-29
2026-02-28,3,1059,11,309.76,2026-05-11
2026-02-28,3,1060,33,1407.78,2026-12-17
2026-02-28,4,1001,41,1189.0,2026-08-07
2026-02-28,4,1002,31,1637.42,2026-12-03
2026-02-28,4,1003,26,615.94,2026-06-09
2026-02-28,4,1004,68,2471.8,2027-02-20
2026-02-28,4,1005,46,3299.12,2026-05-07
2026-02-28,4,1006,65,3456.7,2026-09-10
2026-02-28,4,1007,72,5231.52,2026-04-13
2026-02-28,4,1008,16,357.28,2026-06-28
2026-02-28,4,1009,24,903.6,2027-01-15
2026-02-28,4,1010,48,1269.6,2026-12-07
2026-02-28,4,1011,0,0.0,2026-08-03
2026-02-28,4,1012,26,472.68,2027-02-20
2026-02-28,4,1013,29,479.37,2026-06-08
2026-02-28,4,1014,26,175.24,2026-09-14
2026-02-28,4,1015,26,1339.52,2027-01-08
2026-02-28,4,1016,24,1785.84,2026-03-29
2026-02-28,4,1017,48,2336.16,2026-10-09
2026-02-28,4,1018,29,267.09,2027-02-27
2026-02-28,4,1019,41,1431.72,2026-05-01
2026-02-28,4,1020,56,3597.44,2027-04-12
2026-02-28,4,1021,40,1481.2,2026-11-30
2026-02-28,4,1022,39,2455.44,2026-11-26
2026-02-28,4,1023,39,1868.1,2027-02-03
2026-02-28,4,1024,31,1477.15,2026-06-02
2026-02-28,4,1025,19,909.53,2026-11-22
2026-02-28,4,1026,41,367.36,2026-10-30
2026-02-28,4,1027,26,776.62,2027-03-04
2026-02-28,4,1028,72,2675.52,2026-09-09
2026-02-28,4,1029,34,1021.02,2027-01-24
2026-02-28,4,1030,34,1626.9,2027-02-03
2026-02-28,4,1031,14,254.52,2026-10-31
2026-02-28,4,1032,40,1118.0,2026-12-07
2026-02-28,4,1033,34,2116.84,2027-04-22
2026-02-28,4,1034,39,553.02,2026-06-16
2026-02-28,4,1035,59,1654.36,2026-03-31
2026-02-28,4,1036,44,2826.56,2026-04-22
2026-02-28,4,1037,65,2439.45,2026-09-01
2026-02-28,4,1038,16,650.56,2026-09-08
2026-02-28,4,1039,41,2982.75,2026-06-04
2026-02-28,4,1040,17,481.27,2027-04-18
2026-02-28,4,1041,62,4433.0,2026-08-25
2026-02-28,4,1042,52,511.68,2027-03-18
2026-02-28,4,1043,33,2025.21,2026-04-23
2026-02-28,4,1044,53,2538.17,2026-07-05
2026-02-28,4,1045,25,933.25,2026-11-29
2026-02-28,4,1046,52,2828.8,2027-04-06
2026-02-28,4,1047,22,828.3,2026-08-01
2026-02-28,4,1048,28,795.2,2027-03-10
2026-02-28,4,1049,74,4440.0,2026-06-03
2026-02-28,4,1050,27,1794.69,2026-07-27
2026-02-28,4,1051,19,1212.96,2026-09-05
2026-02-28,4,1052,38,1721.02,2026-08-06
2026-02-28,4,1053,19,553.66,2026-09-03
2026-02-28,4,1054,20,789.8,2026-11-02
2026-02-28,4,1055,27,721.17,2027-02-17
2026-02-28,4,1056,8,180.32,2026-05-17
2026-02-28,4,1057,24,1630.8,2027-03-24
2026-02-28,4,1058,29,981.94,2026-11-13
2026-02-28,4,1059,31,872.96,2026-09-23
2026-02-28,4,1060,29,1237.14,2026-08-19
2026-02-28,5,1001,46,1334.0,2026-06-03
2026-02-28,5,1002,29,1531.78,2027-04-15
2026-02-28,5,1003,52,1231.88,2026-09-26
2026-02-28,5,1004,19,690.65,2026-09-15
2026-02-28,5,1005,51,3657.72,2026-04-18
2026-02-28,5,1006,47,2499.46,2026-07-28
2026-02-28,5,1007,35,2543.1,2026-06-07
2026-02-28,5,1008,32,714.56,2026-11-05
2026-02-28,5,1009,31,1167.15,2026-09-12
2026-02-28,5,1010,68,1798.6,2027-02-04
2026-02-28,5,1011,29,1680.84,2026-11-14
2026-02-28,5,1012,46,836.28,2026-08-28
2026-02-28,5,1013,50,826.5,2026-05-12
2026-02-28,5,1014,87,586.38,2027-03-15
2026-02-28,5,1015,47,2421.44,2027-01-08
2026-02-28,5,1016,64,4762.24,2026-09-29
2026-02-28,5,1017,59,2871.53,2026-11-30
2026-02-28,5,1018,88,810.48,2026-07-22
2026-02-28,5,1019,46,1606.32,2026-12-24
2026-02-28,5,1020,42,2698.08,2027-03-14
2026-02-28,5,1021,0,0.0,2026-11-10
2026-02-28,5,1022,34,2140.64,2026-04-21
2026-02-28,5,1023,11,526.9,2026-04-23
2026-02-28,5,1024,44,2096.6,2026-12-09
2026-02-28,5,1025,0,0.0,2027-02-23
2026-02-28,5,1026,15,134.4,2026-08-20
2026-02-28,5,1027,31,925.97,2026-08-14
2026-02-28,5,1028,0,0.0,2027-02-02
2026-02-28,5,1029,0,0.0,2026-04-28
2026-02-28,5,1030,45,2153.25,2027-02-21
2026-02-28,5,1031,47,854.46,2026-07-03
2026-02-28,5,1032,16,447.2,2027-04-23
2026-02-28,5,1033,54,3362.04,2026-03-25
2026-02-28,5,1034,47,666.46,2026-12-16
2026-02-28,5,1035,44,1233.76,2026-04-04
2026-02-28,5,1036,15,963.6,2027-03-03
2026-02-28,5,1037,44,1651.32,2026-10-08
2026-02-28,5,1038,51,2073.66,2026-05-06
2026-02-28,5,1039,17,1236.75,2026-08-23
2026-02-28,5,1040,40,1132.4,2027-02-18
2026-02-28,5,1041,10,715.0,2026-06-09
2026-02-28,5,1042,20,196.8,2027-04-02
2026-02-28,5,1043,44,2700.28,2026-05-07
2026-02-28,5,1044,33,1580.37,2026-06-29
2026-02-28,5,1045,38,1418.54,2027-02-19
2026-02-28,5,1046,46,2502.4,2026-11-06
2026-02-28,5,1047,9,338.85,2026-04-10
2026-02-28,5,1048,19,539.6,2026-05-02
2026-02-28,5,1049,14,840.0,2026-05-05
2026-02-28,5,1050,14,930.58,2027-01-22
2026-02-28,5,1051,22,1404.48,2027-04-08
2026-02-28,5,1052,56,2536.24,2027-03-17
2026-02-28,5,1053,7,203.98,2026-11-06
2026-02-28,5,1054,28,1105.72,2027-01-25
2026-02-28,5,1055,14,373.94,2026-11-22
2026-02-28,5,1056,20,450.8,2026-05-03
2026-02-28,5,1057,34,2310.3,2026-08-06
2026-02-28,5,1058,31,1049.66,2026-10-12
2026-02-28,5,1059,23,647.68,2026-12-28
2026-02-28,5,1060,43,1834.38,2026-09-27
2026-02-28,6,1001,29,841.0,2026-10-11
2026-02-28,6,1002,26,1373.32,2026-05-24
2026-02-28,6,1003,70,1658.3,2027-04-07
2026-02-28,6,1004,32,1163.2,2027-03-17
2026-02-28,6,1005,17,1219.24,2026-09-08
2026-02-28,6,1006,32,1701.76,2026-09-01
2026-02-28,6,1007,30,2179.8,2027-01-20
2026-02-28,6,1008,23,513.59,2027-01-01
2026-02-28,6,1009,66,2484.9,2026-10-19
2026-02-28,6,1010,27,714.15,2026-04-19
2026-02-28,6,1011,19,1101.24,2027-01-15
2026-02-28,6,1012,53,963.54,2027-03-22
2026-02-28,6,1013,33,545.49,2026-05-07
2026-02-28,6,1014,0,0.0,2026-08-04
2026-02-28,6,1015,27,1391.04,2027-02-19
2026-02-28,6,1016,54,4018.14,2026-07-01
2026-02-28,6,1017,71,3455.57,2026-04-01
2026-02-28,6,1018,41,377.61,2027-01-14
2026-02-28,6,1019,45,1571.4,2026-06-02
2026-02-28,6,1020,46,2955.04,2026-10-28
2026-02-28,6,1021,26,962.78,2026-11-18
2026-02-28,6,1022,52,3273.92,2026-09-01
2026-02-28,6,1023,40,1916.0,2026-07-30
2026-02-28,6,1024,40,1906.0,2027-03-17
2026-02-28,6,1025,66,3159.42,2026-09-09
2026-02-28,6,1026,34,304.64,2026-09-12
2026-02-28,6,1027,46,1374.02,2027-01-14
2026-02-28,6,1028,56,2080.96,2026-03-28
2026-02-28,6,1029,43,1291.29,2026-11-24
2026-02-28,6,1030,31,1483.35,2027-03-02
2026-02-28,6,1031,49,890.82,2026-12-04
2026-02-28,6,1032,5,139.75,2026-05-14
2026-02-28,6,1033,52,3237.52,2026-06-14
2026-02-28,6,1034,36,510.48,2026-10-10
2026-02-28,6,1035,0,0.0,2027-01-28
2026-02-28,6,1036,81,5203.44,2026-09-15
2026-02-28,6,1037,26,975.78,2026-06-03
2026-02-28,6,1038,63,2561.58,2026-10-18
2026-02-28,6,1039,27,1964.25,2026-05-28
2026-02-28,6,1040,56,1585.36,2027-01-01
2026-02-28,6,1041,22,1573.0,2026-08-03
2026-02-28,6,1042,36,354.24,2026-06-17
2026-02-28,6,1043,18,1104.66,2026-09-27
2026-02-28,6,1044,22,1053.58,2027-03-16
2026-02-28,6,1045,16,597.28,2026-05-03
2026-02-28,6,1046,9,489.6,2026-04-12
2026-02-28,6,1047,28,1054.2,2026-04-02
2026-02-28,6,1048,14,397.6,2026-12-04
2026-02-28,6,1049,57,3420.0,2027-04-15
2026-02-28,6,1050,34,2259.98,2027-03-14
2026-02-28,6,1051,12,766.08,2026-10-16
2026-02-28,6,1052,10,452.9,2027-03-02
2026-02-28,6,1053,18,524.52,2026-10-18
2026-02-28,6,1054,21,829.29,2026-03-30
2026-02-28,6,1055,32,854.72,2027-02-23
2026-02-28,6,1056,21,473.34,2026-03-31
2026-02-28,6,1057,30,2038.5,2026-09-09
2026-02-28,6,1058,31,1049.66,2026-05-26
2026-02-28,6,1059,10,281.6,2027-03-09
2026-02-28,6,1060,0,0.0,2026-08-24
2026-02-28,7,1001,36,1044.0,2026-09-17
2026-02-28,7,1002,36,1901.52,2026-06-25
2026-02-28,7,1003,53,1255.57,2027-04-13
2026-02-28,7,1004,41,1490.35,2026-12-03
2026-02-28,7,1005,48,3442.56,2026-11-30
2026-02-28,7,1006,44,2339.92,2026-10-01
2026-02-28,7,1007,41,2979.06,2026-11-25
2026-02-28,7,1008,33,736.89,2026-11-03
2026-02-28,7,1009,22,828.3,2027-04-23
2026-02-28,7,1010,24,634.8,2026-05-27
2026-02-28,7,1011,32,1854.72,2026-04-01
2026-02-28,7,1012,37,672.66,2026-07-09
2026-02-28,7,1013,18,297.54,2026-05-14
2026-02-28,7,1014,16,107.84,2026-06-03
2026-02-28,7,1015,47,2421.44,2026-05-07
2026-02-28,7,1016,67,4985.47,2026-06-14
2026-02-28,7,1017,22,1070.74,2027-04-14
2026-02-28,7,1018,40,368.4,2026-12-10
2026-02-28,7,1019,27,942.84,2027-01-29
2026-02-28,7,1020,27,1734.48,2026-04-17
2026-02-28,7,1021,55,2036.65,2026-08-08
2026-02-28,7,1022,13,818.48,2027-01-08
2026-02-28,7,1023,28,1341.2,2026-09-08
2026-02-28,7,1024,0,0.0,2026-12-06
2026-02-28,7,1025,40,1914.8,2027-02-14
2026-02-28,7,1026,34,304.64,2026-08-28
2026-02-28,7,1027,25,746.75,2026-12-21
2026-02-28,7,1028,4,148.64,2026-12-13
2026-02-28,7,1029,36,1081.08,2026-07-07
2026-02-28,7,1030,28,1339.8,2026-08-02
2026-02-28,7,1031,0,0.0,2026-09-27
2026-02-28,7,1032,15,419.25,2026-09-25
2026-02-28,7,1033,36,2241.36,2026-10-31
2026-02-28,7,1034,20,283.6,2026-09-27
2026-02-28,7,1035,43,1205.72,2026-08-23
2026-02-28,7,1036,26,1670.24,2026-09-03
2026-02-28,7,1037,10,375.3,2026-05-27
2026-02-28,7,1038,27,1097.82,2026-04-08
2026-02-28,7,1039,11,800.25,2026-12-21
2026-02-28,7,1040,29,820.99,2026-11-19
2026-02-28,7,1041,28,2002.0,2027-03-02
2026-02-28,7,1042,28,275.52,2026-09-10
2026-02-28,7,1043,15,920.55,2027-02-25
2026-02-28,7,1044,38,1819.82,2026-05-28
2026-02-28,7,1045,10,373.3,2026-11-26
2026-02-28,7,1046,51,2774.4,2026-11-01
2026-02-28,7,1047,41,1543.65,2026-11-19
2026-02-28,7,1048,24,681.6,2026-11-07
2026-02-28,7,1049,44,2640.0,2026-09-23
2026-02-28,7,1050,12,797.64,2027-01-10
2026-02-28,7,1051,22,1404.48,2027-03-12
2026-02-28,7,1052,29,1313.41,2026-05-15
2026-02-28,7,1053,19,553.66,2026-07-26
2026-02-28,7,1054,32,1263.68,2027-01-21
2026-02-28,7,1055,0,0.0,2026-04-29
2026-02-28,7,1056,0,0.0,2027-04-03
2026-02-28,7,1057,29,1970.55,2026-12-23
2026-02-28,7,1058,13,440.18,2026-06-07
2026-02-28,7,1059,11,309.76,2026-04-22
2026-02-28,7,1060,36,1535.76,2027-04-16
2026-02-28,8,1001,42,1218.0,2027-02-27
2026-02-28,8,1002,87,4595.34,2026-05-10
2026-02-28,8,1003,45,1066.05,2027-04-06
2026-02-28,8,1004,76,2762.6,2026-05-27
2026-02-28,8,1005,46,3299.12,2026-07-05
2026-02-28,8,1006,79,4201.22,2026-04-18
2026-02-28,8,1007,37,2688.42,2026-08-13
2026-02-28,8,1008,42,937.86,2026-08-22
2026-02-28,8,1009,55,2070.75,2026-12-23
2026-02-28,8,1010,42,1110.9,2026-06-09
2026-02-28,8,1011,48,2782.08,2026-05-26
2026-02-28,8,1012,71,1290.78,2026-09-28
2026-02-28,8,1013,45,743.85,2026-05-11
2026-02-28,8,1014,67,451.58,2026-04-14
2026-02-28,8,1015,56,2885.12,2027-02-21
2026-02-28,8,1016,27,2009.07,2026-11-10
2026-02-28,8,1017,63,3066.21,2027-01-02
2026-02-28,8,1018,94,865.74,2027-01-06
2026-02-28,8,1019,87,3038.04,2026-08-06
2026-02-28,8,1020,84,5396.16,2026-10-29
2026-02-28,8,1021,43,1592.29,2026-06-20
2026-02-28,8,1022,10,629.6,2026-08-18
2026-02-28,8,1023,47,2251.3,2026-04-13
2026-02-28,8,1024,47,2239.55,2027-04-09
2026-02-28,8,1025,11,526.57,2026-06-10
2026-02-28,8,1026,29,259.84,2026-06-29
2026-02-28,8,1027,63,1881.81,2026-09-03
2026-02-28,8,1028,53,1969.48,2026-06-03
2026-02-28,8,1029,0,0.0,2026-08-03
2026-02-28,8,1030,16,765.6,2026-03-30
2026-02-28,8,1031,39,709.02,2026-04-09
2026-02-28,8,1032,19,531.05,2026-09-14
2026-02-28,8,1033,0,0.0,2026-09-21
2026-02-28,8,1034,15,212.7,2026-07-23
2026-02-28,8,1035,0,0.0,2026-06-23
2026-02-28,8,1036,67,4304.08,2026-06-29
2026-02-28,8,1037,43,1613.79,2026-10-31
2026-02-28,8,1038,36,1463.76,2026-05-24
2026-02-28,8,1039,35,2546.25,2027-02-19
2026-02-28,8,1040,17,481.27,2026-05-06
2026-02-28,8,1041,19,1358.5,2026-06-10
2026-02-28,8,1042,42,413.28,2026-04-07
2026-02-28,8,1043,47,2884.39,2026-08-22
2026-02-28,8,1044,61,2921.29,2026-05-15
2026-02-28,8,1045,63,2351.79,2027-03-12
2026-02-28,8,1046,9,489.6,2026-09-29
2026-02-28,8,1047,36,1355.4,2027-03-14
2026-02-28,8,1048,57,1618.8,2026-04-22
2026-02-28,8,1049,76,4560.0,2026-12-30
2026-02-28,8,1050,22,1462.34,2026-08-20
2026-02-28,8,1051,25,1596.0,2027-02-18
2026-02-28,8,1052,26,1177.54,2026-10-03
2026-02-28,8,1053,26,757.64,2026-11-09
2026-02-28,8,1054,13,513.37,2027-03-14
2026-02-28,8,1055,32,854.72,2027-02-17
2026-02-28,8,1056,0,0.0,2027-04-04
2026-02-28,8,1057,19,1291.05,2027-03-30
2026-02-28,8,1058,18,609.48,2027-02-08
2026-02-28,8,1059,15,422.4,2027-04-14
2026-02-28,8,1060,16,682.56,2027-01-02
2026-03-31,1,1001,83,2407.0,2026-06-03
2026-03-31,1,1002,0,0.0,2027-01-12
2026-03-31,1,1003,50,1184.5,2026-12-03
2026-03-31,1,1004,15,545.25,2027-02-21
2026-03-31,1,1005,74,5307.28,2027-01-29
2026-03-31,1,1006,61,3243.98,2027-05-15
2026-03-31,1,1007,61,4432.26,2026-08-23
2026-03-31,1,1008,61,1362.13,2026-06-14
2026-03-31,1,1009,96,3614.4,2027-01-03
2026-03-31,1,1010,64,1692.8,2026-10-07
2026-03-31,1,1011,56,3245.76,2027-04-07
2026-03-31,1,1012,85,1545.3,2026-06-09
2026-03-31,1,1013,35,578.55,2027-03-17
2026-03-31,1,1014,79,532.46,2026-12-30
2026-03-31,1,1015,92,4739.84,2027-02-19
2026-03-31,1,1016,32,2381.12,2026-10-30
2026-03-31,1,1017,52,2530.84,2026-08-21
2026-03-31,1,1018,60,552.6,2026-10-22
2026-03-31,1,1019,48,1676.16,2027-02-01
2026-03-31,1,1020,67,4304.08,2026-09-28
2026-03-31,1,1021,33,1221.99,2026-12-03
2026-03-31,1,1022,35,2203.6,2026-06-30
2026-03-31,1,1023,33,1580.7,2026-12-17
2026-03-31,1,1024,23,1095.95,2026-12-21
2026-03-31,1,1025,55,2632.85,2026-12-21
2026-03-31,1,1026,27,241.92,2026-05-29
2026-03-31,1,1027,40,1194.8,2026-09-30
2026-03-31,1,1028,0,0.0,2026-09-21
2026-03-31,1,1029,19,570.57,2026-11-19
2026-03-31,1,1030,49,2344.65,2027-03-08
2026-03-31,1,1031,89,1618.02,2026-06-02
2026-03-31,1,1032,38,1062.1,2027-03-17
2026-03-31,1,1033,35,2179.1,2026-12-25
2026-03-31,1,1034,90,1276.2,2026-06-24
2026-03-31,1,1035,53,1486.12,2026-11-08
2026-03-31,1,1036,50,3212.0,2026-11-03
2026-03-31,1,1037,92,3452.76,2026-07-27
2026-03-31,1,1038,55,2236.3,2027-05-22
2026-03-31,1,1039,93,6765.75,2027-03-30
2026-03-31,1,1040,36,1019.16,2026-09-03
2026-03-31,1,1041,28,2002.0,2026-10-09
2026-03-31,1,1042,44,432.96,2026-12-03
2026-03-31,1,1043,17,1043.29,2026-05-18
2026-03-31,1,1044,42,2011.38,2026-09-15
2026-03-31,1,1045,33,1231.89,2027-02-14
2026-03-31,1,1046,23,1251.2,2027-05-02
2026-03-31,1,1047,21,790.65,2026-11-24
2026-03-31,1,1048,56,1590.4,2026-07-09
2026-03-31,1,1049,23,1380.0,2026-04-25
2026-03-31,1,1050,74,4918.78,2026-09-11
2026-03-31,1,1051,24,1532.16,2026-05-02
2026-03-31,1,1052,53,2400.37,2026-06-10
2026-03-31,1,1053,29,845.06,2027-02-08
2026-03-31,1,1054,19,750.31,2027-01-26
2026-03-31,1,1055,50,1335.5,2026-05-26
2026-03-31,1,1056,47,1059.38,2027-03-10
2026-03-31,1,1057,34,2310.3,2026-12-15
2026-03-31,1,1058,45,1523.7,2026-05-02
2026-03-31,1,1059,53,1492.48,2027-02-04
2026-03-31,1,1060,60,2559.6,2027-03-13
2026-03-31,2,1001,48,1392.0,2026-06-14
2026-03-31,2,1002,80,4225.6,2027-04-01
2026-03-31,2,1003,60,1421.4,2026-07-16
2026-03-31,2,1004,75,2726.25,2026-09-05
2026-03-31,2,1005,19,1362.68,2027-03-30
2026-03-31,2,1006,23,1223.14,2027-04-05
2026-03-31,2,1007,83,6030.78,2026-09-13
2026-03-31,2,1008,0,0.0,2027-04-16
2026-03-31,2,1009,25,941.25,2027-04-07
2026-03-31,2,1010,68,1798.6,2026-11-20
2026-03-31,2,1011,74,4289.04,2026-06-28
2026-03-31,2,1012,38,690.84,2026-05-04
2026-03-31,2,1013,79,1305.87,2026-09-08
2026-03-31,2,1014,31,208.94,2026-06-20
2026-03-31,2,1015,36,1854.72,2026-08-15
2026-03-31,2,1016,15,1116.15,2026-07-01
2026-03-31,2,1017,13,632.71,2026-09-14
2026-03-31,2,1018,88,810.48,2026-10-20
2026-03-31,2,1019,72,2514.24,2027-02-14
2026-03-31,2,1020,36,2312.64,2026-10-08
2026-03-31,2,1021,16,592.48,2026-07-10
2026-03-31,2,1022,48,3022.08,2026-07-26
2026-03-31,2,1023,20,958.0,2026-11-02
2026-03-31,2,1024,47,2239.55,2027-01-08
2026-03-31,2,1025,25,1196.75,2026-12-26
2026-03-31,2,1026,21,188.16,2026-12-22
2026-03-31,2,1027,35,1045.45,2027-01-25
2026-03-31,2,1028,28,1040.48,2027-03-07
2026-03-31,2,1029,47,1411.41,2026-10-26
2026-03-31,2,1030,12,574.2,2027-02-07
2026-03-31,2,1031,36,654.48,2026-10-06
2026-03-31,2,1032,48,1341.6,2026-06-22
2026-03-31,2,1033,23,1431.98,2026-08-18
2026-03-31,2,1034,78,1106.04,2027-01-21
2026-03-31,2,1035,44,1233.76,2026-06-28
2026-03-31,2,1036,32,2055.68,2026-05-07
2026-03-31,2,1037,73,2739.69,2026-10-29
2026-03-31,2,1038,38,1545.08,2026-10-16
2026-03-31,2,1039,44,3201.0,2027-03-19
2026-03-31,2,1040,72,2038.32,2026-12-13
2026-03-31,2,1041,47,3360.5,2026-07-25
2026-03-31,2,1042,40,393.6,2026-09-19
2026-03-31,2,1043,37,2270.69,2027-05-09
2026-03-31,2,1044,66,3160.74,2027-02-09
2026-03-31,2,1045,59,2202.47,2027-04-02
2026-03-31,2,1046,30,1632.0,2026-10-18
2026-03-31,2,1047,48,1807.2,2026-06-06
2026-03-31,2,1048,6,170.4,2026-07-23
2026-03-31,2,1049,33,1980.0,2026-08-10
2026-03-31,2,1050,15,997.05,2026-04-25
2026-03-31,2,1051,54,3447.36,2027-04-20
2026-03-31,2,1052,62,2807.98,2026-09-24
2026-03-31,2,1053,31,903.34,2026-05-24
2026-03-31,2,1054,51,2013.99,2026-09-20
2026-03-31,2,1055,21,560.91,2026-05-15
2026-03-31,2,1056,43,969.22,2027-04-10
2026-03-31,2,1057,12,815.4,2026-11-26
2026-03-31,2,1058,36,1218.96,2026-05-07
2026-03-31,2,1059,34,957.44,2026-09-17
2026-03-31,2,1060,22,938.52,2027-01-24
2026-03-31,3,1001,24,696.0,2027-03-08
2026-03-31,3,1002,48,2535.36,2027-05-19
2026-03-31,3,1003,38,900.22,2027-02-12
2026-03-31,3,1004,67,2435.45,2026-08-26
2026-03-31,3,1005,30,2151.6,2026-07-01
2026-03-31,3,1006,63,3350.34,2026-05-04
2026-03-31,3,1007,72,5231.52,2027-05-22
2026-03-31,3,1008,67,1496.11,2026-06-18
2026-03-31,3,1009,39,1468.35,2026-10-04
2026-03-31,3,1010,39,1031.55,2027-04-16
2026-03-31,3,1011,28,1622.88,2027-04-18
2026-03-31,3,1012,41,745.38,2026-11-23
2026-03-31,3,1013,48,793.44,2027-03-27
2026-03-31,3,1014,80,539.2,2026-06-21
2026-03-31,3,1015,30,1545.6,2027-01-14
2026-03-31,3,1016,84,6250.44,2026-07-07
2026-03-31,3,1017,86,4185.62,2026-08-27
2026-03-31,3,1018,57,524.97,2026-07-11
2026-03-31,3,1019,57,1990.44,2027-03-07
2026-03-31,3,1020,28,1798.72,2026-05-12
2026-03-31,3,1021,29,1073.87,2027-05-01
2026-03-31,3,1022,62,3903.52,2026-05-27
2026-03-31,3,1023,78,3736.2,2026-04-26
2026-03-31,3,1024,74,3526.1,2027-02-27
2026-03-31,3,1025,35,1675.45,2027-05-07
2026-03-31,3,1026,92,824.32,2026-08-03
2026-03-31,3,1027,35,1045.45,2027-01-17
2026-03-31,3,1028,47,1746.52,2027-05-19
2026-03-31,3,1029,50,1501.5,2026-11-10
2026-03-31,3,1030,67,3205.95,2026-11-10
2026-03-31,3,1031,92,1672.56,2026-07-13
2026-03-31,3,1032,77,2152.15,2027-05-02
2026-03-31,3,1033,81,5043.06,2026-08-27
2026-03-31,3,1034,35,496.3,2027-03-28
2026-03-31,3,1035,62,1738.48,2027-03-26
2026-03-31,3,1036,23,1477.52,2026-10-17
2026-03-31,3,1037,102,3828.06,2026-10-09
2026-03-31,3,1038,46,1870.36,2026-10-24
2026-03-31,3,1039,44,3201.0,2026-05-14
2026-03-31,3,1040,59,1670.29,2027-01-19
2026-03-31,3,1041,46,3289.0,2026-06-16
2026-03-31,3,1042,53,521.52,2027-01-15
2026-03-31,3,1043,53,3252.61,2026-12-19
2026-03-31,3,1044,53,2538.17,2026-06-04
2026-03-31,3,1045,26,970.58,2026-07-20
2026-03-31,3,1046,52,2828.8,2027-04-12
2026-03-31,3,1047,50,1882.5,2026-12-10
2026-03-31,3,1048,40,1136.0,2026-12-11
2026-03-31,3,1049,22,1320.0,2026-10-23
2026-03-31,3,1050,33,2193.51,2026-10-23
2026-03-31,3,1051,12,766.08,2026-04-30
2026-03-31,3,1052,54,2445.66,2027-01-01
2026-03-31,3,1053,11,320.54,2026-09-05
2026-03-31,3,1054,51,2013.99,2027-05-22
2026-03-31,3,1055,29,774.59,2027-03-26
2026-03-31,3,1056,38,856.52,2027-05-24
2026-03-31,3,1057,62,4212.9,2026-08-18
2026-03-31,3,1058,37,1252.82,2026-06-27
2026-03-31,3,1059,26,732.16,2026-10-27
2026-03-31,3,1060,56,2388.96,2027-01-15
2026-03-31,4,1001,56,1624.0,2026-07-15
2026-03-31,4,1002,71,3750.22,2026-09-08
2026-03-31,4,1003,29,687.01,2027-01-30
2026-03-31,4,1004,37,1344.95,2026-07-25
2026-03-31,4,1005,45,3227.4,2026-11-02
2026-03-31,4,1006,0,0.0,2027-02-22
2026-03-31,4,1007,27,1961.82,2026-08-24
2026-03-31,4,1008,42,937.86,2026-09-09
2026-03-31,4,1009,30,1129.5,2027-03-03
2026-03-31,4,1010,42,1110.9,2026-06-11
2026-03-31,4,1011,56,3245.76,2027-01-29
2026-03-31,4,1012,68,1236.24,2027-03-29
2026-03-31,4,1013,40,661.2,2027-02-19
2026-03-31,4,1014,64,431.36,2026-12-18
2026-03-31,4,1015,14,721.28,2026-05-08
2026-03-31,4,1016,33,2455.53,2027-02-04
2026-03-31,4,1017,28,1362.76,2027-03-30
2026-03-31,4,1018,0,0.0,2027-01-15
2026-03-31,4,1019,22,768.24,2026-12-29
2026-03-31,4,1020,50,3212.0,2026-12-17
2026-03-31,4,1021,0,0.0,2026-12-30
2026-03-31,4,1022,35,2203.6,2026-07-19
2026-03-31,4,1023,41,1963.9,2027-01-17
2026-03-31,4,1024,0,0.0,2026-06-11
2026-03-31,4,1025,63,3015.81,2026-11-30
2026-03-31,4,1026,46,412.16,2026-04-30
2026-03-31,4,1027,16,477.92,2027-01-05
2026-03-31,4,1028,56,2080.96,2027-04-16
2026-03-31,4,1029,19,570.57,2026-07-13
2026-03-31,4,1030,35,1674.75,2027-02-16
2026-03-31,4,1031,0,0.0,2026-05-31
2026-03-31,4,1032,42,1173.9,2027-02-21
2026-03-31,4,1033,35,2179.1,2026-10-10
2026-03-31,4,1034,58,822.44,2026-05-12
2026-03-31,4,1035,48,1345.92,2026-04-26
2026-03-31,4,1036,52,3340.48,2027-04-25
2026-03-31,4,1037,42,1576.26,2026-10-17
2026-03-31,4,1038,65,2642.9,2026-06-27
2026-03-31,4,1039,49,3564.75,2026-08-14
2026-03-31,4,1040,44,1245.64,2027-03-18
2026-03-31,4,1041,30,2145.0,2027-04-23
2026-03-31,4,1042,32,314.88,2026-08-02
2026-03-31,4,1043,22,1350.14,2026-05-23
2026-03-31,4,1044,25,1197.25,2026-05-02
2026-03-31,4,1045,40,1493.2,2026-07-23
2026-03-31,4,1046,19,1033.6,2026-10-21
2026-03-31,4,1047,22,828.3,2026-07-16
2026-03-31,4,1048,21,596.4,2026-08-01
2026-03-31,4,1049,11,660.0,2026-05-12
2026-03-31,4,1050,28,1861.16,2026-07-08
2026-03-31,4,1051,43,2745.12,2026-05-04
2026-03-31,4,1052,30,1358.7,2026-04-26
2026-03-31,4,1053,22,641.08,2027-03-06
2026-03-31,4,1054,21,829.29,2027-02-05
2026-03-31,4,1055,16,427.36,2026-06-24
2026-03-31,4,1056,17,383.18,2026-07-31
2026-03-31,4,1057,42,2853.9,2026-06-09
2026-03-31,4,1058,31,1049.66,2026-10-30
2026-03-31,4,1059,9,253.44,2026-10-30
2026-03-31,4,1060,48,2047.68,2026-12-05
2026-03-31,5,1001,57,1653.0,2026-11-12
2026-03-31,5,1002,29,1531.78,2027-04-13
2026-03-31,5,1003,50,1184.5,2027-04-23
2026-03-31,5,1004,39,1417.65,2027-05-15
2026-03-31,5,1005,28,2008.16,2026-12-28
2026-03-31,5,1006,58,3084.44,2026-12-08
2026-03-31,5,1007,54,3923.64,2026-06-18
2026-03-31,5,1008,74,1652.42,2026-06-13
2026-03-31,5,1009,48,1807.2,2026-09-19
2026-03-31,5,1010,20,529.0,2027-04-11
2026-03-31,5,1011,48,2782.08,2026-12-02
2026-03-31,5,1012,47,854.46,2026-07-25
2026-03-31,5,1013,49,809.97,2027-05-13
2026-03-31,5,1014,39,262.86,2026-06-30
2026-03-31,5,1015,36,1854.72,2027-05-03
2026-03-31,5,1016,46,3422.86,2026-06-30
2026-03-31,5,1017,61,2968.87,2026-07-27
2026-03-31,5,1018,67,617.07,2027-05-02
2026-03-31,5,1019,25,873.0,2027-02-20
2026-03-31,5,1020,0,0.0,2026-07-14
2026-03-31,5,1021,53,1962.59,2026-11-05
2026-03-31,5,1022,39,2455.44,2027-05-01
2026-03-31,5,1023,26,1245.4,2026-09-04
2026-03-31,5,1024,37,1763.05,2027-04-25
2026-03-31,5,1025,20,957.4,2026-09-21
2026-03-31,5,1026,27,241.92,2027-01-30
2026-03-31,5,1027,47,1403.89,2026-09-27
2026-03-31,5,1028,22,817.52,2027-01-30
2026-03-31,5,1029,35,1051.05,2026-05-03
2026-03-31,5,1030,0,0.0,2027-01-21
2026-03-31,5,1031,83,1508.94,2026-09-27
2026-03-31,5,1032,33,922.35,2026-05-30
2026-03-31,5,1033,47,2926.22,2027-03-07
2026-03-31,5,1034,48,680.64,2027-01-13
2026-03-31,5,1035,74,2074.96,2026-12-16
2026-03-31,5,1036,15,963.6,2026-12-04
2026-03-31,5,1037,46,1726.38,2026-08-30
2026-03-31,5,1038,34,1382.44,2026-06-30
2026-03-31,5,1039,0,0.0,2027-05-10
2026-03-31,5,1040,29,820.99,2027-02-01
2026-03-31,5,1041,47,3360.5,2026-12-18
2026-03-31,5,1042,61,600.24,2026-11-19
2026-03-31,5,1043,17,1043.29,2026-12-22
2026-03-31,5,1044,47,2250.83,2026-10-12
2026-03-31,5,1045,28,1045.24,2026-12-10
2026-03-31,5,1046,28,1523.2,2026-08-22
2026-03-31,5,1047,33,1242.45,2027-04-15
2026-03-31,5,1048,43,1221.2,2026-11-15
2026-03-31,5,1049,36,2160.0,2027-02-02
2026-03-31,5,1050,36,2392.92,2026-08-20
2026-03-31,5,1051,25,1596.0,2027-01-04
2026-03-31,5,1052,21,951.09,2026-08-26
2026-03-31,5,1053,21,611.94,2026-06-20
2026-03-31,5,1054,30,1184.7,2026-06-28
2026-03-31,5,1055,36,961.56,2026-08-21
2026-03-31,5,1056,39,879.06,2026-05-20
2026-03-31,5,1057,12,815.4,2027-01-10
2026-03-31,5,1058,15,507.9,2027-03-18
2026-03-31,5,1059,11,309.76,2026-08-22
2026-03-31,5,1060,9,383.94,2026-08-19
2026-03-31,6,1001,59,1711.0,2027-05-13
2026-03-31,6,1002,63,3327.66,2026-09-27
2026-03-31,6,1003,49,1160.81,2026-05-05
2026-03-31,6,1004,54,1962.9,2026-05-30
2026-03-31,6,1005,40,2868.8,2026-08-01
2026-03-31,6,1006,50,2659.0,2026-10-18
2026-03-31,6,1007,40,2906.4,2026-05-18
2026-03-31,6,1008,49,1094.17,2027-02-20
2026-03-31,6,1009,39,1468.35,2026-07-03
2026-03-31,6,1010,27,714.15,2026-07-24
2026-03-31,6,1011,32,1854.72,2026-06-20
2026-03-31,6,1012,54,981.72,2026-09-03
2026-03-31,6,1013,65,1074.45,2026-08-06
2026-03-31,6,1014,31,208.94,2026-09-23
2026-03-31,6,1015,29,1494.08,2027-02-14
2026-03-31,6,1016,24,1785.84,2026-10-14
2026-03-31,6,1017,24,1168.08,2026-05-31
2026-03-31,6,1018,26,239.46,2026-08-28
2026-03-31,6,1019,44,1536.48,2027-03-26
2026-03-31,6,1020,46,2955.04,2027-01-18
2026-03-31,6,1021,22,814.66,2026-12-03
2026-03-31,6,1022,20,1259.2,2026-12-22
2026-03-31,6,1023,6,287.4,2026-11-04
2026-03-31,6,1024,17,810.05,2026-12-18
2026-03-31,6,1025,33,1579.71,2027-05-20
2026-03-31,6,1026,16,143.36,2026-09-28
2026-03-31,6,1027,17,507.79,2027-01-31
2026-03-31,6,1028,18,668.88,2026-09-20
2026-03-31,6,1029,37,1111.11,2026-12-24
2026-03-31,6,1030,14,669.9,2026-10-02
2026-03-31,6,1031,34,618.12,2026-07-31
2026-03-31,6,1032,23,642.85,2026-08-12
2026-03-31,6,1033,50,3113.0,2026-06-13
2026-03-31,6,1034,31,439.58,2027-05-07
2026-03-31,6,1035,52,1458.08,2027-03-13
2026-03-31,6,1036,56,3597.44,2027-04-02
2026-03-31,6,1037,54,2026.62,2027-02-14
2026-03-31,6,1038,37,1504.42,2027-01-16
2026-03-31,6,1039,34,2473.5,2027-01-13
2026-03-31,6,1040,48,1358.88,2026-12-18
2026-03-31,6,1041,35,2502.5,2027-05-13
2026-03-31,6,1042,21,206.64,2026-12-18
2026-03-31,6,1043,27,1656.99,2026-11-12
2026-03-31,6,1044,77,3687.53,2026-11-21
2026-03-31,6,1045,8,298.64,2027-05-12
2026-03-31,6,1046,37,2012.8,2027-05-18
2026-03-31,6,1047,56,2108.4,2027-04-29
2026-03-31,6,1048,48,1363.2,2027-03-19
2026-03-31,6,1049,53,3180.0,2026-11-01
2026-03-31,6,1050,23,1528.81,2026-10-10
2026-03-31,6,1051,11,702.24,2027-02-23
2026-03-31,6,1052,36,1630.44,2026-07-06
2026-03-31,6,1053,37,1078.18,2026-05-24
2026-03-31,6,1054,24,947.76,2027-05-07
2026-03-31,6,1055,40,1068.4,2027-04-14
2026-03-31,6,1056,13,293.02,2027-05-05
2026-03-31,6,1057,26,1766.7,2026-11-19
2026-03-31,6,1058,27,914.22,2026-05-04
2026-03-31,6,1059,28,788.48,2026-12-04
2026-03-31,6,1060,41,1749.06,2027-04-11
2026-03-31,7,1001,30,870.0,2026-10-20
2026-03-31,7,1002,35,1848.7,2026-08-23
2026-03-31,7,1003,47,1113.43,2027-01-19
2026-03-31,7,1004,37,1344.95,2027-02-07
2026-03-31,7,1005,0,0.0,2027-01-24
2026-03-31,7,1006,32,1701.76,2026-05-21
2026-03-31,7,1007,40,2906.4,2027-05-08
2026-03-31,7,1008,24,535.92,2026-09-09
2026-03-31,7,1009,23,865.95,2026-07-08
2026-03-31,7,1010,25,661.25,2027-03-23
2026-03-31,7,1011,28,1622.88,2026-07-18
2026-03-31,7,1012,43,781.74,2027-04-16
2026-03-31,7,1013,18,297.54,2026-09-30
2026-03-31,7,1014,36,242.64,2027-05-09
2026-03-31,7,1015,37,1906.24,2026-10-30
2026-03-31,7,1016,22,1637.02,2026-08-22
2026-03-31,7,1017,0,0.0,2027-04-24
2026-03-31,7,1018,31,285.51,2026-10-15
2026-03-31,7,1019,33,1152.36,2026-12-30
2026-03-31,7,1020,26,1670.24,2027-03-11
2026-03-31,7,1021,26,962.78,2026-12-09
2026-03-31,7,1022,59,3714.64,2026-12-14
2026-03-31,7,1023,44,2107.6,2026-12-19
2026-03-31,7,1024,22,1048.3,2026-05-15
2026-03-31,7,1025,56,2680.72,2027-03-27
2026-03-31,7,1026,0,0.0,2026-06-03
2026-03-31,7,1027,58,1732.46,2027-04-19
2026-03-31,7,1028,20,743.2,2026-11-18
2026-03-31,7,1029,16,480.48,2027-03-08
2026-03-31,7,1030,52,2488.2,2026-11-03
2026-03-31,7,1031,32,581.76,2026-11-07
2026-03-31,7,1032,66,1844.7,2027-05-08
2026-03-31,7,1033,16,996.16,2027-01-07
2026-03-31,7,1034,47,666.46,2026-09-19
2026-03-31,7,1035,30,841.2,2026-11-12
2026-03-31,7,1036,41,2633.84,2026-11-13
2026-03-31,7,1037,23,863.19,2026-06-13
2026-03-31,7,1038,36,1463.76,2026-12-08
2026-03-31,7,1039,23,1673.25,2027-04-12
2026-03-31,7,1040,46,1302.26,2026-08-15
2026-03-31,7,1041,7,500.5,2026-08-09
2026-03-31,7,1042,22,216.48,2027-03-07
2026-03-31,7,1043,29,1779.73,2027-03-05
2026-03-31,7,1044,35,1676.15,2026-12-21
2026-03-31,7,1045,41,1530.53,2026-10-28
2026-03-31,7,1046,27,1468.8,2026-05-20
2026-03-31,7,1047,23,865.95,2027-02-28
2026-03-31,7,1048,27,766.8,2027-04-05
2026-03-31,7,1049,17,1020.0,2026-07-06
2026-03-31,7,1050,21,1395.87,2026-08-14
2026-03-31,7,1051,21,1340.64,2026-08-15
2026-03-31,7,1052,11,498.19,2026-06-13
2026-03-31,7,1053,26,757.64,2027-02-01
2026-03-31,7,1054,23,908.27,2026-10-31
2026-03-31,7,1055,5,133.55,2027-04-22
2026-03-31,7,1056,34,766.36,2026-04-27
2026-03-31,7,1057,20,1359.0,2026-12-07
2026-03-31,7,1058,15,507.9,2026-09-28
2026-03-31,7,1059,19,535.04,2026-06-12
2026-03-31,7,1060,18,767.88,2027-01-28
2026-03-31,8,1001,0,0.0,2026-07-07
2026-03-31,8,1002,57,3010.74,2026-11-30
2026-03-31,8,1003,100,2369.0,2027-01-12
2026-03-31,8,1004,91,3307.85,2026-10-18
2026-03-31,8,1005,43,3083.96,2026-07-14
2026-03-31,8,1006,60,3190.8,2027-01-16
2026-03-31,8,1007,79,5740.14,2026-09-03
2026-03-31,8,1008,99,2210.67,2026-05-14
2026-03-31,8,1009,69,2597.85,2026-12-08
2026-03-31,8,1010,86,2274.7,2026-05-22
2026-03-31,8,1011,60,3477.6,2026-06-08
2026-03-31,8,1012,64,1163.52,2026-11-01
2026-03-31,8,1013,92,1520.76,2026-09-18
2026-03-31,8,1014,50,337.0,2027-02-23
2026-03-31,8,1015,51,2627.52,2027-02-19
2026-03-31,8,1016,27,2009.07,2027-05-20
2026-03-31,8,1017,44,2141.48,2026-11-23
2026-03-31,8,1018,85,782.85,2026-10-24
2026-03-31,8,1019,39,1361.88,2026-12-28
2026-03-31,8,1020,85,5460.4,2026-09-23
2026-03-31,8,1021,52,1925.56,2026-10-27
2026-03-31,8,1022,40,2518.4,2027-04-25
2026-03-31,8,1023,23,1101.7,2026-09-18
2026-03-31,8,1024,45,2144.25,2026-06-10
2026-03-31,8,1025,13,622.31,2026-08-27
2026-03-31,8,1026,41,367.36,2026-09-15
2026-03-31,8,1027,40,1194.8,2026-09-08
2026-03-31,8,1028,46,1709.36,2026-10-08
2026-03-31,8,1029,34,1021.02,2026-12-19
2026-03-31,8,1030,24,1148.4,2026-05-08
2026-03-31,8,1031,74,1345.32,2026-10-24
2026-03-31,8,1032,68,1900.6,2026-12-02
2026-03-31,8,1033,50,3113.0,2027-04-04
2026-03-31,8,1034,17,241.06,2027-02-10
2026-03-31,8,1035,53,1486.12,2026-11-28
2026-03-31,8,1036,16,1027.84,2027-05-16
2026-03-31,8,1037,41,1538.73,2026-05-27
2026-03-31,8,1038,77,3130.82,2027-05-15
2026-03-31,8,1039,22,1600.5,2026-07-31
2026-03-31,8,1040,0,0.0,2026-04-26
2026-03-31,8,1041,19,1358.5,2026-07-25
2026-03-31,8,1042,55,541.2,2027-03-05
2026-03-31,8,1043,0,0.0,2027-04-03
2026-03-31,8,1044,56,2681.84,2027-03-29
2026-03-31,8,1045,76,2837.08,2026-09-03
2026-03-31,8,1046,0,0.0,2026-07-18
2026-03-31,8,1047,0,0.0,2027-02-09
2026-03-31,8,1048,86,2442.4,2026-05-11
2026-03-31,8,1049,0,0.0,2026-07-25
2026-03-31,8,1050,35,2326.45,2026-12-22
2026-03-31,8,1051,22,1404.48,2027-03-19
2026-03-31,8,1052,46,2083.34,2026-04-27
2026-03-31,8,1053,14,407.96,2026-08-16
2026-03-31,8,1054,0,0.0,2026-05-09
2026-03-31,8,1055,16,427.36,2026-12-08
2026-03-31,8,1056,25,563.5,2026-10-14
2026-03-31,8,1057,17,1155.15,2027-02-07
2026-03-31,8,1058,33,1117.38,2027-02-02
2026-03-31,8,1059,33,929.28,2026-09-03
2026-03-31,8,1060,18,767.88,2026-05-21
2026-04-30,1,1001,32,928.0,2027-05-20
2026-04-30,1,1002,60,3169.2,2026-06-15
2026-04-30,1,1003,61,1445.09,2027-05-20
2026-04-30,1,1004,24,872.4,2026-06-06
2026-04-30,1,1005,47,3370.84,2027-04-27
2026-04-30,1,1006,38,2020.84,2026-07-24
2026-04-30,1,1007,45,3269.7,2027-04-04
2026-04-30,1,1008,105,2344.65,2027-04-26
2026-04-30,1,1009,98,3689.7,2026-07-20
2026-04-30,1,1010,33,872.85,2027-02-05
2026-04-30,1,1011,42,2434.32,2026-05-27
2026-04-30,1,1012,87,1581.66,2026-10-11
2026-04-30,1,1013,47,776.91,2026-06-13
2026-04-30,1,1014,51,343.74,2027-04-14
2026-04-30,1,1015,85,4379.2,2027-06-15
2026-04-30,1,1016,26,1934.66,2027-02-23
2026-04-30,1,1017,73,3552.91,2027-02-27
2026-04-30,1,1018,43,396.03,2027-05-30
2026-04-30,1,1019,56,1955.52,2027-06-03
2026-04-30,1,1020,37,2376.88,2027-02-13
2026-04-30,1,1021,46,1703.38,2027-03-17
2026-04-30,1,1022,41,2581.36,2026-09-24
2026-04-30,1,1023,63,3017.7,2027-06-16
2026-04-30,1,1024,41,1953.65,2027-03-10
2026-04-30,1,1025,28,1340.36,2027-03-06
2026-04-30,1,1026,64,573.44,2027-05-29
2026-04-30,1,1027,47,1403.89,2027-02-23
2026-04-30,1,1028,52,1932.32,2027-01-15
2026-04-30,1,1029,67,2012.01,2027-04-30
2026-04-30,1,1030,84,4019.4,2027-05-22
2026-04-30,1,1031,46,836.28,2026-08-15
2026-04-30,1,1032,104,2906.8,2026-07-27
2026-04-30,1,1033,61,3797.86,2026-10-03
2026-04-30,1,1034,60,850.8,2027-01-12
2026-04-30,1,1035,22,616.88,2027-02-26
2026-04-30,1,1036,75,4818.0,2026-12-17
2026-04-30,1,1037,97,3640.41,2027-02-28
2026-04-30,1,1038,25,1016.5,2027-06-06
2026-04-30,1,1039,43,3128.25,2026-10-19
2026-04-30,1,1040,28,792.68,2026-10-04
2026-04-30,1,1041,71,5076.5,2027-01-12
2026-04-30,1,1042,69,678.96,2026-10-21
2026-04-30,1,1043,27,1656.99,2026-08-04
2026-04-30,1,1044,10,478.9,2026-11-30
2026-04-30,1,1045,42,1567.86,2026-08-11
2026-04-30,1,1046,0,0.0,2027-02-25
2026-04-30,1,1047,49,1844.85,2026-11-19
2026-04-30,1,1048,34,965.6,2027-06-16
2026-04-30,1,1049,21,1260.0,2026-11-28
2026-04-30,1,1050,46,3057.62,2026-09-01
2026-04-30,1,1051,37,2362.08,2026-07-12
2026-04-30,1,1052,21,951.09,2026-12-24
2026-04-30,1,1053,46,1340.44,2026-06-23
2026-04-30,1,1054,17,671.33,2027-06-11
2026-04-30,1,1055,28,747.88,2027-03-27
2026-04-30,1,1056,7,157.78,2026-10-31
2026-04-30,1,1057,21,1426.95,2026-05-28
2026-04-30,1,1058,28,948.08,2026-12-03
2026-04-30,1,1059,18,506.88,2026-09-28
2026-04-30,1,1060,62,2644.92,2027-05-20
2026-04-30,2,1001,30,870.0,2027-01-17
2026-04-30,2,1002,53,2799.46,2027-02-18
2026-04-30,2,1003,65,1539.85,2026-10-13
2026-04-30,2,1004,34,1235.9,2026-11-03
2026-04-30,2,1005,19,1362.68,2026-08-15
2026-04-30,2,1006,73,3882.14,2027-01-03
2026-04-30,2,1007,85,6176.1,2026-08-18
2026-04-30,2,1008,72,1607.76,2027-01-02
2026-04-30,2,1009,51,1920.15,2027-04-12
2026-04-30,2,1010,57,1507.65,2026-07-07
2026-04-30,2,1011,50,2898.0,2026-10-06
2026-04-30,2,1012,73,1327.14,2026-10-09
2026-04-30,2,1013,49,809.97,2027-03-09
2026-04-30,2,1014,31,208.94,2027-03-06
2026-04-30,2,1015,41,2112.32,2027-06-09
2026-04-30,2,1016,57,4241.37,2026-11-29
2026-04-30,2,1017,56,2725.52,2026-07-03
2026-04-30,2,1018,60,552.6,2026-08-02
2026-04-30,2,1019,49,1711.08,2027-06-06
2026-04-30,2,1020,35,2248.4,2027-04-08
2026-04-30,2,1021,19,703.57,2026-06-16
2026-04-30,2,1022,47,2959.12,2026-08-13
2026-04-30,2,1023,65,3113.5,2027-01-06
2026-04-30,2,1024,51,2430.15,2027-06-20
2026-04-30,2,1025,25,1196.75,2026-12-08
2026-04-30,2,1026,29,259.84,2026-12-25
2026-04-30,2,1027,47,1403.89,2027-03-16
2026-04-30,2,1028,19,706.04,2027-02-17
2026-04-30,2,1029,49,1471.47,2026-10-06
2026-04-30,2,1030,60,2871.0,2027-05-16
2026-04-30,2,1031,38,690.84,2026-10-01
2026-04-30,2,1032,34,950.3,2026-09-29
2026-04-30,2,1033,78,4856.28,2027-03-19
2026-04-30,2,1034,83,1176.94,2027-05-03
2026-04-30,2,1035,52,1458.08,2027-06-08
2026-04-30,2,1036,52,3340.48,2026-07-05
2026-04-30,2,1037,31,1163.43,2027-05-08
2026-04-30,2,1038,40,1626.4,2026-12-20
2026-04-30,2,1039,35,2546.25,2027-02-28
2026-04-30,2,1040,25,707.75,2027-04-28
2026-04-30,2,1041,25,1787.5,2026-12-13
2026-04-30,2,1042,57,560.88,2026-09-09
2026-04-30,2,1043,12,736.44,2027-06-08
2026-04-30,2,1044,23,1101.47,2027-05-05
2026-04-30,2,1045,21,783.93,2026-12-01
2026-04-30,2,1046,38,2067.2,2027-06-21
2026-04-30,2,1047,21,790.65,2026-09-14
2026-04-30,2,1048,9,255.6,2026-07-13
2026-04-30,2,1049,30,1800.0,2027-06-17
2026-04-30,2,1050,28,1861.16,2026-10-13
2026-04-30,2,1051,10,638.4,2026-07-24
2026-04-30,2,1052,13,588.77,2026-12-28
2026-04-30,2,1053,34,990.76,2026-09-03
2026-04-30,2,1054,0,0.0,2027-01-03
2026-04-30,2,1055,27,721.17,2026-10-15
2026-04-30,2,1056,27,608.58,2027-03-16
2026-04-30,2,1057,49,3329.55,2026-07-14
2026-04-30,2,1058,44,1489.84,2026-12-29
2026-04-30,2,1059,5,140.8,2026-12-13
2026-04-30,2,1060,26,1109.16,2027-02-07
2026-04-30,3,1001,34,986.0,2026-08-28
2026-04-30,3,1002,61,3222.02,2026-06-07
2026-04-30,3,1003,27,639.63,2026-09-15
2026-04-30,3,1004,28,1017.8,2027-06-10
2026-04-30,3,1005,58,4159.76,2027-02-27
2026-04-30,3,1006,84,4467.12,2027-01-08
2026-04-30,3,1007,75,5449.5,2026-08-16
2026-04-30,3,1008,63,1406.79,2027-04-06
2026-04-30,3,1009,30,1129.5,2026-10-29
2026-04-30,3,1010,51,1348.95,2027-02-11
2026-04-30,3,1011,34,1970.64,2027-04-25
2026-04-30,3,1012,39,709.02,2026-12-25
2026-04-30,3,1013,43,710.79,2027-05-15
2026-04-30,3,1014,79,532.46,2026-07-17
2026-04-30,3,1015,32,1648.64,2026-05-31
2026-04-30,3,1016,19,1413.79,2026-07-11
2026-04-30,3,1017,77,3747.59,2026-11-10
2026-04-30,3,1018,57,524.97,2027-03-26
2026-04-30,3,1019,19,663.48,2026-11-13
2026-04-30,3,1020,32,2055.68,2026-08-12
2026-04-30,3,1021,38,1407.14,2027-04-06
2026-04-30,3,1022,62,3903.52,2026-09-26
2026-04-30,3,1023,58,2778.2,2026-10-02
2026-04-30,3,1024,0,0.0,2026-09-05
2026-04-30,3,1025,39,1866.93,2027-02-18
2026-04-30,3,1026,27,241.92,2027-05-19
2026-04-30,3,1027,31,925.97,2027-04-01
2026-04-30,3,1028,35,1300.6,2027-04-01
2026-04-30,3,1029,51,1531.53,2026-07-22
2026-04-30,3,1030,58,2775.3,2027-03-01
2026-04-30,3,1031,76,1381.68,2026-07-20
2026-04-30,3,1032,56,1565.2,2026-09-02
2026-04-30,3,1033,36,2241.36,2026-08-23
2026-04-30,3,1034,0,0.0,2026-11-01
2026-04-30,3,1035,79,2215.16,2026-09-01
2026-04-30,3,1036,38,2441.12,2026-07-03
2026-04-30,3,1037,66,2476.98,2027-01-21
2026-04-30,3,1038,43,1748.38,2026-07-13
2026-04-30,3,1039,81,5892.75,2027-01-17
2026-04-30,3,1040,46,1302.26,2026-06-02
2026-04-30,3,1041,45,3217.5,2027-06-01
2026-04-30,3,1042,27,265.68,2026-11-10
2026-04-30,3,1043,44,2700.28,2026-11-05
2026-04-30,3,1044,52,2490.28,2027-05-06
2026-04-30,3,1045,30,1119.9,2027-02-10
2026-04-30,3,1046,19,1033.6,2027-04-04
2026-04-30,3,1047,47,1769.55,2027-01-20
2026-04-30,3,1048,20,568.0,2026-11-30
2026-04-30,3,1049,26,1560.0,2026-08-03
2026-04-30,3,1050,25,1661.75,2026-09-23
2026-04-30,3,1051,20,1276.8,2026-05-30
2026-04-30,3,1052,20,905.8,2027-01-06
2026-04-30,3,1053,18,524.52,2027-04-21
2026-04-30,3,1054,29,1145.21,2026-11-28
2026-04-30,3,1055,27,721.17,2027-01-23
2026-04-30,3,1056,36,811.44,2026-08-02
2026-04-30,3,1057,35,2378.25,2026-12-24
2026-04-30,3,1058,3,101.58,2026-06-23
2026-04-30,3,1059,49,1379.84,2026-08-10
2026-04-30,3,1060,40,1706.4,2027-03-01
2026-04-30,4,1001,70,2030.0,2026-10-20
2026-04-30,4,1002,42,2218.44,2027-03-22
2026-04-30,4,1003,29,687.01,2026-07-12
2026-04-30,4,1004,54,1962.9,2026-10-23
2026-04-30,4,1005,59,4231.48,2026-10-25
2026-04-30,4,1006,55,2924.9,2027-04-18
2026-04-30,4,1007,34,2470.44,2026-06-27
2026-04-30,4,1008,95,2121.35,2027-04-19
2026-04-30,4,1009,73,2748.45,2027-01-31
2026-04-30,4,1010,47,1243.15,2026-07-14
2026-04-30,4,1011,26,1506.96,2026-05-26
2026-04-30,4,1012,37,672.66,2027-06-16
2026-04-30,4,1013,73,1206.69,2026-07-30
2026-04-30,4,1014,54,363.96,2026-06-01
2026-04-30,4,1015,61,3142.72,2026-12-07
2026-04-30,4,1016,65,4836.65,2026-08-24
2026-04-30,4,1017,54,2628.18,2026-08-20
2026-04-30,4,1018,40,368.4,2026-06-21
2026-04-30,4,1019,61,2130.12,2026-12-10
2026-04-30,4,1020,67,4304.08,2027-02-17
2026-04-30,4,1021,15,555.45,2027-03-21
2026-04-30,4,1022,13,818.48,2026-11-20
2026-04-30,4,1023,19,910.1,2027-02-23
2026-04-30,4,1024,69,3287.85,2027-02-20
2026-04-30,4,1025,43,2058.41,2026-06-14
2026-04-30,4,1026,44,394.24,2026-06-10
2026-04-30,4,1027,35,1045.45,2026-06-05
2026-04-30,4,1028,54,2006.64,2027-05-30
2026-04-30,4,1029,23,690.69,2027-03-05
2026-04-30,4,1030,59,2823.15,2027-04-05
2026-04-30,4,1031,30,545.4,2027-03-20
2026-04-30,4,1032,23,642.85,2026-11-24
2026-04-30,4,1033,25,1556.5,2026-11-07
2026-04-30,4,1034,30,425.4,2026-11-23
2026-04-30,4,1035,67,1878.68,2027-03-24
2026-04-30,4,1036,38,2441.12,2026-11-20
2026-04-30,4,1037,51,1914.03,2027-01-11
2026-04-30,4,1038,19,772.54,2026-11-18
2026-04-30,4,1039,56,4074.0,2026-09-19
2026-04-30,4,1040,22,622.82,2026-10-05
2026-04-30,4,1041,44,3146.0,2027-01-27
2026-04-30,4,1042,32,314.88,2026-08-15
2026-04-30,4,1043,24,1472.88,2026-12-26
2026-04-30,4,1044,40,1915.6,2027-06-07
2026-04-30,4,1045,48,1791.84,2027-02-05
2026-04-30,4,1046,42,2284.8,2027-03-01
2026-04-30,4,1047,46,1731.9,2026-07-26
2026-04-30,4,1048,54,1533.6,2026-09-12
2026-04-30,4,1049,22,1320.0,2026-08-27
2026-04-30,4,1050,40,2658.8,2027-05-06
2026-04-30,4,1051,11,702.24,2026-07-19
2026-04-30,4,1052,20,905.8,2026-06-09
2026-04-30,4,1053,19,553.66,2027-05-02
2026-04-30,4,1054,18,710.82,2027-04-12
2026-04-30,4,1055,12,320.52,2027-05-21
2026-04-30,4,1056,6,135.24,2027-02-19
2026-04-30,4,1057,17,1155.15,2027-01-02
2026-04-30,4,1058,23,778.78,2026-06-05
2026-04-30,4,1059,6,168.96,2027-04-18
2026-04-30,4,1060,41,1749.06,2027-01-20
2026-04-30,5,1001,58,1682.0,2027-06-23
2026-04-30,5,1002,30,1584.6,2027-03-01
2026-04-30,5,1003,65,1539.85,2027-01-02
2026-04-30,5,1004,0,0.0,2026-06-06
2026-04-30,5,1005,71,5092.12,2026-11-19
2026-04-30,5,1006,41,2180.38,2026-11-01
2026-04-30,5,1007,44,3197.04,2026-09-24
2026-04-30,5,1008,51,1138.83,2027-02-24
2026-04-30,5,1009,25,941.25,2027-02-20
2026-04-30,5,1010,27,714.15,2027-03-06
2026-04-30,5,1011,0,0.0,2027-01-19
2026-04-30,5,1012,20,363.6,2026-08-16
2026-04-30,5,1013,20,330.6,2026-06-30
2026-04-30,5,1014,49,330.26,2026-09-23
2026-04-30,5,1015,36,1854.72,2026-08-13
2026-04-30,5,1016,66,4911.06,2027-05-20
2026-04-30,5,1017,36,1752.12,2027-05-18
2026-04-30,5,1018,62,571.02,2027-04-07
2026-04-30,5,1019,33,1152.36,2026-07-30
2026-04-30,5,1020,57,3661.68,2027-01-01
2026-04-30,5,1021,27,999.81,2026-11-26
2026-04-30,5,1022,13,818.48,2027-05-11
2026-04-30,5,1023,55,2634.5,2026-06-06
2026-04-30,5,1024,43,2048.95,2027-05-23
2026-04-30,5,1025,33,1579.71,2026-07-30
2026-04-30,5,1026,47,421.12,2026-09-25
2026-04-30,5,1027,62,1851.94,2027-04-12
2026-04-30,5,1028,41,1523.56,2026-07-12
2026-04-30,5,1029,27,810.81,2026-08-12
2026-04-30,5,1030,39,1866.15,2026-08-11
2026-04-30,5,1031,13,236.34,2027-02-04
2026-04-30,5,1032,21,586.95,2026-10-09
2026-04-30,5,1033,0,0.0,2026-10-13
2026-04-30,5,1034,0,0.0,2026-09-20
2026-04-30,5,1035,24,672.96,2026-07-31
2026-04-30,5,1036,31,1991.44,2027-05-13
2026-04-30,5,1037,45,1688.85,2027-06-11
2026-04-30,5,1038,86,3496.76,2027-02-06
2026-04-30,5,1039,17,1236.75,2027-01-19
2026-04-30,5,1040,35,990.85,2026-12-15
2026-04-30,5,1041,23,1644.5,2027-05-12
2026-04-30,5,1042,7,68.88,2027-05-31
2026-04-30,5,1043,27,1656.99,2026-09-29
2026-04-30,5,1044,51,2442.39,2026-08-05
2026-04-30,5,1045,9,335.97,2027-03-22
2026-04-30,5,1046,37,2012.8,2027-03-10
2026-04-30,5,1047,47,1769.55,2026-09-08
2026-04-30,5,1048,19,539.6,2026-10-16
2026-04-30,5,1049,25,1500.0,2027-01-18
2026-04-30,5,1050,49,3257.03,2026-07-08
2026-04-30,5,1051,10,638.4,2027-05-28
2026-04-30,5,1052,29,1313.41,2026-12-10
2026-04-30,5,1053,12,349.68,2026-12-24
2026-04-30,5,1054,10,394.9,2027-06-18
2026-04-30,5,1055,35,934.85,2026-09-22
2026-04-30,5,1056,26,586.04,2026-08-24
2026-04-30,5,1057,32,2174.4,2027-04-10
2026-04-30,5,1058,49,1659.14,2026-09-15
2026-04-30,5,1059,28,788.48,2026-05-28
2026-04-30,5,1060,13,554.58,2026-06-16
2026-04-30,6,1001,18,522.0,2027-02-17
2026-04-30,6,1002,25,1320.5,2027-03-26
2026-04-30,6,1003,62,1468.78,2026-10-14
2026-04-30,6,1004,69,2508.15,2026-09-09
2026-04-30,6,1005,27,1936.44,2026-06-13
2026-04-30,6,1006,42,2233.56,2026-12-31
2026-04-30,6,1007,45,3269.7,2026-11-08
2026-04-30,6,1008,72,1607.76,2027-04-26
2026-04-30,6,1009,42,1581.3,2026-11-20
2026-04-30,6,1010,58,1534.1,2026-12-15
2026-04-30,6,1011,36,2086.56,2027-02-20
2026-04-30,6,1012,51,927.18,2026-08-29
2026-04-30,6,1013,32,528.96,2026-12-16
2026-04-30,6,1014,62,417.88,2027-05-06
2026-04-30,6,1015,12,618.24,2026-10-09
2026-04-30,6,1016,72,5357.52,2027-05-23
2026-04-30,6,1017,38,1849.46,2026-07-03
2026-04-30,6,1018,30,276.3,2027-02-21
2026-04-30,6,1019,51,1780.92,2026-09-15
2026-04-30,6,1020,23,1477.52,2027-04-04
2026-04-30,6,1021,35,1296.05,2026-06-14
2026-04-30,6,1022,16,1007.36,2026-11-12
2026-04-30,6,1023,18,862.2,2027-05-24
2026-04-30,6,1024,10,476.5,2027-04-24
2026-04-30,6,1025,22,1053.14,2027-05-03
2026-04-30,6,1026,46,412.16,2027-02-15
2026-04-30,6,1027,35,1045.45,2026-06-11
2026-04-30,6,1028,28,1040.48,2026-06-05
2026-04-30,6,1029,47,1411.41,2026-08-01
2026-04-30,6,1030,37,1770.45,2026-06-15
2026-04-30,6,1031,32,581.76,2027-05-17
2026-04-30,6,1032,15,419.25,2027-01-28
2026-04-30,6,1033,55,3424.3,2026-12-16
2026-04-30,6,1034,82,1162.76,2026-07-18
2026-04-30,6,1035,49,1373.96,2026-06-11
2026-04-30,6,1036,42,2698.08,2026-09-22
2026-04-30,6,1037,27,1013.31,2027-01-31
2026-04-30,6,1038,41,1667.06,2027-02-08
2026-04-30,6,1039,43,3128.25,2026-06-29
2026-04-30,6,1040,43,1217.33,2026-09-26
2026-04-30,6,1041,54,3861.0,2027-04-25
2026-04-30,6,1042,46,452.64,2027-01-24
2026-04-30,6,1043,25,1534.25,2026-09-05
2026-04-30,6,1044,22,1053.58,2027-05-11
2026-04-30,6,1045,15,559.95,2026-06-12
2026-04-30,6,1046,15,816.0,2027-03-22
2026-04-30,6,1047,26,978.9,2027-06-20
2026-04-30,6,1048,23,653.2,2026-10-21
2026-04-30,6,1049,18,1080.0,2026-06-07
2026-04-30,6,1050,31,2060.57,2026-07-06
2026-04-30,6,1051,10,638.4,2027-05-09
2026-04-30,6,1052,39,1766.31,2026-08-07
2026-04-30,6,1053,22,641.08,2026-11-28
2026-04-30,6,1054,13,513.37,2026-09-24
2026-04-30,6,1055,20,534.2,2027-01-18
2026-04-30,6,1056,32,721.28,2026-11-26
2026-04-30,6,1057,33,2242.35,2027-01-22
2026-04-30,6,1058,15,507.9,2026-08-24
2026-04-30,6,1059,27,760.32,2026-08-10
2026-04-30,6,1060,33,1407.78,2026-10-16
2026-04-30,7,1001,36,1044.0,2026-05-25
2026-04-30,7,1002,18,950.76,2027-02-17
2026-04-30,7,1003,57,1350.33,2026-10-12
2026-04-30,7,1004,46,1672.1,2027-04-09
2026-04-30,7,1005,53,3801.16,2027-03-19
2026-04-30,7,1006,31,1648.58,2027-04-06
2026-04-30,7,1007,48,3487.68,2027-04-15
2026-04-30,7,1008,32,714.56,2026-07-26
2026-04-30,7,1009,33,1242.45,2026-09-05
2026-04-30,7,1010,39,1031.55,2026-09-30
2026-04-30,7,1011,22,1275.12,2027-03-31
2026-04-30,7,1012,22,399.96,2027-02-06
2026-04-30,7,1013,36,595.08,2026-06-29
2026-04-30,7,1014,37,249.38,2027-05-03
2026-04-30,7,1015,44,2266.88,2026-12-09
2026-04-30,7,1016,20,1488.2,2026-08-03
2026-04-30,7,1017,39,1898.13,2027-05-09
2026-04-30,7,1018,40,368.4,2027-05-19
2026-04-30,7,1019,26,907.92,2026-06-19
2026-04-30,7,1020,51,3276.24,2027-01-10
2026-04-30,7,1021,15,555.45,2027-06-13
2026-04-30,7,1022,0,0.0,2026-08-30
2026-04-30,7,1023,26,1245.4,2027-06-20
2026-04-30,7,1024,22,1048.3,2027-05-31
2026-04-30,7,1025,32,1531.84,2027-05-27
2026-04-30,7,1026,13,116.48,2026-11-23
2026-04-30,7,1027,42,1254.54,2027-02-20
2026-04-30,7,1028,13,483.08,2027-02-14
2026-04-30,7,1029,31,930.93,2026-07-31
2026-04-30,7,1030,60,2871.0,2027-04-03
2026-04-30,7,1031,40,727.2,2026-09-18
2026-04-30,7,1032,37,1034.15,2027-01-02
2026-04-30,7,1033,38,2365.88,2026-12-26
2026-04-30,7,1034,34,482.12,2027-04-29
2026-04-30,7,1035,28,785.12,2027-03-07
2026-04-30,7,1036,28,1798.72,2027-01-19
2026-04-30,7,1037,64,2401.92,2026-10-25
2026-04-30,7,1038,9,365.94,2026-12-11
2026-04-30,7,1039,37,2691.75,2027-05-04
2026-04-30,7,1040,36,1019.16,2027-04-07
2026-04-30,7,1041,13,929.5,2026-06-05
2026-04-30,7,1042,46,452.64,2026-09-19
2026-04-30,7,1043,26,1595.62,2027-02-20
2026-04-30,7,1044,0,0.0,2026-07-11
2026-04-30,7,1045,27,1007.91,2026-10-04
2026-04-30,7,1046,45,2448.0,2027-02-18
2026-04-30,7,1047,20,753.0,2026-10-25
2026-04-30,7,1048,49,1391.6,2026-11-11
2026-04-30,7,1049,28,1680.0,2027-06-19
2026-04-30,7,1050,37,2459.39,2027-02-25
2026-04-30,7,1051,0,0.0,2026-09-18
2026-04-30,7,1052,13,588.77,2027-03-17
2026-04-30,7,1053,17,495.38,2026-06-03
2026-04-30,7,1054,37,1461.13,2027-06-10
2026-04-30,7,1055,29,774.59,2026-06-08
2026-04-30,7,1056,30,676.2,2027-02-03
2026-04-30,7,1057,13,883.35,2026-06-29
2026-04-30,7,1058,9,304.74,2026-11-30
2026-04-30,7,1059,2,56.32,2026-12-23
2026-04-30,7,1060,7,298.62,2026-06-21
2026-04-30,8,1001,46,1334.0,2026-07-28
2026-04-30,8,1002,70,3697.4,2027-03-20
2026-04-30,8,1003,117,2771.73,2027-03-01
2026-04-30,8,1004,97,3525.95,2027-05-18
2026-04-30,8,1005,54,3872.88,2026-05-29
2026-04-30,8,1006,60,3190.8,2026-09-07
2026-04-30,8,1007,82,5958.12,2027-03-25
2026-04-30,8,1008,104,2322.32,2026-12-16
2026-04-30,8,1009,36,1355.4,2027-02-02
2026-04-30,8,1010,81,2142.45,2027-06-03
2026-04-30,8,1011,112,6491.52,2027-01-26
2026-04-30,8,1012,93,1690.74,2027-05-09
2026-04-30,8,1013,56,925.68,2027-02-14
2026-04-30,8,1014,76,512.24,2027-06-08
2026-04-30,8,1015,54,2782.08,2026-06-15
2026-04-30,8,1016,68,5059.88,2026-06-26
2026-04-30,8,1017,67,3260.89,2026-12-19
2026-04-30,8,1018,66,607.86,2027-02-24
2026-04-30,8,1019,46,1606.32,2026-07-12
2026-04-30,8,1020,88,5653.12,2026-07-04
2026-04-30,8,1021,35,1296.05,2026-07-31
2026-04-30,8,1022,69,4344.24,2026-10-28
2026-04-30,8,1023,18,862.2,2026-08-25
2026-04-30,8,1024,34,1620.1,2026-07-13
2026-04-30,8,1025,29,1388.23,2026-09-27
2026-04-30,8,1026,46,412.16,2027-04-19
2026-04-30,8,1027,0,0.0,2027-06-10
2026-04-30,8,1028,57,2118.12,2027-02-03
2026-04-30,8,1029,41,1231.23,2026-10-28
2026-04-30,8,1030,39,1866.15,2026-09-23
2026-04-30,8,1031,53,963.54,2026-06-12
2026-04-30,8,1032,0,0.0,2026-07-28
2026-04-30,8,1033,54,3362.04,2026-07-31
2026-04-30,8,1034,50,709.0,2027-02-02
2026-04-30,8,1035,68,1906.72,2026-08-31
2026-04-30,8,1036,46,2955.04,2027-05-26
2026-04-30,8,1037,57,2139.21,2026-08-02
2026-04-30,8,1038,23,935.18,2027-04-08
2026-04-30,8,1039,30,2182.5,2026-09-23
2026-04-30,8,1040,45,1273.95,2026-08-04
2026-04-30,8,1041,27,1930.5,2027-05-05
2026-04-30,8,1042,69,678.96,2026-08-25
2026-04-30,8,1043,36,2209.32,2027-03-29
2026-04-30,8,1044,66,3160.74,2027-05-29
2026-04-30,8,1045,36,1343.88,2026-06-13
2026-04-30,8,1046,11,598.4,2026-06-20
2026-04-30,8,1047,46,1731.9,2027-01-19
2026-04-30,8,1048,30,852.0,2026-09-12
2026-04-30,8,1049,76,4560.0,2026-10-25
2026-04-30,8,1050,36,2392.92,2027-05-25
2026-04-30,8,1051,39,2489.76,2026-06-12
2026-04-30,8,1052,7,317.03,2026-09-17
2026-04-30,8,1053,35,1019.9,2027-02-20
2026-04-30,8,1054,11,434.39,2026-11-12
2026-04-30,8,1055,52,1388.92,2026-10-23
2026-04-30,8,1056,49,1104.46,2026-12-30
2026-04-30,8,1057,11,747.45,2026-07-09
2026-04-30,8,1058,17,575.62,2026-06-19
2026-04-30,8,1059,20,563.2,2026-07-15
2026-04-30,8,1060,0,0.0,2026-08-07
2026-05-31,1,1001,34,986.0,2026-08-18
2026-05-31,1,1002,62,3274.84,2026-12-17
2026-05-31,1,1003,62,1468.78,2027-02-28
2026-05-31,1,1004,53,1926.55,2027-01-29
2026-05-31,1,1005,40,2868.8,2026-09-25
2026-05-31,1,1006,67,3563.06,2027-06-08
2026-05-31,1,1007,54,3923.64,2027-03-22
2026-05-31,1,1008,50,1116.5,2026-09-24
2026-05-31,1,1009,72,2710.8,2026-10-15
2026-05-31,1,1010,52,1375.4,2027-02-07
2026-05-31,1,1011,35,2028.6,2027-05-14
2026-05-31,1,1012,86,1563.48,2027-01-22
2026-05-31,1,1013,38,628.14,2027-04-04
2026-05-31,1,1014,48,323.52,2026-12-25
2026-05-31,1,1015,29,1494.08,2026-08-16
2026-05-31,1,1016,72,5357.52,2027-07-13
2026-05-31,1,1017,30,1460.1,2026-11-24
2026-05-31,1,1018,81,746.01,2026-08-15
2026-05-31,1,1019,34,1187.28,2026-07-06
2026-05-31,1,1020,77,4946.48,2026-10-11
2026-05-31,1,1021,57,2110.71,2027-07-08
2026-05-31,1,1022,43,2707.28,2027-04-27
2026-05-31,1,1023,99,4742.1,2027-02-07
2026-05-31,1,1024,0,0.0,2027-04-20
2026-05-31,1,1025,50,2393.5,2026-12-23
2026-05-31,1,1026,40,358.4,2027-02-28
2026-05-31,1,1027,71,2120.77,2027-02-24
2026-05-31,1,1028,65,2415.4,2027-01-28
2026-05-31,1,1029,64,1921.92,2027-04-25
2026-05-31,1,1030,77,3684.45,2026-10-28
2026-05-31,1,1031,51,927.18,2026-10-16
2026-05-31,1,1032,86,2403.7,2026-08-17
2026-05-31,1,1033,32,1992.32,2027-05-16
2026-05-31,1,1034,95,1347.1,2027-07-04
2026-05-31,1,1035,22,616.88,2027-06-22
2026-05-31,1,1036,39,2505.36,2026-07-13
2026-05-31,1,1037,45,1688.85,2026-07-09
2026-05-31,1,1038,88,3578.08,2027-04-12
2026-05-31,1,1039,63,4583.25,2027-07-21
2026-05-31,1,1040,39,1104.09,2027-02-13
2026-05-31,1,1041,0,0.0,2027-01-23
2026-05-31,1,1042,31,305.04,2027-05-18
2026-05-31,1,1043,33,2025.21,2026-12-06
2026-05-31,1,1044,29,1388.81,2026-09-11
2026-05-31,1,1045,24,895.92,2026-08-01
2026-05-31,1,1046,46,2502.4,2027-04-09
2026-05-31,1,1047,27,1016.55,2027-03-22
2026-05-31,1,1048,39,1107.6,2027-04-11
2026-05-31,1,1049,22,1320.0,2026-07-22
2026-05-31,1,1050,16,1063.52,2026-07-20
2026-05-31,1,1051,0,0.0,2026-11-30
2026-05-31,1,1052,29,1313.41,2026-11-18
2026-05-31,1,1053,49,1427.86,2027-04-02
2026-05-31,1,1054,32,1263.68,2027-03-22
2026-05-31,1,1055,25,667.75,2027-02-19
2026-05-31,1,1056,36,811.44,2027-03-30
2026-05-31,1,1057,42,2853.9,2026-08-12
2026-05-31,1,1058,37,1252.82,2027-03-04
2026-05-31,1,1059,25,704.0,2026-12-08
2026-05-31,1,1060,22,938.52,2027-03-01
2026-05-31,2,1001,32,928.0,2027-01-17
2026-05-31,2,1002,45,2376.9,2026-07-19
2026-05-31,2,1003,73,1729.37,2027-06-20
2026-05-31,2,1004,50,1817.5,2026-11-11
2026-05-31,2,1005,68,4876.96,2027-06-01
2026-05-31,2,1006,47,2499.46,2026-09-16
2026-05-31,2,1007,49,3560.34,2027-05-10
2026-05-31,2,1008,21,468.93,2027-05-10
2026-05-31,2,1009,27,1016.55,2027-07-21
2026-05-31,2,1010,27,714.15,2027-01-10
2026-05-31,2,1011,76,4404.96,2027-06-29
2026-05-31,2,1012,37,672.66,2026-07-08
2026-05-31,2,1013,25,413.25,2027-05-03
2026-05-31,2,1014,67,451.58,2026-09-26
2026-05-31,2,1015,62,3194.24,2026-11-03
2026-05-31,2,1016,57,4241.37,2026-10-11
2026-05-31,2,1017,34,1654.78,2026-11-12
2026-05-31,2,1018,63,580.23,2027-03-24
2026-05-31,2,1019,65,2269.8,2027-06-09
2026-05-31,2,1020,41,2633.84,2026-12-24
2026-05-31,2,1021,48,1777.44,2027-01-06
2026-05-31,2,1022,17,1070.32,2027-01-18
2026-05-31,2,1023,26,1245.4,2026-12-20
2026-05-31,2,1024,48,2287.2,2026-12-05
2026-05-31,2,1025,52,2489.24,2027-07-15
2026-05-31,2,1026,36,322.56,2027-07-05
2026-05-31,2,1027,43,1284.41,2026-07-01
2026-05-31,2,1028,41,1523.56,2026-10-09
2026-05-31,2,1029,23,690.69,2026-07-17
2026-05-31,2,1030,20,957.0,2026-10-16
2026-05-31,2,1031,55,999.9,2027-03-17
2026-05-31,2,1032,46,1285.7,2026-10-26
2026-05-31,2,1033,43,2677.18,2027-06-28
2026-05-31,2,1034,31,439.58,2026-10-08
2026-05-31,2,1035,0,0.0,2026-08-17
2026-05-31,2,1036,71,4561.04,2027-05-26
2026-05-31,2,1037,40,1501.2,2026-10-11
2026-05-31,2,1038,61,2480.26,2026-08-12
2026-05-31,2,1039,73,5310.75,2027-06-03
2026-05-31,2,1040,54,1528.74,2027-06-03
2026-05-31,2,1041,69,4933.5,2027-06-17
2026-05-31,2,1042,19,186.96,2026-11-07
2026-05-31,2,1043,46,2823.02,2027-05-06
2026-05-31,2,1044,32,1532.48,2027-03-18
2026-05-31,2,1045,23,858.59,2026-07-07
2026-05-31,2,1046,27,1468.8,2027-05-11
2026-05-31,2,1047,35,1317.75,2027-07-09
2026-05-31,2,1048,21,596.4,2027-06-06
2026-05-31,2,1049,25,1500.0,2026-11-10
2026-05-31,2,1050,35,2326.45,2027-05-10
2026-05-31,2,1051,33,2106.72,2026-09-28
2026-05-31,2,1052,22,996.38,2027-01-15
2026-05-31,2,1053,57,1660.98,2026-07-03
2026-05-31,2,1054,21,829.29,2026-09-04
2026-05-31,2,1055,9,240.39,2026-08-05
2026-05-31,2,1056,40,901.6,2027-07-05
2026-05-31,2,1057,28,1902.6,2027-04-07
2026-05-31,2,1058,30,1015.8,2026-07-03
2026-05-31,2,1059,9,253.44,2027-06-02
2026-05-31,2,1060,25,1066.5,2026-09-30
2026-05-31,3,1001,20,580.0,2027-07-01
2026-05-31,3,1002,64,3380.48,2027-06-09
2026-05-31,3,1003,49,1160.81,2026-10-18
2026-05-31,3,1004,50,1817.5,2026-08-26
2026-05-31,3,1005,35,2510.2,2027-02-20
2026-05-31,3,1006,58,3084.44,2026-08-30
2026-05-31,3,1007,60,4359.6,2027-03-23
2026-05-31,3,1008,72,1607.76,2027-03-12
2026-05-31,3,1009,27,1016.55,2027-05-29
2026-05-31,3,1010,102,2697.9,2027-02-06
2026-05-31,3,1011,0,0.0,2027-02-13
2026-05-31,3,1012,43,781.74,2026-08-17
2026-05-31,3,1013,0,0.0,2027-02-06
2026-05-31,3,1014,67,451.58,2027-06-01
2026-05-31,3,1015,48,2472.96,2026-12-25
2026-05-31,3,1016,65,4836.65,2027-01-08
2026-05-31,3,1017,41,1995.47,2027-06-13
2026-05-31,3,1018,48,442.08,2026-08-29
2026-05-31,3,1019,85,2968.2,2027-03-01
2026-05-31,3,1020,102,6552.48,2027-02-11
2026-05-31,3,1021,52,1925.56,2026-07-31
2026-05-31,3,1022,23,1448.08,2027-03-15
2026-05-31,3,1023,21,1005.9,2026-09-15
2026-05-31,3,1024,40,1906.0,2026-08-07
2026-05-31,3,1025,38,1819.06,2027-02-27
2026-05-31,3,1026,35,313.6,2027-01-07
2026-05-31,3,1027,25,746.75,2027-05-30
2026-05-31,3,1028,38,1412.08,2027-06-02
2026-05-31,3,1029,33,990.99,2027-07-17
2026-05-31,3,1030,48,2296.8,2027-07-07
2026-05-31,3,1031,83,1508.94,2026-08-10
2026-05-31,3,1032,29,810.55,2027-03-22
2026-05-31,3,1033,37,2303.62,2027-04-05
2026-05-31,3,1034,38,538.84,2027-01-23
2026-05-31,3,1035,38,1065.52,2026-07-23
2026-05-31,3,1036,37,2376.88,2026-09-29
2026-05-31,3,1037,76,2852.28,2026-10-29
2026-05-31,3,1038,44,1789.04,2027-03-23
2026-05-31,3,1039,53,3855.75,2027-04-21
2026-05-31,3,1040,72,2038.32,2026-10-19
2026-05-31,3,1041,60,4290.0,2027-06-05
2026-05-31,3,1042,22,216.48,2027-02-27
2026-05-31,3,1043,49,3007.13,2027-04-12
2026-05-31,3,1044,29,1388.81,2027-07-17
2026-05-31,3,1045,31,1157.23,2027-05-01
2026-05-31,3,1046,34,1849.6,2026-07-26
2026-05-31,3,1047,44,1656.6,2027-07-18
2026-05-31,3,1048,24,681.6,2026-09-08
2026-05-31,3,1049,37,2220.0,2026-08-22
2026-05-31,3,1050,20,1329.4,2027-05-02
2026-05-31,3,1051,22,1404.48,2026-07-25
2026-05-31,3,1052,56,2536.24,2027-05-25
2026-05-31,3,1053,20,582.8,2026-09-22
2026-05-31,3,1054,20,789.8,2027-03-30
2026-05-31,3,1055,36,961.56,2026-12-20
2026-05-31,3,1056,48,1081.92,2026-11-16
2026-05-31,3,1057,36,2446.2,2027-05-10
2026-05-31,3,1058,23,778.78,2026-10-20
2026-05-31,3,1059,45,1267.2,2027-01-10
2026-05-31,3,1060,38,1621.08,2026-10-18
2026-05-31,4,1001,46,1334.0,2026-08-12
2026-05-31,4,1002,54,2852.28,2027-06-12
2026-05-31,4,1003,38,900.22,2027-01-07
2026-05-31,4,1004,41,1490.35,2026-11-04
2026-05-31,4,1005,34,2438.48,2026-08-07
2026-05-31,4,1006,52,2765.36,2027-02-15
2026-05-31,4,1007,30,2179.8,2027-03-11
2026-05-31,4,1008,49,1094.17,2027-06-01
2026-05-31,4,1009,35,1317.75,2027-06-28
2026-05-31,4,1010,13,343.85,2026-09-05
2026-05-31,4,1011,61,3535.56,2026-10-21
2026-05-31,4,1012,71,1290.78,2027-04-14
2026-05-31,4,1013,34,562.02,2027-01-05
2026-05-31,4,1014,71,478.54,2026-11-23
2026-05-31,4,1015,59,3039.68,2027-04-01
2026-05-31,4,1016,54,4018.14,2027-01-11
2026-05-31,4,1017,54,2628.18,2026-11-04
2026-05-31,4,1018,36,331.56,2027-01-07
2026-05-31,4,1019,46,1606.32,2026-09-16
2026-05-31,4,1020,38,2441.12,2026-10-20
2026-05-31,4,1021,40,1481.2,2026-11-06
2026-05-31,4,1022,35,2203.6,2027-01-01
2026-05-31,4,1023,33,1580.7,2027-06-29
2026-05-31,4,1024,29,1381.85,2026-07-06
2026-05-31,4,1025,35,1675.45,2027-05-05
2026-05-31,4,1026,35,313.6,2027-01-15
2026-05-31,4,1027,24,716.88,2027-01-23
2026-05-31,4,1028,14,520.24,2026-09-12
2026-05-31,4,1029,31,930.93,2026-11-12
2026-05-31,4,1030,34,1626.9,2027-07-20
2026-05-31,4,1031,34,618.12,2026-06-26
2026-05-31,4,1032,60,1677.0,2027-01-22
2026-05-31,4,1033,35,2179.1,2026-12-31
2026-05-31,4,1034,41,581.38,2027-01-13
2026-05-31,4,1035,42,1177.68,2026-07-09
2026-05-31,4,1036,0,0.0,2026-11-04
2026-05-31,4,1037,67,2514.51,2026-09-12
2026-05-31,4,1038,71,2886.86,2027-02-01
2026-05-31,4,1039,77,5601.75,2026-08-19
2026-05-31,4,1040,29,820.99,2026-07-17
2026-05-31,4,1041,32,2288.0,2026-10-28
2026-05-31,4,1042,57,560.88,2027-04-16
2026-05-31,4,1043,0,0.0,2026-08-22
2026-05-31,4,1044,15,718.35,2027-07-07
2026-05-31,4,1045,15,559.95,2026-11-29
2026-05-31,4,1046,39,2121.6,2027-02-11
2026-05-31,4,1047,29,1091.85,2027-01-16
2026-05-31,4,1048,40,1136.0,2026-07-23
2026-05-31,4,1049,21,1260.0,2027-07-12
2026-05-31,4,1050,23,1528.81,2026-10-22
2026-05-31,4,1051,0,0.0,2027-04-02
2026-05-31,4,1052,13,588.77,2026-12-27
2026-05-31,4,1053,19,553.66,2027-01-22
2026-05-31,4,1054,33,1303.17,2026-12-27
2026-05-31,4,1055,13,347.23,2026-09-24
2026-05-31,4,1056,30,676.2,2027-01-10
2026-05-31,4,1057,7,475.65,2027-02-06
2026-05-31,4,1058,14,474.04,2027-06-17
2026-05-31,4,1059,19,535.04,2027-01-23
2026-05-31,4,1060,16,682.56,2027-01-22
2026-05-31,5,1001,64,1856.0,2026-12-11
2026-05-31,5,1002,30,1584.6,2026-07-12
2026-05-31,5,1003,80,1895.2,2027-02-25
2026-05-31,5,1004,99,3598.65,2027-06-28
2026-05-31,5,1005,53,3801.16,2027-03-28
2026-05-31,5,1006,48,2552.64,2027-05-09
2026-05-31,5,1007,63,4577.58,2026-12-15
2026-05-31,5,1008,78,1741.74,2027-01-26
2026-05-31,5,1009,17,640.05,2027-06-07
2026-05-31,5,1010,20,529.0,2026-09-06
2026-05-31,5,1011,39,2260.44,2027-01-26
2026-05-31,5,1012,33,599.94,2027-02-27
2026-05-31,5,1013,44,727.32,2026-11-20
2026-05-31,5,1014,33,222.42,2026-11-29
2026-05-31,5,1015,29,1494.08,2026-12-19
2026-05-31,5,1016,39,2901.99,2027-05-24
2026-05-31,5,1017,70,3406.9,2027-06-04
2026-05-31,5,1018,77,709.17,2026-10-08
2026-05-31,5,1019,62,2165.04,2027-03-10
2026-05-31,5,1020,48,3083.52,2026-11-22
2026-05-31,5,1021,43,1592.29,2026-07-15
2026-05-31,5,1022,24,1511.04,2027-01-02
2026-05-31,5,1023,38,1820.2,2026-08-16
2026-05-31,5,1024,47,2239.55,2027-04-30
2026-05-31,5,1025,44,2106.28,2027-07-21
2026-05-31,5,1026,38,340.48,2026-08-31
2026-05-31,5,1027,23,687.01,2027-03-19
2026-05-31,5,1028,71,2638.36,2026-09-06
2026-05-31,5,1029,19,570.57,2026-07-02
2026-05-31,5,1030,42,2009.7,2027-02-07
2026-05-31,5,1031,50,909.0,2026-12-11
2026-05-31,5,1032,45,1257.75,2026-08-14
2026-05-31,5,1033,0,0.0,2026-11-04
2026-05-31,5,1034,60,850.8,2027-05-08
2026-05-31,5,1035,52,1458.08,2027-04-03
2026-05-31,5,1036,54,3468.96,2026-10-14
2026-05-31,5,1037,10,375.3,2027-01-28
2026-05-31,5,1038,72,2927.52,2027-02-23
2026-05-31,5,1039,14,1018.5,2027-01-07
2026-05-31,5,1040,50,1415.5,2027-02-21
2026-05-31,5,1041,45,3217.5,2027-01-13
2026-05-31,5,1042,8,78.72,2027-02-08
2026-05-31,5,1043,18,1104.66,2027-05-27
2026-05-31,5,1044,31,1484.59,2026-07-15
2026-05-31,5,1045,44,1642.52,2026-09-26
2026-05-31,5,1046,13,707.2,2026-07-31
2026-05-31,5,1047,9,338.85,2026-07-17
2026-05-31,5,1048,34,965.6,2026-10-09
2026-05-31,5,1049,54,3240.0,2027-07-19
2026-05-31,5,1050,19,1262.93,2027-06-01
2026-05-31,5,1051,44,2808.96,2027-07-04
2026-05-31,5,1052,49,2219.21,2027-01-13
2026-05-31,5,1053,43,1253.02,2027-07-18
2026-05-31,5,1054,11,434.39,2027-03-30
2026-05-31,5,1055,15,400.65,2027-02-02
2026-05-31,5,1056,37,833.98,2027-01-03
2026-05-31,5,1057,20,1359.0,2027-01-01
2026-05-31,5,1058,15,507.9,2026-11-15
2026-05-31,5,1059,4,112.64,2027-06-12
2026-05-31,5,1060,16,682.56,2026-08-11
2026-05-31,6,1001,72,2088.0,2027-02-07
2026-05-31,6,1002,44,2324.08,2026-07-31
2026-05-31,6,1003,29,687.01,2026-11-04
2026-05-31,6,1004,53,1926.55,2026-08-30
2026-05-31,6,1005,42,3012.24,2026-12-06
2026-05-31,6,1006,51,2712.18,2026-07-10
2026-05-31,6,1007,34,2470.44,2027-04-12
2026-05-31,6,1008,31,692.23,2026-12-28
2026-05-31,6,1009,30,1129.5,2026-10-11
2026-05-31,6,1010,54,1428.3,2026-07-04
2026-05-31,6,1011,33,1912.68,2027-04-15
2026-05-31,6,1012,26,472.68,2027-06-10
2026-05-31,6,1013,27,446.31,2026-08-01
2026-05-31,6,1014,15,101.1,2027-03-14
2026-05-31,6,1015,44,2266.88,2026-11-02
2026-05-31,6,1016,63,4687.83,2027-04-24
2026-05-31,6,1017,66,3212.22,2026-09-30
2026-05-31,6,1018,63,580.23,2026-09-28
2026-05-31,6,1019,34,1187.28,2027-05-11
2026-05-31,6,1020,0,0.0,2027-07-20
2026-05-31,6,1021,56,2073.68,2027-07-24
2026-05-31,6,1022,38,2392.48,2026-08-09
2026-05-31,6,1023,58,2778.2,2027-04-29
2026-05-31,6,1024,39,1858.35,2026-07-28
2026-05-31,6,1025,66,3159.42,2027-05-01
2026-05-31,6,1026,31,277.76,2026-10-09
2026-05-31,6,1027,25,746.75,2027-06-19
2026-05-31,6,1028,19,706.04,2026-08-01
2026-05-31,6,1029,24,720.72,2026-11-30
2026-05-31,6,1030,73,3493.05,2027-06-21
2026-05-31,6,1031,74,1345.32,2027-03-08
2026-05-31,6,1032,34,950.3,2026-12-26
2026-05-31,6,1033,40,2490.4,2027-05-02
2026-05-31,6,1034,10,141.8,2026-07-18
2026-05-31,6,1035,15,420.6,2027-03-23
2026-05-31,6,1036,54,3468.96,2026-10-01
2026-05-31,6,1037,24,900.72,2026-11-01
2026-05-31,6,1038,27,1097.82,2027-06-24
2026-05-31,6,1039,58,4219.5,2027-04-17
2026-05-31,6,1040,48,1358.88,2026-11-21
2026-05-31,6,1041,45,3217.5,2027-07-04
2026-05-31,6,1042,18,177.12,2026-07-22
2026-05-31,6,1043,31,1902.47,2027-02-11
2026-05-31,6,1044,19,909.91,2027-07-02
2026-05-31,6,1045,59,2202.47,2026-12-21
2026-05-31,6,1046,55,2992.0,2027-03-12
2026-05-31,6,1047,20,753.0,2027-06-01
2026-05-31,6,1048,26,738.4,2026-07-15
2026-05-31,6,1049,44,2640.0,2026-10-07
2026-05-31,6,1050,37,2459.39,2026-12-02
2026-05-31,6,1051,21,1340.64,2026-12-13
2026-05-31,6,1052,27,1222.83,2027-05-31
2026-05-31,6,1053,35,1019.9,2027-03-07
2026-05-31,6,1054,26,1026.74,2026-09-07
2026-05-31,6,1055,24,641.04,2027-07-02
2026-05-31,6,1056,4,90.16,2026-08-09
2026-05-31,6,1057,28,1902.6,2027-07-08
2026-05-31,6,1058,30,1015.8,2027-06-22
2026-05-31,6,1059,21,591.36,2026-06-26
2026-05-31,6,1060,33,1407.78,2027-05-21
2026-05-31,7,1001,27,783.0,2026-11-18
2026-05-31,7,1002,62,3274.84,2027-05-20
2026-05-31,7,1003,32,758.08,2027-03-02
2026-05-31,7,1004,31,1126.85,2027-03-24
2026-05-31,7,1005,22,1577.84,2027-07-16
2026-05-31,7,1006,26,1382.68,2027-05-21
2026-05-31,7,1007,29,2107.14,2027-01-10
2026-05-31,7,1008,53,1183.49,2027-02-23
2026-05-31,7,1009,56,2108.4,2027-03-23
2026-05-31,7,1010,36,952.2,2027-03-30
2026-05-31,7,1011,29,1680.84,2027-02-16
2026-05-31,7,1012,10,181.8,2026-09-30
2026-05-31,7,1013,47,776.91,2027-02-18
2026-05-31,7,1014,47,316.78,2026-09-15
2026-05-31,7,1015,40,2060.8,2026-07-13
2026-05-31,7,1016,35,2604.35,2026-08-08
2026-05-31,7,1017,47,2287.49,2027-01-24
2026-05-31,7,1018,31,285.51,2026-12-19
2026-05-31,7,1019,41,1431.72,2026-08-22
2026-05-31,7,1020,17,1092.08,2027-03-16
2026-05-31,7,1021,16,592.48,2027-05-30
2026-05-31,7,1022,9,566.64,2027-05-07
2026-05-31,7,1023,30,1437.0,2026-08-16
2026-05-31,7,1024,9,428.85,2027-01-17
2026-05-31,7,1025,41,1962.67,2026-11-12
2026-05-31,7,1026,52,465.92,2027-05-01
2026-05-31,7,1027,36,1075.32,2026-11-09
2026-05-31,7,1028,33,1226.28,2027-06-16
2026-05-31,7,1029,34,1021.02,2027-01-10
2026-05-31,7,1030,22,1052.7,2026-12-07
2026-05-31,7,1031,35,636.3,2026-10-03
2026-05-31,7,1032,11,307.45,2027-01-03
2026-05-31,7,1033,49,3050.74,2026-07-06
2026-05-31,7,1034,44,623.92,2027-02-27
2026-05-31,7,1035,32,897.28,2027-05-23
2026-05-31,7,1036,0,0.0,2026-11-18
2026-05-31,7,1037,67,2514.51,2026-12-10
2026-05-31,7,1038,47,1911.02,2027-02-16
2026-05-31,7,1039,15,1091.25,2027-04-05
2026-05-31,7,1040,60,1698.6,2026-12-06
2026-05-31,7,1041,28,2002.0,2027-01-04
2026-05-31,7,1042,42,413.28,2027-02-18
2026-05-31,7,1043,29,1779.73,2026-10-27
2026-05-31,7,1044,15,718.35,2026-12-30
2026-05-31,7,1045,1,37.33,2027-07-04
2026-05-31,7,1046,22,1196.8,2027-07-03
2026-05-31,7,1047,23,865.95,2027-04-21
2026-05-31,7,1048,0,0.0,2027-05-09
2026-05-31,7,1049,9,540.0,2026-07-30
2026-05-31,7,1050,26,1728.22,2027-05-30
2026-05-31,7,1051,25,1596.0,2027-06-05
2026-05-31,7,1052,7,317.03,2027-05-02
2026-05-31,7,1053,17,495.38,2026-10-05
2026-05-31,7,1054,15,592.35,2026-09-01
2026-05-31,7,1055,28,747.88,2026-10-07
2026-05-31,7,1056,19,428.26,2027-04-13
2026-05-31,7,1057,23,1562.85,2027-01-17
2026-05-31,7,1058,27,914.22,2027-03-17
2026-05-31,7,1059,13,366.08,2026-11-26
2026-05-31,7,1060,6,255.96,2027-04-25
2026-05-31,8,1001,48,1392.0,2026-08-06
2026-05-31,8,1002,99,5229.18,2026-06-27
2026-05-31,8,1003,41,971.29,2026-10-05
2026-05-31,8,1004,93,3380.55,2027-06-18
2026-05-31,8,1005,65,4661.8,2026-12-31
2026-05-31,8,1006,113,6009.34,2027-01-11
2026-05-31,8,1007,81,5885.46,2026-07-11
2026-05-31,8,1008,0,0.0,2027-01-25
2026-05-31,8,1009,73,2748.45,2026-08-12
2026-05-31,8,1010,61,1613.45,2026-09-13
2026-05-31,8,1011,51,2955.96,2026-07-29
2026-05-31,8,1012,34,618.12,2026-09-30
2026-05-31,8,1013,48,793.44,2026-07-23
2026-05-31,8,1014,105,707.7,2027-07-01
2026-05-31,8,1015,76,3915.52,2027-07-06
2026-05-31,8,1016,52,3869.32,2027-07-04
2026-05-31,8,1017,99,4818.33,2027-04-28
2026-05-31,8,1018,54,497.34,2026-11-06
2026-05-31,8,1019,96,3352.32,2027-05-20
2026-05-31,8,1020,46,2955.04,2026-08-10
2026-05-31,8,1021,55,2036.65,2027-03-05
2026-05-31,8,1022,16,1007.36,2026-12-23
2026-05-31,8,1023,30,1437.0,2026-09-05
2026-05-31,8,1024,88,4193.2,2026-10-25
2026-05-31,8,1025,38,1819.06,2026-06-30
2026-05-31,8,1026,37,331.52,2026-11-08
2026-05-31,8,1027,19,567.53,2026-09-03
2026-05-31,8,1028,17,631.72,2027-02-11
2026-05-31,8,1029,57,1711.71,2026-08-29
2026-05-31,8,1030,76,3636.6,2027-01-28
2026-05-31,8,1031,69,1254.42,2027-02-23
2026-05-31,8,1032,69,1928.55,2027-03-08
2026-05-31,8,1033,22,1369.72,2027-03-22
2026-05-31,8,1034,87,1233.66,2026-12-19
2026-05-31,8,1035,51,1430.04,2026-10-09
2026-05-31,8,1036,56,3597.44,2027-03-29
2026-05-31,8,1037,43,1613.79,2026-11-30
2026-05-31,8,1038,66,2683.56,2026-08-01
2026-05-31,8,1039,16,1164.0,2026-10-17
2026-05-31,8,1040,36,1019.16,2026-10-29
2026-05-31,8,1041,54,3861.0,2027-03-24
2026-05-31,8,1042,21,206.64,2026-09-28
2026-05-31,8,1043,62,3804.94,2026-06-30
2026-05-31,8,1044,35,1676.15,2027-05-04
2026-05-31,8,1045,33,1231.89,2027-05-11
2026-05-31,8,1046,65,3536.0,2026-08-18
2026-05-31,8,1047,28,1054.2,2027-02-13
2026-05-31,8,1048,38,1079.2,2026-11-30
2026-05-31,8,1049,28,1680.0,2027-01-16
2026-05-31,8,1050,50,3323.5,2026-10-06
2026-05-31,8,1051,20,1276.8,2026-07-02
2026-05-31,8,1052,21,951.09,2026-09-15
2026-05-31,8,1053,19,553.66,2027-05-19
2026-05-31,8,1054,25,987.25,2027-05-17
2026-05-31,8,1055,24,641.04,2027-01-08
2026-05-31,8,1056,22,495.88,2026-07-22
2026-05-31,8,1057,14,951.3,2027-02-01
2026-05-31,8,1058,49,1659.14,2026-10-28
2026-05-31,8,1059,16,450.56,2027-03-17
2026-05-31,8,1060,34,1450.44,2026-12-28
2026-06-30,1,1001,52,1508.0,2026-08-09
2026-06-30,1,1002,97,5123.54,2027-07-31
2026-06-30,1,1003,89,2108.41,2027-07-31
2026-06-30,1,1004,71,2580.85,2027-07-07
2026-06-30,1,1005,66,4733.52,2027-04-18
2026-06-30,1,1006,72,3828.96,2026-09-27
2026-06-30,1,1007,59,4286.94,2027-02-27
2026-06-30,1,1008,19,424.27,2027-01-03
2026-06-30,1,1009,41,1543.65,2027-08-19
2026-06-30,1,1010,87,2301.15,2027-04-29
2026-06-30,1,1011,73,4231.08,2026-11-14
2026-06-30,1,1012,33,599.94,2027-06-27
2026-06-30,1,1013,77,1272.81,2027-01-13
2026-06-30,1,1014,0,0.0,2026-09-21
2026-06-30,1,1015,26,1339.52,2026-09-19
2026-06-30,1,1016,32,2381.12,2026-08-09
2026-06-30,1,1017,43,2092.81,2027-06-10
2026-06-30,1,1018,44,405.24,2026-09-28
2026-06-30,1,1019,66,2304.72,2027-06-29
2026-06-30,1,1020,79,5074.96,2026-10-01
2026-06-30,1,1021,51,1888.53,2027-04-13
2026-06-30,1,1022,24,1511.04,2027-07-02
2026-06-30,1,1023,96,4598.4,2026-10-16
2026-06-30,1,1024,60,2859.0,2027-02-16
2026-06-30,1,1025,61,2920.07,2027-02-19
2026-06-30,1,1026,26,232.96,2027-03-16
2026-06-30,1,1027,57,1702.59,2026-12-12
2026-06-30,1,1028,27,1003.32,2026-08-10
2026-06-30,1,1029,40,1201.2,2026-12-11
2026-06-30,1,1030,17,813.45,2027-08-08
2026-06-30,1,1031,23,418.14,2027-04-09
2026-06-30,1,1032,47,1313.65,2026-12-07
2026-06-30,1,1033,78,4856.28,2027-03-18
2026-06-30,1,1034,37,524.66,2026-08-14
2026-06-30,1,1035,84,2355.36,2027-01-07
2026-06-30,1,1036,74,4753.76,2027-02-27
2026-06-30,1,1037,35,1313.55,2026-08-10
2026-06-30,1,1038,19,772.54,2027-03-17
2026-06-30,1,1039,51,3710.25,2027-08-06
2026-06-30,1,1040,77,2179.87,2027-01-21
2026-06-30,1,1041,69,4933.5,2026-10-12
2026-06-30,1,1042,60,590.4,2026-12-17
2026-06-30,1,1043,27,1656.99,2026-08-10
2026-06-30,1,1044,31,1484.59,2027-04-28
2026-06-30,1,1045,20,746.6,2027-03-20
2026-06-30,1,1046,20,1088.0,2027-04-05
2026-06-30,1,1047,40,1506.0,2026-12-01
2026-06-30,1,1048,48,1363.2,2027-07-31
2026-06-30,1,1049,37,2220.0,2026-09-18
2026-06-30,1,1050,3,199.41,2027-06-13
2026-06-30,1,1051,31,1979.04,2027-02-06
2026-06-30,1,1052,34,1539.86,2027-07-09
2026-06-30,1,1053,14,407.96,2027-06-13
2026-06-30,1,1054,44,1737.56,2027-05-27
2026-06-30,1,1055,64,1709.44,2027-01-26
2026-06-30,1,1056,23,518.42,2026-12-21
2026-06-30,1,1057,30,2038.5,2026-12-08
2026-06-30,1,1058,34,1151.24,2027-01-27
2026-06-30,1,1059,12,337.92,2027-04-06
2026-06-30,1,1060,77,3284.82,2026-09-07
2026-06-30,2,1001,62,1798.0,2026-09-16
2026-06-30,2,1002,55,2905.1,2026-12-22
2026-06-30,2,1003,54,1279.26,2027-08-04
2026-06-30,2,1004,23,836.05,2027-02-18
2026-06-30,2,1005,17,1219.24,2027-02-04
2026-06-30,2,1006,29,1542.22,2027-06-10
2026-06-30,2,1007,31,2252.46,2027-05-08
2026-06-30,2,1008,56,1250.48,2026-11-08
2026-06-30,2,1009,67,2522.55,2026-08-16
2026-06-30,2,1010,61,1613.45,2027-08-12
2026-06-30,2,1011,26,1506.96,2027-03-04
2026-06-30,2,1012,59,1072.62,2026-08-24
2026-06-30,2,1013,47,776.91,2027-08-11
2026-06-30,2,1014,50,337.0,2026-08-04
2026-06-30,2,1015,43,2215.36,2027-05-22
2026-06-30,2,1016,55,4092.55,2026-08-11
2026-06-30,2,1017,45,2190.15,2027-06-06
2026-06-30,2,1018,31,285.51,2027-01-17
2026-06-30,2,1019,47,1641.24,2026-10-30
2026-06-30,2,1020,57,3661.68,2026-12-30
2026-06-30,2,1021,27,999.81,2026-12-21
2026-06-30,2,1022,16,1007.36,2027-03-28
2026-06-30,2,1023,33,1580.7,2026-08-03
2026-06-30,2,1024,33,1572.45,2027-01-02
2026-06-30,2,1025,53,2537.11,2027-02-16
2026-06-30,2,1026,59,528.64,2026-08-27
2026-06-30,2,1027,43,1284.41,2027-03-04
2026-06-30,2,1028,18,668.88,2026-12-09
2026-06-30,2,1029,81,2432.43,2027-03-23
2026-06-30,2,1030,70,3349.5,2026-10-18
2026-06-30,2,1031,30,545.4,2027-05-10
2026-06-30,2,1032,41,1145.95,2027-05-03
2026-06-30,2,1033,27,1681.02,2026-09-04
2026-06-30,2,1034,73,1035.14,2027-05-14
2026-06-30,2,1035,36,1009.44,2027-01-21
2026-06-30,2,1036,0,0.0,2027-01-07
2026-06-30,2,1037,70,2627.1,2027-03-15
2026-06-30,2,1038,67,2724.22,2026-11-16
2026-06-30,2,1039,20,1455.0,2027-05-16
2026-06-30,2,1040,15,424.65,2027-01-01
2026-06-30,2,1041,30,2145.0,2027-01-20
2026-06-30,2,1042,27,265.68,2027-02-22
2026-06-30,2,1043,9,552.33,2026-07-25
2026-06-30,2,1044,14,670.46,2027-06-27
2026-06-30,2,1045,18,671.94,2027-06-26
2026-06-30,2,1046,36,1958.4,2027-02-17
2026-06-30,2,1047,12,451.8,2027-06-23
2026-06-30,2,1048,36,1022.4,2027-06-13
2026-06-30,2,1049,7,420.0,2027-06-13
2026-06-30,2,1050,27,1794.69,2027-06-13
2026-06-30,2,1051,18,1149.12,2027-07-02
2026-06-30,2,1052,19,860.51,2026-12-17
2026-06-30,2,1053,19,553.66,2027-02-11
2026-06-30,2,1054,30,1184.7,2027-05-15
2026-06-30,2,1055,37,988.27,2026-09-11
2026-06-30,2,1056,0,0.0,2026-11-15
2026-06-30,2,1057,31,2106.45,2027-01-15
2026-06-30,2,1058,0,0.0,2027-06-29
2026-06-30,2,1059,23,647.68,2026-11-27
2026-06-30,2,1060,40,1706.4,2026-07-25
2026-06-30,3,1001,57,1653.0,2026-09-27
2026-06-30,3,1002,49,2588.18,2027-04-07
2026-06-30,3,1003,49,1160.81,2027-06-30
2026-06-30,3,1004,14,508.9,2026-11-23
2026-06-30,3,1005,51,3657.72,2026-09-01
2026-06-30,3,1006,47,2499.46,2026-12-21
2026-06-30,3,1007,87,6321.42,2027-05-13
2026-06-30,3,1008,66,1473.78,2026-09-18
2026-06-30,3,1009,54,2033.1,2027-05-22
2026-06-30,3,1010,59,1560.55,2027-04-02
2026-06-30,3,1011,33,1912.68,2026-11-26
2026-06-30,3,1012,29,527.22,2027-01-26
2026-06-30,3,1013,49,809.97,2026-12-15
2026-06-30,3,1014,47,316.78,2026-07-25
2026-06-30,3,1015,74,3812.48,2027-08-18
2026-06-30,3,1016,70,5208.7,2026-12-08
2026-06-30,3,1017,28,1362.76,2027-03-25
2026-06-30,3,1018,28,257.88,2027-02-04
2026-06-30,3,1019,62,2165.04,2027-03-03
2026-06-30,3,1020,24,1541.76,2027-06-09
2026-06-30,3,1021,44,1629.32,2027-07-17
2026-06-30,3,1022,52,3273.92,2026-09-24
2026-06-30,3,1023,26,1245.4,2027-03-18
2026-06-30,3,1024,44,2096.6,2027-06-06
2026-06-30,3,1025,38,1819.06,2027-01-12
2026-06-30,3,1026,37,331.52,2026-12-22
2026-06-30,3,1027,28,836.36,2026-09-08
2026-06-30,3,1028,33,1226.28,2026-07-31
2026-06-30,3,1029,47,1411.41,2027-01-18
2026-06-30,3,1030,29,1387.65,2026-10-17
2026-06-30,3,1031,33,599.94,2027-03-29
2026-06-30,3,1032,60,1677.0,2027-02-13
2026-06-30,3,1033,55,3424.3,2027-04-24
2026-06-30,3,1034,40,567.2,2026-12-30
2026-06-30,3,1035,47,1317.88,2026-11-29
2026-06-30,3,1036,65,4175.6,2026-12-30
2026-06-30,3,1037,27,1013.31,2027-01-31
2026-06-30,3,1038,51,2073.66,2027-05-27
2026-06-30,3,1039,0,0.0,2026-09-04
2026-06-30,3,1040,45,1273.95,2026-08-22
2026-06-30,3,1041,63,4504.5,2026-10-26
2026-06-30,3,1042,11,108.24,2027-05-03
2026-06-30,3,1043,22,1350.14,2027-08-03
2026-06-30,3,1044,52,2490.28,2027-07-03
2026-06-30,3,1045,54,2015.82,2027-07-08
2026-06-30,3,1046,47,2556.8,2026-10-17
2026-06-30,3,1047,31,1167.15,2027-07-12
2026-06-30,3,1048,29,823.6,2026-10-09
2026-06-30,3,1049,47,2820.0,2027-08-22
2026-06-30,3,1050,50,3323.5,2026-08-25
2026-06-30,3,1051,14,893.76,2027-03-17
2026-06-30,3,1052,43,1947.47,2027-03-19
2026-06-30,3,1053,24,699.36,2027-05-14
2026-06-30,3,1054,21,829.29,2027-02-02
2026-06-30,3,1055,38,1014.98,2026-09-08
2026-06-30,3,1056,48,1081.92,2026-11-18
2026-06-30,3,1057,75,5096.25,2027-06-01
2026-06-30,3,1058,29,981.94,2027-08-15
2026-06-30,3,1059,18,506.88,2027-08-02
2026-06-30,3,1060,6,255.96,2027-06-14
2026-06-30,4,1001,96,2784.0,2027-06-03
2026-06-30,4,1002,55,2905.1,2027-02-28
2026-06-30,4,1003,60,1421.4,2026-12-27
2026-06-30,4,1004,50,1817.5,2027-07-09
2026-06-30,4,1005,12,860.64,2026-08-31
2026-06-30,4,1006,63,3350.34,2027-03-21
2026-06-30,4,1007,33,2397.78,2027-06-11
2026-06-30,4,1008,31,692.23,2026-10-04
2026-06-30,4,1009,52,1957.8,2027-04-26
2026-06-30,4,1010,74,1957.3,2027-03-16
2026-06-30,4,1011,28,1622.88,2026-12-10
2026-06-30,4,1012,36,654.48,2027-03-15
2026-06-30,4,1013,39,644.67,2026-11-12
2026-06-30,4,1014,53,357.22,2026-11-29
2026-06-30,4,1015,20,1030.4,2026-10-12
2026-06-30,4,1016,25,1860.25,2027-01-03
2026-06-30,4,1017,45,2190.15,2027-02-28
2026-06-30,4,1018,20,184.2,2027-05-28
2026-06-30,4,1019,63,2199.96,2027-04-19
2026-06-30,4,1020,33,2119.92,2026-12-14
2026-06-30,4,1021,0,0.0,2027-05-07
2026-06-30,4,1022,43,2707.28,2027-03-24
2026-06-30,4,1023,22,1053.8,2026-11-08
2026-06-30,4,1024,49,2334.85,2026-08-15
2026-06-30,4,1025,47,2249.89,2027-01-19
2026-06-30,4,1026,32,286.72,2027-01-15
2026-06-30,4,1027,41,1224.67,2026-09-22
2026-06-30,4,1028,39,1449.24,2027-04-21
2026-06-30,4,1029,51,1531.53,2027-05-01
2026-06-30,4,1030,54,2583.9,2026-09-22
2026-06-30,4,1031,37,672.66,2026-11-10
2026-06-30,4,1032,61,1704.95,2026-09-15
2026-06-30,4,1033,73,4544.98,2026-11-27
2026-06-30,4,1034,58,822.44,2026-09-21
2026-06-30,4,1035,42,1177.68,2026-09-09
2026-06-30,4,1036,28,1798.72,2027-01-20
2026-06-30,4,1037,49,1838.97,2026-11-11
2026-06-30,4,1038,53,2154.98,2027-08-09
2026-06-30,4,1039,31,2255.25,2027-05-26
2026-06-30,4,1040,36,1019.16,2027-04-13
2026-06-30,4,1041,21,1501.5,2027-07-10
2026-06-30,4,1042,27,265.68,2027-07-02
2026-06-30,4,1043,21,1288.77,2026-12-12
2026-06-30,4,1044,13,622.57,2027-05-27
2026-06-30,4,1045,34,1269.22,2027-05-11
2026-06-30,4,1046,31,1686.4,2026-10-22
2026-06-30,4,1047,43,1618.95,2027-06-07
2026-06-30,4,1048,37,1050.8,2026-08-19
2026-06-30,4,1049,28,1680.0,2027-05-26
2026-06-30,4,1050,16,1063.52,2027-06-07
2026-06-30,4,1051,0,0.0,2027-07-09
2026-06-30,4,1052,17,769.93,2027-08-18
2026-06-30,4,1053,19,553.66,2027-03-17
2026-06-30,4,1054,36,1421.64,2027-04-29
2026-06-30,4,1055,0,0.0,2027-06-07
2026-06-30,4,1056,36,811.44,2026-11-23
2026-06-30,4,1057,3,203.85,2027-01-18
2026-06-30,4,1058,33,1117.38,2026-12-06
2026-06-30,4,1059,29,816.64,2026-11-06
2026-06-30,4,1060,18,767.88,2027-02-07
2026-06-30,5,1001,47,1363.0,2026-11-03
2026-06-30,5,1002,26,1373.32,2027-01-14
2026-06-30,5,1003,31,734.39,2027-08-23
2026-06-30,5,1004,45,1635.75,2026-12-22
2026-06-30,5,1005,58,4159.76,2027-01-25
2026-06-30,5,1006,66,3509.88,2027-02-15
2026-06-30,5,1007,49,3560.34,2026-10-19
2026-06-30,5,1008,18,401.94,2027-05-20
2026-06-30,5,1009,0,0.0,2026-09-01
2026-06-30,5,1010,62,1639.9,2026-09-15
2026-06-30,5,1011,53,3071.88,2027-02-06
2026-06-30,5,1012,31,563.58,2027-03-22
2026-06-30,5,1013,34,562.02,2026-08-06
2026-06-30,5,1014,37,249.38,2027-02-23
2026-06-30,5,1015,34,1751.68,2026-08-01
2026-06-30,5,1016,46,3422.86,2027-04-22
2026-06-30,5,1017,14,681.38,2026-08-19
2026-06-30,5,1018,65,598.65,2027-05-19
2026-06-30,5,1019,59,2060.28,2027-04-23
2026-06-30,5,1020,30,1927.2,2027-07-20
2026-06-30,5,1021,65,2406.95,2026-07-31
2026-06-30,5,1022,53,3336.88,2027-01-23
2026-06-30,5,1023,31,1484.9,2026-08-21
2026-06-30,5,1024,26,1238.9,2027-03-25
2026-06-30,5,1025,59,2824.33,2026-09-18
2026-06-30,5,1026,53,474.88,2027-05-15
2026-06-30,5,1027,29,866.23,2027-01-05
2026-06-30,5,1028,54,2006.64,2026-11-06
2026-06-30,5,1029,29,870.87,2026-10-30
2026-06-30,5,1030,16,765.6,2027-06-06
2026-06-30,5,1031,48,872.64,2026-08-03
2026-06-30,5,1032,22,614.9,2026-09-06
2026-06-30,5,1033,60,3735.6,2027-03-04
2026-06-30,5,1034,45,638.1,2027-07-02
2026-06-30,5,1035,43,1205.72,2027-02-10
2026-06-30,5,1036,35,2248.4,2026-09-15
2026-06-30,5,1037,60,2251.8,2027-07-15
2026-06-30,5,1038,62,2520.92,2027-04-18
2026-06-30,5,1039,28,2037.0,2027-02-02
2026-06-30,5,1040,19,537.89,2026-08-16
2026-06-30,5,1041,17,1215.5,2027-07-23
2026-06-30,5,1042,35,344.4,2027-05-25
2026-06-30,5,1043,35,2147.95,2027-06-02
2026-06-30,5,1044,31,1484.59,2027-02-26
2026-06-30,5,1045,30,1119.9,2026-12-25
2026-06-30,5,1046,62,3372.8,2027-03-13
2026-06-30,5,1047,40,1506.0,2026-12-18
2026-06-30,5,1048,34,965.6,2026-09-06
2026-06-30,5,1049,38,2280.0,2027-08-01
2026-06-30,5,1050,35,2326.45,2027-08-02
2026-06-30,5,1051,15,957.6,2027-05-16
2026-06-30,5,1052,30,1358.7,2027-04-07
2026-06-30,5,1053,23,670.22,2027-07-03
2026-06-30,5,1054,64,2527.36,2026-10-14
2026-06-30,5,1055,27,721.17,2026-09-24
2026-06-30,5,1056,53,1194.62,2027-04-29
2026-06-30,5,1057,45,3057.75,2026-11-02
2026-06-30,5,1058,0,0.0,2027-07-10
2026-06-30,5,1059,9,253.44,2026-11-29
2026-06-30,5,1060,31,1322.46,2027-07-07
2026-06-30,6,1001,74,2146.0,2027-03-05
2026-06-30,6,1002,45,2376.9,2027-07-23
2026-06-30,6,1003,48,1137.12,2027-04-05
2026-06-30,6,1004,51,1853.85,2027-05-20
2026-06-30,6,1005,15,1075.8,2027-04-08
2026-06-30,6,1006,61,3243.98,2026-12-23
2026-06-30,6,1007,36,2615.76,2027-07-28
2026-06-30,6,1008,33,736.89,2026-10-07
2026-06-30,6,1009,37,1393.05,2026-09-19
2026-06-30,6,1010,45,1190.25,2026-10-09
2026-06-30,6,1011,22,1275.12,2026-10-20
2026-06-30,6,1012,71,1290.78,2026-12-17
2026-06-30,6,1013,18,297.54,2026-11-02
2026-06-30,6,1014,31,208.94,2027-08-02
2026-06-30,6,1015,50,2576.0,2027-08-17
2026-06-30,6,1016,29,2157.89,2026-11-14
2026-06-30,6,1017,53,2579.51,2027-07-31
2026-06-30,6,1018,52,478.92,2027-08-15
2026-06-30,6,1019,22,768.24,2027-05-22
2026-06-30,6,1020,57,3661.68,2027-02-19
2026-06-30,6,1021,30,1110.9,2026-09-06
2026-06-30,6,1022,42,2644.32,2026-07-30
2026-06-30,6,1023,42,2011.8,2027-03-25
2026-06-30,6,1024,59,2811.35,2027-03-31
2026-06-30,6,1025,10,478.7,2026-11-25
2026-06-30,6,1026,43,385.28,2027-05-04
2026-06-30,6,1027,39,1164.93,2027-04-06
2026-06-30,6,1028,51,1895.16,2027-05-01
2026-06-30,6,1029,39,1171.17,2026-11-02
2026-06-30,6,1030,46,2201.1,2027-05-20
2026-06-30,6,1031,73,1327.14,2026-08-10
2026-06-30,6,1032,22,614.9,2026-09-30
2026-06-30,6,1033,46,2863.96,2026-11-14
2026-06-30,6,1034,25,354.5,2027-06-18
2026-06-30,6,1035,55,1542.2,2026-12-30
2026-06-30,6,1036,12,770.88,2027-03-03
2026-06-30,6,1037,33,1238.49,2027-05-15
2026-06-30,6,1038,69,2805.54,2027-02-15
2026-06-30,6,1039,31,2255.25,2027-01-29
2026-06-30,6,1040,29,820.99,2026-12-26
2026-06-30,6,1041,23,1644.5,2026-08-30
2026-06-30,6,1042,7,68.88,2027-04-05
2026-06-30,6,1043,26,1595.62,2026-08-02
2026-06-30,6,1044,38,1819.82,2026-10-07
2026-06-30,6,1045,15,559.95,2026-10-28
2026-06-30,6,1046,9,489.6,2026-10-13
2026-06-30,6,1047,22,828.3,2026-11-11
2026-06-30,6,1048,13,369.2,2026-08-10
2026-06-30,6,1049,29,1740.0,2026-10-27
2026-06-30,6,1050,38,2525.86,2027-04-28
2026-06-30,6,1051,6,383.04,2026-08-30
2026-06-30,6,1052,16,724.64,2027-06-07
2026-06-30,6,1053,32,932.48,2027-07-22
2026-06-30,6,1054,24,947.76,2026-11-19
2026-06-30,6,1055,24,641.04,2027-05-10
2026-06-30,6,1056,26,586.04,2026-10-03
2026-06-30,6,1057,0,0.0,2026-11-21
2026-06-30,6,1058,14,474.04,2027-02-18
2026-06-30,6,1059,27,760.32,2027-01-05
2026-06-30,6,1060,23,981.18,2026-11-07
2026-06-30,7,1001,26,754.0,2026-09-16
2026-06-30,7,1002,32,1690.24,2027-05-16
2026-06-30,7,1003,62,1468.78,2026-10-08
2026-06-30,7,1004,40,1454.0,2027-04-21
2026-06-30,7,1005,36,2581.92,2027-05-31
2026-06-30,7,1006,23,1223.14,2027-08-10
2026-06-30,7,1007,63,4577.58,2027-08-06
2026-06-30,7,1008,61,1362.13,2027-05-11
2026-06-30,7,1009,55,2070.75,2026-07-30
2026-06-30,7,1010,37,978.65,2027-07-15
2026-06-30,7,1011,18,1043.28,2027-01-05
2026-06-30,7,1012,47,854.46,2027-02-01
2026-06-30,7,1013,45,743.85,2026-12-14
2026-06-30,7,1014,31,208.94,2027-07-25
2026-06-30,7,1015,47,2421.44,2027-05-03
2026-06-30,7,1016,56,4166.96,2027-04-12
2026-06-30,7,1017,33,1606.11,2026-10-05
2026-06-30,7,1018,0,0.0,2026-09-19
2026-06-30,7,1019,26,907.92,2027-07-23
2026-06-30,7,1020,42,2698.08,2026-08-27
2026-06-30,7,1021,24,888.72,2027-04-12
2026-06-30,7,1022,11,692.56,2026-11-14
2026-06-30,7,1023,8,383.2,2027-03-25
2026-06-30,7,1024,21,1000.65,2026-07-28
2026-06-30,7,1025,0,0.0,2027-07-03
2026-06-30,7,1026,19,170.24,2027-07-14
2026-06-30,7,1027,20,597.4,2027-02-10
2026-06-30,7,1028,17,631.72,2027-06-07
2026-06-30,7,1029,21,630.63,2027-08-05
2026-06-30,7,1030,15,717.75,2026-09-13
2026-06-30,7,1031,17,309.06,2026-10-31
2026-06-30,7,1032,51,1425.45,2026-08-23
2026-06-30,7,1033,38,2365.88,2027-03-20
2026-06-30,7,1034,48,680.64,2027-08-20
2026-06-30,7,1035,43,1205.72,2026-10-28
2026-06-30,7,1036,17,1092.08,2026-10-21
2026-06-30,7,1037,24,900.72,2027-06-12
2026-06-30,7,1038,35,1423.1,2027-02-20
2026-06-30,7,1039,15,1091.25,2027-02-22
2026-06-30,7,1040,30,849.3,2027-07-30
2026-06-30,7,1041,32,2288.0,2026-09-14
2026-06-30,7,1042,10,98.4,2026-11-20
2026-06-30,7,1043,8,490.96,2027-04-14
2026-06-30,7,1044,0,0.0,2027-05-23
2026-06-30,7,1045,8,298.64,2026-08-23
2026-06-30,7,1046,21,1142.4,2027-01-07
2026-06-30,7,1047,0,0.0,2027-08-12
2026-06-30,7,1048,29,823.6,2027-05-31
2026-06-30,7,1049,5,300.0,2027-08-20
2026-06-30,7,1050,27,1794.69,2027-02-12
2026-06-30,7,1051,29,1851.36,2027-05-20
2026-06-30,7,1052,9,407.61,2027-03-24
2026-06-30,7,1053,16,466.24,2026-07-29
2026-06-30,7,1054,20,789.8,2027-02-21
2026-06-30,7,1055,24,641.04,2027-02-12
2026-06-30,7,1056,29,653.66,2027-02-18
2026-06-30,7,1057,34,2310.3,2027-07-17
2026-06-30,7,1058,12,406.32,2027-07-10
2026-06-30,7,1059,31,872.96,2027-04-29
2026-06-30,7,1060,26,1109.16,2026-11-04
2026-06-30,8,1001,58,1682.0,2026-11-06
2026-06-30,8,1002,45,2376.9,2027-08-04
2026-06-30,8,1003,43,1018.67,2026-10-13
2026-06-30,8,1004,42,1526.7,2027-01-02
2026-06-30,8,1005,32,2295.04,2027-06-05
2026-06-30,8,1006,82,4360.76,2026-12-07
2026-06-30,8,1007,78,5667.48,2026-09-17
2026-06-30,8,1008,85,1898.05,2027-04-12
2026-06-30,8,1009,63,2371.95,2027-01-03
2026-06-30,8,1010,59,1560.55,2026-11-05
2026-06-30,8,1011,43,2492.28,2027-08-10
2026-06-30,8,1012,95,1727.1,2027-07-05
2026-06-30,8,1013,86,1421.58,2027-03-09
2026-06-30,8,1014,87,586.38,2027-03-21
2026-06-30,8,1015,35,1803.2,2027-03-22
2026-06-30,8,1016,82,6101.62,2026-09-11
2026-06-30,8,1017,35,1703.45,2027-02-08
2026-06-30,8,1018,83,764.43,2027-06-27
2026-06-30,8,1019,61,2130.12,2027-04-05
2026-06-30,8,1020,47,3019.28,2027-05-27
2026-06-30,8,1021,33,1221.99,2026-11-04
2026-06-30,8,1022,23,1448.08,2026-10-15
2026-06-30,8,1023,59,2826.1,2027-03-06
2026-06-30,8,1024,17,810.05,2027-02-26
2026-06-30,8,1025,47,2249.89,2026-12-27
2026-06-30,8,1026,20,179.2,2027-05-30
2026-06-30,8,1027,34,1015.58,2026-12-22
2026-06-30,8,1028,40,1486.4,2027-03-04
2026-06-30,8,1029,30,900.9,2027-02-21
2026-06-30,8,1030,32,1531.2,2027-02-02
2026-06-30,8,1031,25,454.5,2027-03-12
2026-06-30,8,1032,34,950.3,2026-08-31
2026-06-30,8,1033,26,1618.76,2026-11-01
2026-06-30,8,1034,24,340.32,2026-09-06
2026-06-30,8,1035,51,1430.04,2027-05-02
2026-06-30,8,1036,24,1541.76,2026-09-16
2026-06-30,8,1037,42,1576.26,2026-07-31
2026-06-30,8,1038,74,3008.84,2026-08-13
2026-06-30,8,1039,30,2182.5,2027-07-04
2026-06-30,8,1040,41,1160.71,2026-11-11
2026-06-30,8,1041,38,2717.0,2026-09-30
2026-06-30,8,1042,43,423.12,2027-03-26
2026-06-30,8,1043,17,1043.29,2027-05-26
2026-06-30,8,1044,47,2250.83,2026-09-01
2026-06-30,8,1045,40,1493.2,2026-09-13
2026-06-30,8,1046,26,1414.4,2026-09-19
2026-06-30,8,1047,30,1129.5,2027-06-28
2026-06-30,8,1048,20,568.0,2026-10-26
2026-06-30,8,1049,30,1800.0,2026-12-23
2026-06-30,8,1050,37,2459.39,2027-02-28
2026-06-30,8,1051,0,0.0,2026-10-18
2026-06-30,8,1052,16,724.64,2027-05-27
2026-06-30,8,1053,17,495.38,2026-07-25
2026-06-30,8,1054,24,947.76,2026-12-02
2026-06-30,8,1055,37,988.27,2027-02-03
2026-06-30,8,1056,16,360.64,2027-03-27
2026-06-30,8,1057,41,2785.95,2026-08-22
2026-06-30,8,1058,28,948.08,2027-05-24
2026-06-30,8,1059,36,1013.76,2027-01-06
2026-06-30,8,1060,30,1279.8,2027-04-10
