activity_date,sku_id,product_detail_views,add_to_cart,online_orders
2026-01-01,1001,24,4,0
2026-01-01,1002,18,2,0
2026-01-01,1003,25,4,2
2026-01-01,1004,27,3,0
2026-01-01,1005,26,2,1
2026-01-01,1006,27,1,0
2026-01-01,1007,14,3,0
2026-01-01,1008,22,1,1
2026-01-01,1009,26,6,0
2026-01-01,1010,21,3,1
2026-01-01,1011,21,2,0
2026-01-01,1012,26,1,0
2026-01-01,1013,22,2,1
2026-01-01,1014,34,5,3
2026-01-01,1015,16,0,0
2026-01-01,1016,17,0,0
2026-01-01,1017,28,1,0
2026-01-01,1018,21,4,2
2026-01-01,1019,28,2,1
2026-01-01,1020,23,5,3
2026-01-01,1021,12,0,0
2026-01-01,1022,14,0,0
2026-01-01,1023,24,3,2
2026-01-01,1024,14,0,0
2026-01-01,1025,27,1,1
2026-01-01,1026,17,1,1
2026-01-01,1027,21,1,0
2026-01-01,1028,13,1,0
2026-01-01,1029,28,3,0
2026-01-01,1030,23,0,0
2026-01-01,1031,14,0,0
2026-01-01,1032,20,1,0
2026-01-01,1033,27,1,1
2026-01-01,1034,17,1,0
2026-01-01,1035,27,4,0
2026-01-01,1036,24,3,1
2026-01-01,1037,23,3,1
2026-01-01,1038,24,4,1
2026-01-01,1039,30,1,0
2026-01-01,1040,30,3,1
2026-01-01,1041,15,1,0
2026-01-01,1042,18,2,1
2026-01-01,1043,17,0,0
2026-01-01,1044,13,2,0
2026-01-01,1045,18,1,1
2026-01-01,1046,20,1,0
2026-01-01,1047,15,2,1
2026-01-01,1048,13,2,1
2026-01-01,1049,22,6,2
2026-01-01,1050,14,2,0
2026-01-01,1051,17,2,1
2026-01-01,1052,11,0,0
2026-01-01,1053,10,1,0
2026-01-01,1054,14,2,1
2026-01-01,1055,10,0,0
2026-01-01,1056,10,0,0
2026-01-01,1057,14,0,0
2026-01-01,1058,16,3,1
2026-01-01,1059,13,0,0
2026-01-01,1060,22,0,0
2026-01-02,1001,22,2,1
2026-01-02,1002,28,4,2
2026-01-02,1003,28,2,0
2026-01-02,1004,36,2,1
2026-01-02,1005,27,2,0
2026-01-02,1006,24,2,2
2026-01-02,1007,22,0,0
2026-01-02,1008,29,1,0
2026-01-02,1009,26,2,1
2026-01-02,1010,22,2,1
2026-01-02,1011,20,1,0
2026-01-02,1012,21,1,0
2026-01-02,1013,33,3,0
2026-01-02,1014,24,3,0
2026-01-02,1015,31,0,0
2026-01-02,1016,29,3,1
2026-01-02,1017,31,2,1
2026-01-02,1018,23,2,1
2026-01-02,1019,23,2,1
2026-01-02,1020,28,2,0
2026-01-02,1021,29,4,0
2026-01-02,1022,22,0,0
2026-01-02,1023,19,2,2
2026-01-02,1024,24,0,0
2026-01-02,1025,21,1,0
2026-01-02,1026,28,3,1
2026-01-02,1027,17,0,0
2026-01-02,1028,22,2,0
2026-01-02,1029,16,1,0
2026-01-02,1030,24,4,2
2026-01-02,1031,11,1,0
2026-01-02,1032,29,0,0
2026-01-02,1033,25,3,1
2026-01-02,1034,23,2,1
2026-01-02,1035,22,0,0
2026-01-02,1036,21,2,0
2026-01-02,1037,23,0,0
2026-01-02,1038,34,6,3
2026-01-02,1039,22,1,0
2026-01-02,1040,25,3,2
2026-01-02,1041,12,0,0
2026-01-02,1042,21,3,0
2026-01-02,1043,17,0,0
2026-01-02,1044,19,0,0
2026-01-02,1045,16,3,1
2026-01-02,1046,9,2,1
2026-01-02,1047,12,2,1
2026-01-02,1048,13,1,1
2026-01-02,1049,10,1,0
2026-01-02,1050,12,0,0
2026-01-02,1051,11,2,2
2026-01-02,1052,11,1,0
2026-01-02,1053,16,3,2
2026-01-02,1054,16,1,1
2026-01-02,1055,17,0,0
2026-01-02,1056,16,0,0
2026-01-02,1057,24,0,0
2026-01-02,1058,8,1,0
2026-01-02,1059,21,1,1
2026-01-02,1060,12,1,1
2026-01-03,1001,21,3,0
2026-01-03,1002,37,3,2
2026-01-03,1003,31,1,0
2026-01-03,1004,27,4,1
2026-01-03,1005,27,4,2
2026-01-03,1006,24,5,0
2026-01-03,1007,29,3,2
2026-01-03,1008,25,4,2
2026-01-03,1009,40,6,3
2026-01-03,1010,22,3,3
2026-01-03,1011,24,0,0
2026-01-03,1012,23,3,1
2026-01-03,1013,20,1,1
2026-01-03,1014,19,3,1
2026-01-03,1015,20,2,0
2026-01-03,1016,15,1,0
2026-01-03,1017,26,2,2
2026-01-03,1018,28,3,1
2026-01-03,1019,22,0,0
2026-01-03,1020,20,2,2
2026-01-03,1021,25,3,0
2026-01-03,1022,22,3,1
2026-01-03,1023,25,0,0
2026-01-03,1024,27,0,0
2026-01-03,1025,23,2,1
2026-01-03,1026,27,2,1
2026-01-03,1027,24,3,0
2026-01-03,1028,21,1,0
2026-01-03,1029,21,2,1
2026-01-03,1030,18,2,1
2026-01-03,1031,21,0,0
2026-01-03,1032,15,2,0
2026-01-03,1033,25,5,2
2026-01-03,1034,17,0,0
2026-01-03,1035,18,0,0
2026-01-03,1036,24,0,0
2026-01-03,1037,24,3,0
2026-01-03,1038,22,2,1
2026-01-03,1039,27,0,0
2026-01-03,1040,24,3,0
2026-01-03,1041,13,2,0
2026-01-03,1042,19,2,0
2026-01-03,1043,16,0,0
2026-01-03,1044,25,1,0
2026-01-03,1045,15,2,1
2026-01-03,1046,18,5,1
2026-01-03,1047,17,1,1
2026-01-03,1048,12,1,0
2026-01-03,1049,12,1,0
2026-01-03,1050,14,0,0
2026-01-03,1051,13,0,0
2026-01-03,1052,10,1,0
2026-01-03,1053,7,1,0
2026-01-03,1054,25,1,0
2026-01-03,1055,14,2,0
2026-01-03,1056,15,2,1
2026-01-03,1057,13,3,0
2026-01-03,1058,10,0,0
2026-01-03,1059,14,0,0
2026-01-03,1060,7,0,0
2026-01-04,1001,30,6,2
2026-01-04,1002,22,2,1
2026-01-04,1003,34,7,2
2026-01-04,1004,33,4,1
2026-01-04,1005,34,5,2
2026-01-04,1006,32,2,0
2026-01-04,1007,26,0,0
2026-01-04,1008,24,1,0
2026-01-04,1009,25,0,0
2026-01-04,1010,27,0,0
2026-01-04,1011,20,3,0
2026-01-04,1012,17,1,0
2026-01-04,1013,22,2,0
2026-01-04,1014,21,0,0
2026-01-04,1015,24,3,1
2026-01-04,1016,23,3,0
2026-01-04,1017,22,4,2
2026-01-04,1018,24,2,1
2026-01-04,1019,28,1,1
2026-01-04,1020,28,0,0
2026-01-04,1021,15,0,0
2026-01-04,1022,26,4,2
2026-01-04,1023,23,1,0
2026-01-04,1024,25,1,0
2026-01-04,1025,28,3,0
2026-01-04,1026,20,1,1
2026-01-04,1027,23,0,0
2026-01-04,1028,17,3,2
2026-01-04,1029,16,4,4
2026-01-04,1030,27,2,0
2026-01-04,1031,20,2,2
2026-01-04,1032,24,0,0
2026-01-04,1033,14,1,0
2026-01-04,1034,19,0,0
2026-01-04,1035,22,3,0
2026-01-04,1036,17,1,0
2026-01-04,1037,14,1,0
2026-01-04,1038,22,2,0
2026-01-04,1039,23,2,0
2026-01-04,1040,27,3,0
2026-01-04,1041,21,0,0
2026-01-04,1042,10,0,0
2026-01-04,1043,25,0,0
2026-01-04,1044,22,3,0
2026-01-04,1045,19,2,0
2026-01-04,1046,19,2,1
2026-01-04,1047,22,2,1
2026-01-04,1048,13,2,0
2026-01-04,1049,15,0,0
2026-01-04,1050,21,1,0
2026-01-04,1051,11,2,0
2026-01-04,1052,8,0,0
2026-01-04,1053,14,0,0
2026-01-04,1054,19,2,1
2026-01-04,1055,17,3,2
2026-01-04,1056,16,1,0
2026-01-04,1057,13,3,2
2026-01-04,1058,13,1,0
2026-01-04,1059,8,1,0
2026-01-04,1060,18,1,0
2026-01-05,1001,35,5,1
2026-01-05,1002,35,1,0
2026-01-05,1003,18,2,0
2026-01-05,1004,16,2,1
2026-01-05,1005,25,1,0
2026-01-05,1006,24,0,0
2026-01-05,1007,25,2,0
2026-01-05,1008,25,3,1
2026-01-05,1009,25,2,1
2026-01-05,1010,22,2,0
2026-01-05,1011,24,3,1
2026-01-05,1012,24,0,0
2026-01-05,1013,27,3,0
2026-01-05,1014,18,0,0
2026-01-05,1015,26,2,1
2026-01-05,1016,21,3,0
2026-01-05,1017,24,1,0
2026-01-05,1018,24,2,1
2026-01-05,1019,22,2,0
2026-01-05,1020,27,2,0
2026-01-05,1021,33,0,0
2026-01-05,1022,22,2,0
2026-01-05,1023,18,1,0
2026-01-05,1024,13,1,1
2026-01-05,1025,22,1,0
2026-01-05,1026,21,1,0
2026-01-05,1027,13,2,1
2026-01-05,1028,20,4,3
2026-01-05,1029,24,1,1
2026-01-05,1030,18,0,0
2026-01-05,1031,20,2,0
2026-01-05,1032,29,1,0
2026-01-05,1033,22,1,0
2026-01-05,1034,31,3,1
2026-01-05,1035,29,2,1
2026-01-05,1036,24,0,0
2026-01-05,1037,19,2,0
2026-01-05,1038,26,1,1
2026-01-05,1039,19,3,0
2026-01-05,1040,28,1,0
2026-01-05,1041,17,0,0
2026-01-05,1042,11,3,1
2026-01-05,1043,12,0,0
2026-01-05,1044,18,1,0
2026-01-05,1045,12,1,1
2026-01-05,1046,15,3,0
2026-01-05,1047,14,2,0
2026-01-05,1048,15,0,0
2026-01-05,1049,19,0,0
2026-01-05,1050,14,3,3
2026-01-05,1051,14,0,0
2026-01-05,1052,10,2,1
2026-01-05,1053,24,3,0
2026-01-05,1054,9,0,0
2026-01-05,1055,15,0,0
2026-01-05,1056,14,0,0
2026-01-05,1057,13,1,0
2026-01-05,1058,15,1,1
2026-01-05,1059,13,2,0
2026-01-05,1060,13,0,0
2026-01-06,1001,19,3,0
2026-01-06,1002,22,3,1
2026-01-06,1003,27,5,0
2026-01-06,1004,38,7,0
2026-01-06,1005,24,3,1
2026-01-06,1006,18,1,0
2026-01-06,1007,27,3,2
2026-01-06,1008,20,5,1
2026-01-06,1009,33,2,0
2026-01-06,1010,17,2,1
2026-01-06,1011,23,3,2
2026-01-06,1012,27,5,1
2026-01-06,1013,19,3,1
2026-01-06,1014,26,1,0
2026-01-06,1015,19,6,3
2026-01-06,1016,24,1,0
2026-01-06,1017,18,4,1
2026-01-06,1018,21,3,1
2026-01-06,1019,26,1,0
2026-01-06,1020,17,3,1
2026-01-06,1021,20,4,1
2026-01-06,1022,22,2,2
2026-01-06,1023,17,0,0
2026-01-06,1024,14,0,0
2026-01-06,1025,24,1,0
2026-01-06,1026,18,1,0
2026-01-06,1027,18,2,2
2026-01-06,1028,22,1,0
2026-01-06,1029,16,1,0
2026-01-06,1030,15,2,1
2026-01-06,1031,21,2,1
2026-01-06,1032,18,2,0
2026-01-06,1033,19,2,0
2026-01-06,1034,21,2,1
2026-01-06,1035,19,4,2
2026-01-06,1036,18,1,1
2026-01-06,1037,16,1,0
2026-01-06,1038,21,0,0
2026-01-06,1039,25,1,0
2026-01-06,1040,24,2,2
2026-01-06,1041,24,1,1
2026-01-06,1042,13,0,0
2026-01-06,1043,15,0,0
2026-01-06,1044,16,0,0
2026-01-06,1045,24,1,1
2026-01-06,1046,19,2,0
2026-01-06,1047,12,0,0
2026-01-06,1048,19,1,0
2026-01-06,1049,16,1,0
2026-01-06,1050,11,2,1
2026-01-06,1051,19,2,0
2026-01-06,1052,10,1,0
2026-01-06,1053,13,1,0
2026-01-06,1054,20,1,1
2026-01-06,1055,16,4,0
2026-01-06,1056,11,1,0
2026-01-06,1057,16,0,0
2026-01-06,1058,17,1,0
2026-01-06,1059,20,2,0
2026-01-06,1060,12,3,1
2026-01-07,1001,25,4,1
2026-01-07,1002,23,1,0
2026-01-07,1003,33,2,0
2026-01-07,1004,25,4,1
2026-01-07,1005,29,1,1
2026-01-07,1006,20,5,2
2026-01-07,1007,26,3,1
2026-01-07,1008,23,4,2
2026-01-07,1009,24,1,1
2026-01-07,1010,17,2,1
2026-01-07,1011,27,3,0
2026-01-07,1012,26,2,0
2026-01-07,1013,17,2,1
2026-01-07,1014,32,3,0
2026-01-07,1015,23,0,0
2026-01-07,1016,23,1,0
2026-01-07,1017,24,2,1
2026-01-07,1018,30,0,0
2026-01-07,1019,25,4,0
2026-01-07,1020,18,0,0
2026-01-07,1021,28,4,2
2026-01-07,1022,19,1,0
2026-01-07,1023,31,4,0
2026-01-07,1024,20,2,0
2026-01-07,1025,13,3,1
2026-01-07,1026,23,3,0
2026-01-07,1027,24,4,1
2026-01-07,1028,17,0,0
2026-01-07,1029,15,1,0
2026-01-07,1030,9,2,1
2026-01-07,1031,27,2,0
2026-01-07,1032,25,1,0
2026-01-07,1033,16,0,0
2026-01-07,1034,34,5,1
2026-01-07,1035,25,1,1
2026-01-07,1036,17,3,2
2026-01-07,1037,23,2,1
2026-01-07,1038,23,1,0
2026-01-07,1039,27,4,0
2026-01-07,1040,23,4,2
2026-01-07,1041,13,1,0
2026-01-07,1042,15,1,0
2026-01-07,1043,19,0,0
2026-01-07,1044,14,2,0
2026-01-07,1045,10,0,0
2026-01-07,1046,11,1,1
2026-01-07,1047,11,0,0
2026-01-07,1048,14,2,0
2026-01-07,1049,12,1,0
2026-01-07,1050,15,3,2
2026-01-07,1051,11,0,0
2026-01-07,1052,16,1,0
2026-01-07,1053,11,1,1
2026-01-07,1054,12,1,0
2026-01-07,1055,18,0,0
2026-01-07,1056,10,0,0
2026-01-07,1057,13,1,0
2026-01-07,1058,13,0,0
2026-01-07,1059,8,1,1
2026-01-07,1060,16,1,0
2026-01-08,1001,23,1,0
2026-01-08,1002,29,3,1
2026-01-08,1003,19,2,0
2026-01-08,1004,21,3,0
2026-01-08,1005,24,0,0
2026-01-08,1006,25,1,0
2026-01-08,1007,24,1,0
2026-01-08,1008,28,1,1
2026-01-08,1009,28,1,0
2026-01-08,1010,22,2,1
2026-01-08,1011,24,1,1
2026-01-08,1012,23,1,0
2026-01-08,1013,20,0,0
2026-01-08,1014,24,4,0
2026-01-08,1015,23,3,0
2026-01-08,1016,28,0,0
2026-01-08,1017,22,4,2
2026-01-08,1018,17,3,2
2026-01-08,1019,25,3,1
2026-01-08,1020,35,3,0
2026-01-08,1021,19,3,0
2026-01-08,1022,14,1,1
2026-01-08,1023,19,1,0
2026-01-08,1024,20,2,0
2026-01-08,1025,23,3,0
2026-01-08,1026,14,0,0
2026-01-08,1027,21,2,0
2026-01-08,1028,24,1,1
2026-01-08,1029,20,0,0
2026-01-08,1030,20,2,0
2026-01-08,1031,23,3,1
2026-01-08,1032,24,3,0
2026-01-08,1033,22,2,0
2026-01-08,1034,18,0,0
2026-01-08,1035,21,2,0
2026-01-08,1036,27,0,0
2026-01-08,1037,15,0,0
2026-01-08,1038,21,3,1
2026-01-08,1039,22,0,0
2026-01-08,1040,23,1,0
2026-01-08,1041,7,1,0
2026-01-08,1042,18,0,0
2026-01-08,1043,17,2,0
2026-01-08,1044,18,0,0
2026-01-08,1045,21,2,0
2026-01-08,1046,19,2,0
2026-01-08,1047,13,1,1
2026-01-08,1048,18,1,1
2026-01-08,1049,12,0,0
2026-01-08,1050,20,1,0
2026-01-08,1051,15,0,0
2026-01-08,1052,14,0,0
2026-01-08,1053,11,0,0
2026-01-08,1054,16,1,0
2026-01-08,1055,18,2,0
2026-01-08,1056,13,2,0
2026-01-08,1057,10,1,0
2026-01-08,1058,14,1,0
2026-01-08,1059,18,2,2
2026-01-08,1060,12,0,0
2026-01-09,1001,27,4,4
2026-01-09,1002,19,1,1
2026-01-09,1003,18,1,0
2026-01-09,1004,31,6,1
2026-01-09,1005,29,1,0
2026-01-09,1006,23,3,2
2026-01-09,1007,21,1,0
2026-01-09,1008,31,3,0
2026-01-09,1009,25,3,0
2026-01-09,1010,23,2,1
2026-01-09,1011,16,1,1
2026-01-09,1012,21,1,0
2026-01-09,1013,21,1,0
2026-01-09,1014,21,0,0
2026-01-09,1015,22,3,2
2026-01-09,1016,25,2,1
2026-01-09,1017,23,1,1
2026-01-09,1018,21,1,1
2026-01-09,1019,20,1,0
2026-01-09,1020,21,1,0
2026-01-09,1021,16,2,0
2026-01-09,1022,21,1,1
2026-01-09,1023,13,0,0
2026-01-09,1024,17,3,0
2026-01-09,1025,23,2,0
2026-01-09,1026,21,4,0
2026-01-09,1027,18,2,0
2026-01-09,1028,25,1,0
2026-01-09,1029,23,0,0
2026-01-09,1030,16,2,1
2026-01-09,1031,16,2,0
2026-01-09,1032,25,2,0
2026-01-09,1033,25,1,1
2026-01-09,1034,23,2,0
2026-01-09,1035,22,0,0
2026-01-09,1036,21,2,0
2026-01-09,1037,25,1,0
2026-01-09,1038,24,2,1
2026-01-09,1039,20,2,0
2026-01-09,1040,18,1,1
2026-01-09,1041,21,1,1
2026-01-09,1042,17,0,0
2026-01-09,1043,12,1,0
2026-01-09,1044,11,1,0
2026-01-09,1045,13,2,0
2026-01-09,1046,17,0,0
2026-01-09,1047,17,1,0
2026-01-09,1048,15,1,0
2026-01-09,1049,18,1,0
2026-01-09,1050,11,2,1
2026-01-09,1051,16,0,0
2026-01-09,1052,17,1,1
2026-01-09,1053,8,1,0
2026-01-09,1054,10,0,0
2026-01-09,1055,21,4,1
2026-01-09,1056,9,1,0
2026-01-09,1057,11,0,0
2026-01-09,1058,17,3,0
2026-01-09,1059,14,2,1
2026-01-09,1060,14,1,0
2026-01-10,1001,26,3,1
2026-01-10,1002,30,4,1
2026-01-10,1003,32,5,2
2026-01-10,1004,25,2,1
2026-01-10,1005,31,6,1
2026-01-10,1006,20,1,0
2026-01-10,1007,26,3,0
2026-01-10,1008,24,0,0
2026-01-10,1009,26,4,0
2026-01-10,1010,24,2,1
2026-01-10,1011,12,3,1
2026-01-10,1012,25,3,2
2026-01-10,1013,13,1,0
2026-01-10,1014,18,2,1
2026-01-10,1015,23,3,0
2026-01-10,1016,11,0,0
2026-01-10,1017,19,2,0
2026-01-10,1018,17,1,0
2026-01-10,1019,25,1,0
2026-01-10,1020,22,1,0
2026-01-10,1021,23,0,0
2026-01-10,1022,18,0,0
2026-01-10,1023,17,2,1
2026-01-10,1024,19,0,0
2026-01-10,1025,29,4,0
2026-01-10,1026,28,1,0
2026-01-10,1027,15,0,0
2026-01-10,1028,27,1,0
2026-01-10,1029,22,2,0
2026-01-10,1030,26,2,1
2026-01-10,1031,18,0,0
2026-01-10,1032,24,2,1
2026-01-10,1033,17,0,0
2026-01-10,1034,18,1,0
2026-01-10,1035,17,1,1
2026-01-10,1036,27,4,1
2026-01-10,1037,21,3,1
2026-01-10,1038,27,2,0
2026-01-10,1039,20,2,1
2026-01-10,1040,24,0,0
2026-01-10,1041,21,2,0
2026-01-10,1042,10,1,0
2026-01-10,1043,16,1,0
2026-01-10,1044,6,0,0
2026-01-10,1045,19,0,0
2026-01-10,1046,19,1,0
2026-01-10,1047,15,1,1
2026-01-10,1048,22,5,0
2026-01-10,1049,18,0,0
2026-01-10,1050,29,2,1
2026-01-10,1051,13,2,1
2026-01-10,1052,9,0,0
2026-01-10,1053,7,0,0
2026-01-10,1054,9,2,1
2026-01-10,1055,8,1,0
2026-01-10,1056,21,2,0
2026-01-10,1057,10,0,0
2026-01-10,1058,14,0,0
2026-01-10,1059,14,1,0
2026-01-10,1060,13,0,0
2026-01-11,1001,29,1,0
2026-01-11,1002,18,3,1
2026-01-11,1003,21,3,0
2026-01-11,1004,27,3,1
2026-01-11,1005,29,0,0
2026-01-11,1006,26,1,0
2026-01-11,1007,18,2,0
2026-01-11,1008,27,3,0
2026-01-11,1009,30,1,0
2026-01-11,1010,23,1,0
2026-01-11,1011,21,1,0
2026-01-11,1012,21,0,0
2026-01-11,1013,28,2,1
2026-01-11,1014,19,4,1
2026-01-11,1015,28,2,1
2026-01-11,1016,16,1,0
2026-01-11,1017,17,2,1
2026-01-11,1018,20,5,0
2026-01-11,1019,29,5,2
2026-01-11,1020,25,2,1
2026-01-11,1021,16,2,2
2026-01-11,1022,26,2,0
2026-01-11,1023,24,0,0
2026-01-11,1024,21,0,0
2026-01-11,1025,17,1,0
2026-01-11,1026,18,2,1
2026-01-11,1027,29,3,1
2026-01-11,1028,19,4,0
2026-01-11,1029,18,4,0
2026-01-11,1030,22,3,1
2026-01-11,1031,35,3,0
2026-01-11,1032,21,1,0
2026-01-11,1033,30,4,1
2026-01-11,1034,15,2,2
2026-01-11,1035,23,0,0
2026-01-11,1036,23,0,0
2026-01-11,1037,19,1,0
2026-01-11,1038,21,0,0
2026-01-11,1039,21,3,2
2026-01-11,1040,25,1,1
2026-01-11,1041,15,3,1
2026-01-11,1042,8,0,0
2026-01-11,1043,10,1,1
2026-01-11,1044,16,2,1
2026-01-11,1045,15,1,1
2026-01-11,1046,14,2,1
2026-01-11,1047,17,1,1
2026-01-11,1048,16,1,0
2026-01-11,1049,19,1,0
2026-01-11,1050,16,1,0
2026-01-11,1051,13,1,0
2026-01-11,1052,10,1,1
2026-01-11,1053,12,0,0
2026-01-11,1054,10,2,0
2026-01-11,1055,7,0,0
2026-01-11,1056,18,1,1
2026-01-11,1057,16,1,1
2026-01-11,1058,13,0,0
2026-01-11,1059,13,0,0
2026-01-11,1060,14,2,2
2026-01-12,1001,24,2,1
2026-01-12,1002,21,2,2
2026-01-12,1003,14,0,0
2026-01-12,1004,21,4,1
2026-01-12,1005,19,1,0
2026-01-12,1006,27,2,0
2026-01-12,1007,26,0,0
2026-01-12,1008,26,1,1
2026-01-12,1009,28,3,1
2026-01-12,1010,19,3,1
2026-01-12,1011,26,3,0
2026-01-12,1012,31,4,0
2026-01-12,1013,25,3,0
2026-01-12,1014,23,6,1
2026-01-12,1015,21,2,1
2026-01-12,1016,29,4,2
2026-01-12,1017,31,0,0
2026-01-12,1018,26,5,4
2026-01-12,1019,14,3,2
2026-01-12,1020,22,1,0
2026-01-12,1021,23,3,1
2026-01-12,1022,19,2,1
2026-01-12,1023,18,0,0
2026-01-12,1024,18,3,1
2026-01-12,1025,24,3,1
2026-01-12,1026,15,0,0
2026-01-12,1027,27,2,0
2026-01-12,1028,22,5,1
2026-01-12,1029,19,1,0
2026-01-12,1030,23,1,0
2026-01-12,1031,24,1,0
2026-01-12,1032,15,0,0
2026-01-12,1033,14,2,0
2026-01-12,1034,25,2,0
2026-01-12,1035,17,1,1
2026-01-12,1036,26,2,0
2026-01-12,1037,24,2,0
2026-01-12,1038,20,0,0
2026-01-12,1039,25,0,0
2026-01-12,1040,25,1,0
2026-01-12,1041,14,1,0
2026-01-12,1042,26,1,0
2026-01-12,1043,20,1,0
2026-01-12,1044,15,1,1
2026-01-12,1045,15,2,0
2026-01-12,1046,14,1,0
2026-01-12,1047,8,0,0
2026-01-12,1048,10,1,0
2026-01-12,1049,28,2,0
2026-01-12,1050,22,1,1
2026-01-12,1051,10,0,0
2026-01-12,1052,9,0,0
2026-01-12,1053,8,0,0
2026-01-12,1054,8,0,0
2026-01-12,1055,14,1,0
2026-01-12,1056,14,1,1
2026-01-12,1057,13,3,1
2026-01-12,1058,14,4,1
2026-01-12,1059,9,2,0
2026-01-12,1060,9,1,0
2026-01-13,1001,31,5,1
2026-01-13,1002,17,0,0
2026-01-13,1003,26,3,1
2026-01-13,1004,20,2,0
2026-01-13,1005,21,1,0
2026-01-13,1006,29,1,0
2026-01-13,1007,27,2,0
2026-01-13,1008,28,4,2
2026-01-13,1009,26,4,1
2026-01-13,1010,24,0,0
2026-01-13,1011,27,2,0
2026-01-13,1012,21,1,0
2026-01-13,1013,26,4,0
2026-01-13,1014,18,1,1
2026-01-13,1015,17,1,0
2026-01-13,1016,29,4,1
2026-01-13,1017,20,1,0
2026-01-13,1018,19,1,0
2026-01-13,1019,18,3,1
2026-01-13,1020,21,1,0
2026-01-13,1021,20,2,0
2026-01-13,1022,16,3,0
2026-01-13,1023,25,1,0
2026-01-13,1024,17,0,0
2026-01-13,1025,17,2,0
2026-01-13,1026,21,1,0
2026-01-13,1027,15,0,0
2026-01-13,1028,21,1,0
2026-01-13,1029,26,1,1
2026-01-13,1030,20,0,0
2026-01-13,1031,19,0,0
2026-01-13,1032,25,0,0
2026-01-13,1033,17,1,1
2026-01-13,1034,22,3,0
2026-01-13,1035,18,1,0
2026-01-13,1036,22,2,0
2026-01-13,1037,24,2,1
2026-01-13,1038,22,1,0
2026-01-13,1039,24,0,0
2026-01-13,1040,20,2,1
2026-01-13,1041,16,2,1
2026-01-13,1042,16,0,0
2026-01-13,1043,9,0,0
2026-01-13,1044,13,1,0
2026-01-13,1045,16,2,0
2026-01-13,1046,18,1,0
2026-01-13,1047,13,1,0
2026-01-13,1048,14,1,0
2026-01-13,1049,14,2,1
2026-01-13,1050,15,0,0
2026-01-13,1051,11,1,1
2026-01-13,1052,11,1,0
2026-01-13,1053,11,0,0
2026-01-13,1054,14,0,0
2026-01-13,1055,19,1,0
2026-01-13,1056,16,3,2
2026-01-13,1057,14,1,0
2026-01-13,1058,11,0,0
2026-01-13,1059,10,1,1
2026-01-13,1060,14,2,0
2026-01-14,1001,23,3,2
2026-01-14,1002,21,3,1
2026-01-14,1003,25,2,1
2026-01-14,1004,26,3,1
2026-01-14,1005,27,2,0
2026-01-14,1006,26,0,0
2026-01-14,1007,31,3,2
2026-01-14,1008,19,1,0
2026-01-14,1009,15,2,1
2026-01-14,1010,36,5,2
2026-01-14,1011,27,1,0
2026-01-14,1012,19,2,0
2026-01-14,1013,15,1,0
2026-01-14,1014,24,2,1
2026-01-14,1015,23,3,1
2026-01-14,1016,25,4,1
2026-01-14,1017,22,4,1
2026-01-14,1018,21,1,1
2026-01-14,1019,26,5,2
2026-01-14,1020,15,2,0
2026-01-14,1021,28,3,3
2026-01-14,1022,18,3,2
2026-01-14,1023,27,2,0
2026-01-14,1024,14,2,1
2026-01-14,1025,23,1,0
2026-01-14,1026,15,1,0
2026-01-14,1027,15,0,0
2026-01-14,1028,17,2,0
2026-01-14,1029,14,0,0
2026-01-14,1030,20,2,1
2026-01-14,1031,22,0,0
2026-01-14,1032,15,0,0
2026-01-14,1033,17,0,0
2026-01-14,1034,25,0,0
2026-01-14,1035,21,0,0
2026-01-14,1036,21,1,1
2026-01-14,1037,22,1,0
2026-01-14,1038,18,0,0
2026-01-14,1039,33,2,0
2026-01-14,1040,13,1,0
2026-01-14,1041,14,0,0
2026-01-14,1042,13,1,0
2026-01-14,1043,14,1,0
2026-01-14,1044,10,0,0
2026-01-14,1045,15,0,0
2026-01-14,1046,20,2,0
2026-01-14,1047,17,0,0
2026-01-14,1048,23,4,2
2026-01-14,1049,17,1,0
2026-01-14,1050,18,1,0
2026-01-14,1051,10,0,0
2026-01-14,1052,15,1,0
2026-01-14,1053,11,1,0
2026-01-14,1054,12,0,0
2026-01-14,1055,16,2,1
2026-01-14,1056,9,1,1
2026-01-14,1057,12,0,0
2026-01-14,1058,13,1,0
2026-01-14,1059,10,1,1
2026-01-14,1060,16,0,0
2026-01-15,1001,25,2,2
2026-01-15,1002,33,5,3
2026-01-15,1003,21,2,0
2026-01-15,1004,23,3,2
2026-01-15,1005,31,2,0
2026-01-15,1006,27,5,2
2026-01-15,1007,23,1,0
2026-01-15,1008,20,4,3
2026-01-15,1009,25,3,1
2026-01-15,1010,21,3,0
2026-01-15,1011,27,0,0
2026-01-15,1012,26,3,2
2026-01-15,1013,17,1,0
2026-01-15,1014,27,4,0
2026-01-15,1015,18,1,1
2026-01-15,1016,27,1,0
2026-01-15,1017,25,2,0
2026-01-15,1018,14,2,1
2026-01-15,1019,21,1,0
2026-01-15,1020,22,3,0
2026-01-15,1021,24,1,0
2026-01-15,1022,21,1,0
2026-01-15,1023,21,1,0
2026-01-15,1024,20,3,2
2026-01-15,1025,16,1,1
2026-01-15,1026,14,3,2
2026-01-15,1027,19,1,0
2026-01-15,1028,21,2,1
2026-01-15,1029,16,2,1
2026-01-15,1030,14,2,0
2026-01-15,1031,26,3,1
2026-01-15,1032,19,1,1
2026-01-15,1033,25,0,0
2026-01-15,1034,19,0,0
2026-01-15,1035,20,2,0
2026-01-15,1036,19,2,1
2026-01-15,1037,19,0,0
2026-01-15,1038,17,1,0
2026-01-15,1039,16,2,0
2026-01-15,1040,21,1,0
2026-01-15,1041,18,0,0
2026-01-15,1042,12,1,1
2026-01-15,1043,15,0,0
2026-01-15,1044,19,3,2
2026-01-15,1045,18,1,0
2026-01-15,1046,14,0,0
2026-01-15,1047,19,0,0
2026-01-15,1048,19,1,0
2026-01-15,1049,17,0,0
2026-01-15,1050,8,0,0
2026-01-15,1051,11,2,1
2026-01-15,1052,10,0,0
2026-01-15,1053,13,0,0
2026-01-15,1054,9,0,0
2026-01-15,1055,15,0,0
2026-01-15,1056,12,1,0
2026-01-15,1057,9,2,0
2026-01-15,1058,16,2,1
2026-01-15,1059,13,2,2
2026-01-15,1060,13,2,0
2026-01-16,1001,22,0,0
2026-01-16,1002,20,2,1
2026-01-16,1003,19,2,1
2026-01-16,1004,39,3,1
2026-01-16,1005,31,3,0
2026-01-16,1006,17,0,0
2026-01-16,1007,25,2,0
2026-01-16,1008,27,3,1
2026-01-16,1009,24,1,1
2026-01-16,1010,19,2,2
2026-01-16,1011,25,2,1
2026-01-16,1012,16,2,0
2026-01-16,1013,13,2,1
2026-01-16,1014,23,4,1
2026-01-16,1015,30,4,2
2026-01-16,1016,32,2,1
2026-01-16,1017,21,3,0
2026-01-16,1018,26,3,0
2026-01-16,1019,23,0,0
2026-01-16,1020,20,1,0
2026-01-16,1021,24,1,0
2026-01-16,1022,21,0,0
2026-01-16,1023,19,0,0
2026-01-16,1024,19,1,0
2026-01-16,1025,26,3,0
2026-01-16,1026,23,3,1
2026-01-16,1027,12,0,0
2026-01-16,1028,12,1,1
2026-01-16,1029,21,1,0
2026-01-16,1030,23,0,0
2026-01-16,1031,22,4,2
2026-01-16,1032,22,1,0
2026-01-16,1033,21,1,0
2026-01-16,1034,14,0,0
2026-01-16,1035,23,1,0
2026-01-16,1036,26,0,0
2026-01-16,1037,16,1,0
2026-01-16,1038,26,0,0
2026-01-16,1039,23,3,1
2026-01-16,1040,18,0,0
2026-01-16,1041,9,0,0
2026-01-16,1042,11,0,0
2026-01-16,1043,13,1,0
2026-01-16,1044,14,1,0
2026-01-16,1045,12,2,0
2026-01-16,1046,17,1,0
2026-01-16,1047,22,1,0
2026-01-16,1048,7,0,0
2026-01-16,1049,16,3,1
2026-01-16,1050,13,3,0
2026-01-16,1051,21,3,2
2026-01-16,1052,12,3,1
2026-01-16,1053,11,1,0
2026-01-16,1054,12,4,1
2026-01-16,1055,8,1,0
2026-01-16,1056,14,0,0
2026-01-16,1057,10,0,0
2026-01-16,1058,9,0,0
2026-01-16,1059,16,0,0
2026-01-16,1060,19,2,1
2026-01-17,1001,13,1,0
2026-01-17,1002,23,5,1
2026-01-17,1003,19,1,0
2026-01-17,1004,19,2,0
2026-01-17,1005,28,3,1
2026-01-17,1006,22,3,2
2026-01-17,1007,28,6,2
2026-01-17,1008,32,7,1
2026-01-17,1009,26,3,2
2026-01-17,1010,19,5,2
2026-01-17,1011,16,0,0
2026-01-17,1012,23,6,1
2026-01-17,1013,19,1,0
2026-01-17,1014,27,3,1
2026-01-17,1015,21,3,0
2026-01-17,1016,20,1,0
2026-01-17,1017,19,1,0
2026-01-17,1018,12,0,0
2026-01-17,1019,24,2,0
2026-01-17,1020,25,2,1
2026-01-17,1021,14,1,1
2026-01-17,1022,23,2,0
2026-01-17,1023,26,2,0
2026-01-17,1024,20,0,0
2026-01-17,1025,21,1,1
2026-01-17,1026,17,3,1
2026-01-17,1027,20,2,0
2026-01-17,1028,17,0,0
2026-01-17,1029,18,1,0
2026-01-17,1030,21,0,0
2026-01-17,1031,18,1,0
2026-01-17,1032,16,1,0
2026-01-17,1033,22,1,1
2026-01-17,1034,23,2,1
2026-01-17,1035,14,1,0
2026-01-17,1036,23,2,0
2026-01-17,1037,23,0,0
2026-01-17,1038,17,0,0
2026-01-17,1039,19,2,1
2026-01-17,1040,22,3,0
2026-01-17,1041,16,2,2
2026-01-17,1042,9,0,0
2026-01-17,1043,14,1,1
2026-01-17,1044,15,1,0
2026-01-17,1045,14,2,0
2026-01-17,1046,20,1,1
2026-01-17,1047,15,2,0
2026-01-17,1048,22,1,0
2026-01-17,1049,10,2,2
2026-01-17,1050,19,3,1
2026-01-17,1051,13,2,0
2026-01-17,1052,11,1,1
2026-01-17,1053,8,2,2
2026-01-17,1054,18,4,1
2026-01-17,1055,18,0,0
2026-01-17,1056,5,1,1
2026-01-17,1057,11,1,1
2026-01-17,1058,9,0,0
2026-01-17,1059,15,0,0
2026-01-17,1060,15,2,1
2026-01-18,1001,27,3,0
2026-01-18,1002,29,3,0
2026-01-18,1003,26,4,1
2026-01-18,1004,24,2,1
2026-01-18,1005,22,3,1
2026-01-18,1006,34,4,1
2026-01-18,1007,16,1,1
2026-01-18,1008,31,2,0
2026-01-18,1009,31,4,2
2026-01-18,1010,30,4,0
2026-01-18,1011,24,0,0
2026-01-18,1012,18,3,0
2026-01-18,1013,19,3,1
2026-01-18,1014,25,4,3
2026-01-18,1015,20,0,0
2026-01-18,1016,31,5,2
2026-01-18,1017,21,1,1
2026-01-18,1018,20,4,0
2026-01-18,1019,23,3,2
2026-01-18,1020,16,2,0
2026-01-18,1021,20,1,0
2026-01-18,1022,27,1,0
2026-01-18,1023,15,3,2
2026-01-18,1024,15,1,1
2026-01-18,1025,20,1,0
2026-01-18,1026,15,2,0
2026-01-18,1027,20,0,0
2026-01-18,1028,23,2,0
2026-01-18,1029,19,0,0
2026-01-18,1030,21,2,0
2026-01-18,1031,18,0,0
2026-01-18,1032,26,4,1
2026-01-18,1033,22,2,0
2026-01-18,1034,34,1,0
2026-01-18,1035,22,1,1
2026-01-18,1036,27,4,2
2026-01-18,1037,27,1,0
2026-01-18,1038,23,1,0
2026-01-18,1039,23,2,1
2026-01-18,1040,14,1,0
2026-01-18,1041,13,1,0
2026-01-18,1042,17,2,1
2026-01-18,1043,13,0,0
2026-01-18,1044,23,1,0
2026-01-18,1045,18,1,1
2026-01-18,1046,19,1,0
2026-01-18,1047,9,0,0
2026-01-18,1048,19,1,0
2026-01-18,1049,15,2,0
2026-01-18,1050,22,1,0
2026-01-18,1051,9,1,1
2026-01-18,1052,21,1,1
2026-01-18,1053,9,0,0
2026-01-18,1054,11,0,0
2026-01-18,1055,21,3,0
2026-01-18,1056,12,0,0
2026-01-18,1057,16,2,0
2026-01-18,1058,16,2,1
2026-01-18,1059,17,1,0
2026-01-18,1060,16,2,1
2026-01-19,1001,19,4,0
2026-01-19,1002,16,1,0
2026-01-19,1003,23,1,0
2026-01-19,1004,33,0,0
2026-01-19,1005,34,2,1
2026-01-19,1006,17,2,1
2026-01-19,1007,25,2,1
2026-01-19,1008,34,3,1
2026-01-19,1009,23,2,1
2026-01-19,1010,36,4,0
2026-01-19,1011,24,3,0
2026-01-19,1012,23,2,0
2026-01-19,1013,32,5,2
2026-01-19,1014,18,0,0
2026-01-19,1015,31,5,2
2026-01-19,1016,23,2,0
2026-01-19,1017,34,3,1
2026-01-19,1018,17,3,1
2026-01-19,1019,29,4,3
2026-01-19,1020,16,2,2
2026-01-19,1021,19,1,0
2026-01-19,1022,19,0,0
2026-01-19,1023,19,1,1
2026-01-19,1024,13,1,1
2026-01-19,1025,34,1,0
2026-01-19,1026,25,2,1
2026-01-19,1027,19,1,0
2026-01-19,1028,17,1,1
2026-01-19,1029,21,1,0
2026-01-19,1030,13,0,0
2026-01-19,1031,27,3,1
2026-01-19,1032,18,3,0
2026-01-19,1033,22,1,0
2026-01-19,1034,23,3,1
2026-01-19,1035,21,2,0
2026-01-19,1036,13,2,0
2026-01-19,1037,20,1,0
2026-01-19,1038,14,1,0
2026-01-19,1039,21,1,1
2026-01-19,1040,22,5,1
2026-01-19,1041,23,3,2
2026-01-19,1042,12,1,1
2026-01-19,1043,10,1,0
2026-01-19,1044,19,2,1
2026-01-19,1045,13,0,0
2026-01-19,1046,15,2,0
2026-01-19,1047,14,1,0
2026-01-19,1048,26,4,1
2026-01-19,1049,18,1,1
2026-01-19,1050,20,0,0
2026-01-19,1051,17,1,0
2026-01-19,1052,15,2,1
2026-01-19,1053,12,3,0
2026-01-19,1054,7,0,0
2026-01-19,1055,9,0,0
2026-01-19,1056,11,2,0
2026-01-19,1057,7,1,1
2026-01-19,1058,9,4,1
2026-01-19,1059,12,1,0
2026-01-19,1060,7,0,0
2026-01-20,1001,30,3,1
2026-01-20,1002,23,3,0
2026-01-20,1003,16,2,0
2026-01-20,1004,25,3,2
2026-01-20,1005,27,0,0
2026-01-20,1006,26,4,1
2026-01-20,1007,21,2,0
2026-01-20,1008,30,6,0
2026-01-20,1009,27,2,1
2026-01-20,1010,30,5,2
2026-01-20,1011,13,2,0
2026-01-20,1012,24,2,0
2026-01-20,1013,21,3,0
2026-01-20,1014,28,6,0
2026-01-20,1015,27,4,1
2026-01-20,1016,28,5,3
2026-01-20,1017,24,2,0
2026-01-20,1018,24,3,1
2026-01-20,1019,23,1,0
2026-01-20,1020,35,3,1
2026-01-20,1021,23,1,0
2026-01-20,1022,22,0,0
2026-01-20,1023,18,1,0
2026-01-20,1024,22,1,0
2026-01-20,1025,24,3,0
2026-01-20,1026,15,0,0
2026-01-20,1027,20,0,0
2026-01-20,1028,24,2,1
2026-01-20,1029,15,2,1
2026-01-20,1030,15,2,1
2026-01-20,1031,24,1,0
2026-01-20,1032,12,1,0
2026-01-20,1033,20,0,0
2026-01-20,1034,18,1,0
2026-01-20,1035,22,4,1
2026-01-20,1036,23,0,0
2026-01-20,1037,21,1,0
2026-01-20,1038,30,3,1
2026-01-20,1039,21,1,1
2026-01-20,1040,17,0,0
2026-01-20,1041,15,2,1
2026-01-20,1042,15,0,0
2026-01-20,1043,18,0,0
2026-01-20,1044,11,0,0
2026-01-20,1045,18,1,0
2026-01-20,1046,11,0,0
2026-01-20,1047,20,3,0
2026-01-20,1048,11,0,0
2026-01-20,1049,18,1,1
2026-01-20,1050,20,3,0
2026-01-20,1051,11,1,0
2026-01-20,1052,19,1,0
2026-01-20,1053,9,1,0
2026-01-20,1054,15,0,0
2026-01-20,1055,12,0,0
2026-01-20,1056,13,0,0
2026-01-20,1057,16,1,1
2026-01-20,1058,13,0,0
2026-01-20,1059,10,1,0
2026-01-20,1060,11,1,0
2026-01-21,1001,25,1,0
2026-01-21,1002,28,6,3
2026-01-21,1003,22,0,0
2026-01-21,1004,34,2,0
2026-01-21,1005,26,3,1
2026-01-21,1006,20,1,0
2026-01-21,1007,27,2,0
2026-01-21,1008,32,2,0
2026-01-21,1009,23,2,0
2026-01-21,1010,25,0,0
2026-01-21,1011,21,3,2
2026-01-21,1012,24,0,0
2026-01-21,1013,21,4,1
2026-01-21,1014,21,3,0
2026-01-21,1015,22,1,1
2026-01-21,1016,19,0,0
2026-01-21,1017,15,1,0
2026-01-21,1018,19,5,1
2026-01-21,1019,30,5,2
2026-01-21,1020,29,1,0
2026-01-21,1021,12,2,0
2026-01-21,1022,27,1,0
2026-01-21,1023,21,0,0
2026-01-21,1024,23,2,0
2026-01-21,1025,20,0,0
2026-01-21,1026,12,0,0
2026-01-21,1027,21,1,0
2026-01-21,1028,22,3,1
2026-01-21,1029,16,1,1
2026-01-21,1030,18,1,1
2026-01-21,1031,26,2,1
2026-01-21,1032,17,1,0
2026-01-21,1033,22,0,0
2026-01-21,1034,28,2,0
2026-01-21,1035,19,2,0
2026-01-21,1036,22,2,0
2026-01-21,1037,21,3,0
2026-01-21,1038,16,4,2
2026-01-21,1039,21,0,0
2026-01-21,1040,15,0,0
2026-01-21,1041,18,0,0
2026-01-21,1042,12,0,0
2026-01-21,1043,14,1,1
2026-01-21,1044,20,1,0
2026-01-21,1045,14,2,0
2026-01-21,1046,20,2,0
2026-01-21,1047,14,0,0
2026-01-21,1048,20,2,2
2026-01-21,1049,12,1,0
2026-01-21,1050,14,0,0
2026-01-21,1051,10,0,0
2026-01-21,1052,24,1,1
2026-01-21,1053,11,0,0
2026-01-21,1054,12,0,0
2026-01-21,1055,11,1,0
2026-01-21,1056,15,1,0
2026-01-21,1057,10,0,0
2026-01-21,1058,12,2,1
2026-01-21,1059,17,1,1
2026-01-21,1060,13,1,0
2026-01-22,1001,21,3,1
2026-01-22,1002,17,1,0
2026-01-22,1003,30,2,1
2026-01-22,1004,25,4,0
2026-01-22,1005,29,5,2
2026-01-22,1006,22,1,0
2026-01-22,1007,25,4,0
2026-01-22,1008,31,3,1
2026-01-22,1009,32,4,3
2026-01-22,1010,25,2,0
2026-01-22,1011,15,3,0
2026-01-22,1012,20,1,0
2026-01-22,1013,30,2,1
2026-01-22,1014,18,3,2
2026-01-22,1015,18,2,0
2026-01-22,1016,17,0,0
2026-01-22,1017,17,1,0
2026-01-22,1018,23,2,1
2026-01-22,1019,16,1,1
2026-01-22,1020,25,3,1
2026-01-22,1021,13,2,1
2026-01-22,1022,21,0,0
2026-01-22,1023,23,0,0
2026-01-22,1024,20,0,0
2026-01-22,1025,29,1,0
2026-01-22,1026,17,0,0
2026-01-22,1027,20,2,0
2026-01-22,1028,24,0,0
2026-01-22,1029,13,1,0
2026-01-22,1030,26,1,0
2026-01-22,1031,23,2,0
2026-01-22,1032,19,5,0
2026-01-22,1033,21,0,0
2026-01-22,1034,25,2,0
2026-01-22,1035,24,1,1
2026-01-22,1036,19,1,0
2026-01-22,1037,23,1,1
2026-01-22,1038,29,5,2
2026-01-22,1039,20,1,1
2026-01-22,1040,15,1,0
2026-01-22,1041,12,0,0
2026-01-22,1042,14,3,0
2026-01-22,1043,11,0,0
2026-01-22,1044,20,0,0
2026-01-22,1045,17,3,0
2026-01-22,1046,16,2,1
2026-01-22,1047,15,1,0
2026-01-22,1048,19,3,1
2026-01-22,1049,11,1,1
2026-01-22,1050,28,1,0
2026-01-22,1051,16,0,0
2026-01-22,1052,10,2,0
2026-01-22,1053,9,0,0
2026-01-22,1054,18,2,1
2026-01-22,1055,20,2,0
2026-01-22,1056,13,0,0
2026-01-22,1057,14,0,0
2026-01-22,1058,13,0,0
2026-01-22,1059,13,0,0
2026-01-22,1060,8,2,1
2026-01-23,1001,16,1,0
2026-01-23,1002,31,1,1
2026-01-23,1003,25,4,1
2026-01-23,1004,25,1,0
2026-01-23,1005,34,2,1
2026-01-23,1006,31,2,0
2026-01-23,1007,24,4,1
2026-01-23,1008,36,6,1
2026-01-23,1009,21,3,0
2026-01-23,1010,31,2,1
2026-01-23,1011,16,2,0
2026-01-23,1012,25,1,1
2026-01-23,1013,21,1,0
2026-01-23,1014,34,4,1
2026-01-23,1015,28,2,1
2026-01-23,1016,16,2,0
2026-01-23,1017,20,1,0
2026-01-23,1018,21,0,0
2026-01-23,1019,20,2,1
2026-01-23,1020,18,1,0
2026-01-23,1021,22,2,1
2026-01-23,1022,14,1,0
2026-01-23,1023,16,2,0
2026-01-23,1024,26,2,0
2026-01-23,1025,15,0,0
2026-01-23,1026,22,3,0
2026-01-23,1027,25,3,0
2026-01-23,1028,27,3,1
2026-01-23,1029,10,1,0
2026-01-23,1030,28,2,1
2026-01-23,1031,24,2,0
2026-01-23,1032,27,1,0
2026-01-23,1033,24,3,1
2026-01-23,1034,17,1,1
2026-01-23,1035,25,2,0
2026-01-23,1036,21,0,0
2026-01-23,1037,28,4,2
2026-01-23,1038,24,3,0
2026-01-23,1039,21,1,0
2026-01-23,1040,17,0,0
2026-01-23,1041,14,1,0
2026-01-23,1042,10,1,0
2026-01-23,1043,11,0,0
2026-01-23,1044,13,0,0
2026-01-23,1045,15,2,1
2026-01-23,1046,10,0,0
2026-01-23,1047,19,0,0
2026-01-23,1048,14,2,0
2026-01-23,1049,17,1,0
2026-01-23,1050,20,0,0
2026-01-23,1051,13,1,0
2026-01-23,1052,12,0,0
2026-01-23,1053,22,1,0
2026-01-23,1054,15,0,0
2026-01-23,1055,8,0,0
2026-01-23,1056,17,1,1
2026-01-23,1057,10,0,0
2026-01-23,1058,12,1,0
2026-01-23,1059,14,1,0
2026-01-23,1060,13,2,2
2026-01-24,1001,20,3,1
2026-01-24,1002,27,1,0
2026-01-24,1003,22,3,1
2026-01-24,1004,17,1,0
2026-01-24,1005,26,2,0
2026-01-24,1006,24,4,2
2026-01-24,1007,21,3,0
2026-01-24,1008,26,1,1
2026-01-24,1009,22,2,1
2026-01-24,1010,27,4,1
2026-01-24,1011,35,4,1
2026-01-24,1012,27,5,2
2026-01-24,1013,17,2,2
2026-01-24,1014,26,2,0
2026-01-24,1015,23,0,0
2026-01-24,1016,31,1,1
2026-01-24,1017,22,3,2
2026-01-24,1018,27,0,0
2026-01-24,1019,21,1,1
2026-01-24,1020,25,3,1
2026-01-24,1021,14,0,0
2026-01-24,1022,26,6,1
2026-01-24,1023,23,2,1
2026-01-24,1024,18,3,1
2026-01-24,1025,20,2,0
2026-01-24,1026,21,1,1
2026-01-24,1027,24,1,0
2026-01-24,1028,14,1,0
2026-01-24,1029,19,2,0
2026-01-24,1030,28,1,1
2026-01-24,1031,26,3,3
2026-01-24,1032,22,0,0
2026-01-24,1033,15,0,0
2026-01-24,1034,19,2,0
2026-01-24,1035,24,2,0
2026-01-24,1036,19,0,0
2026-01-24,1037,24,1,0
2026-01-24,1038,15,1,1
2026-01-24,1039,18,0,0
2026-01-24,1040,25,2,0
2026-01-24,1041,17,0,0
2026-01-24,1042,9,1,1
2026-01-24,1043,23,4,2
2026-01-24,1044,19,3,0
2026-01-24,1045,20,1,0
2026-01-24,1046,15,0,0
2026-01-24,1047,23,3,0
2026-01-24,1048,10,1,1
2026-01-24,1049,9,1,1
2026-01-24,1050,16,0,0
2026-01-24,1051,13,1,0
2026-01-24,1052,11,0,0
2026-01-24,1053,10,1,0
2026-01-24,1054,11,1,0
2026-01-24,1055,10,0,0
2026-01-24,1056,13,0,0
2026-01-24,1057,8,1,0
2026-01-24,1058,13,1,0
2026-01-24,1059,14,2,1
2026-01-24,1060,9,1,1
2026-01-25,1001,36,1,0
2026-01-25,1002,29,2,0
2026-01-25,1003,26,3,0
2026-01-25,1004,25,2,0
2026-01-25,1005,24,3,0
2026-01-25,1006,27,2,1
2026-01-25,1007,25,3,1
2026-01-25,1008,17,3,0
2026-01-25,1009,33,4,1
2026-01-25,1010,20,4,0
2026-01-25,1011,22,6,1
2026-01-25,1012,26,2,1
2026-01-25,1013,25,3,2
2026-01-25,1014,46,7,3
2026-01-25,1015,21,3,0
2026-01-25,1016,25,2,2
2026-01-25,1017,18,0,0
2026-01-25,1018,17,0,0
2026-01-25,1019,22,2,0
2026-01-25,1020,28,0,0
2026-01-25,1021,14,1,0
2026-01-25,1022,18,3,2
2026-01-25,1023,18,1,0
2026-01-25,1024,15,1,0
2026-01-25,1025,27,1,1
2026-01-25,1026,18,0,0
2026-01-25,1027,18,3,1
2026-01-25,1028,24,1,1
2026-01-25,1029,12,1,0
2026-01-25,1030,20,1,0
2026-01-25,1031,16,2,2
2026-01-25,1032,20,2,1
2026-01-25,1033,22,0,0
2026-01-25,1034,24,0,0
2026-01-25,1035,19,0,0
2026-01-25,1036,22,0,0
2026-01-25,1037,31,2,1
2026-01-25,1038,20,3,1
2026-01-25,1039,22,0,0
2026-01-25,1040,21,1,0
2026-01-25,1041,10,1,0
2026-01-25,1042,17,0,0
2026-01-25,1043,15,2,1
2026-01-25,1044,12,2,0
2026-01-25,1045,16,1,1
2026-01-25,1046,17,0,0
2026-01-25,1047,13,2,1
2026-01-25,1048,10,0,0
2026-01-25,1049,19,2,1
2026-01-25,1050,9,0,0
2026-01-25,1051,8,1,0
2026-01-25,1052,12,1,0
2026-01-25,1053,17,0,0
2026-01-25,1054,10,0,0
2026-01-25,1055,17,0,0
2026-01-25,1056,17,2,0
2026-01-25,1057,17,2,1
2026-01-25,1058,16,2,0
2026-01-25,1059,12,2,0
2026-01-25,1060,14,2,0
2026-01-26,1001,26,2,0
2026-01-26,1002,25,2,0
2026-01-26,1003,18,1,0
2026-01-26,1004,18,1,0
2026-01-26,1005,26,6,2
2026-01-26,1006,25,2,0
2026-01-26,1007,24,3,2
2026-01-26,1008,24,3,2
2026-01-26,1009,22,0,0
2026-01-26,1010,19,4,1
2026-01-26,1011,20,3,1
2026-01-26,1012,21,2,1
2026-01-26,1013,23,1,1
2026-01-26,1014,29,4,1
2026-01-26,1015,24,2,2
2026-01-26,1016,26,6,2
2026-01-26,1017,21,1,0
2026-01-26,1018,32,4,1
2026-01-26,1019,25,3,1
2026-01-26,1020,23,1,1
2026-01-26,1021,19,2,0
2026-01-26,1022,14,1,0
2026-01-26,1023,25,0,0
2026-01-26,1024,14,2,1
2026-01-26,1025,23,0,0
2026-01-26,1026,27,0,0
2026-01-26,1027,12,1,1
2026-01-26,1028,23,3,1
2026-01-26,1029,24,0,0
2026-01-26,1030,21,3,0
2026-01-26,1031,23,1,1
2026-01-26,1032,25,2,1
2026-01-26,1033,14,1,0
2026-01-26,1034,23,1,0
2026-01-26,1035,20,2,1
2026-01-26,1036,22,3,0
2026-01-26,1037,16,1,0
2026-01-26,1038,29,2,0
2026-01-26,1039,23,2,1
2026-01-26,1040,26,0,0
2026-01-26,1041,10,0,0
2026-01-26,1042,15,0,0
2026-01-26,1043,11,1,0
2026-01-26,1044,18,0,0
2026-01-26,1045,19,1,0
2026-01-26,1046,15,1,0
2026-01-26,1047,13,2,0
2026-01-26,1048,10,0,0
2026-01-26,1049,12,2,2
2026-01-26,1050,22,0,0
2026-01-26,1051,11,1,1
2026-01-26,1052,14,1,1
2026-01-26,1053,14,0,0
2026-01-26,1054,7,0,0
2026-01-26,1055,11,0,0
2026-01-26,1056,15,2,1
2026-01-26,1057,11,2,0
2026-01-26,1058,9,0,0
2026-01-26,1059,13,1,1
2026-01-26,1060,14,0,0
2026-01-27,1001,21,4,1
2026-01-27,1002,26,2,0
2026-01-27,1003,24,2,0
2026-01-27,1004,19,2,1
2026-01-27,1005,19,3,1
2026-01-27,1006,17,2,0
2026-01-27,1007,34,5,0
2026-01-27,1008,22,2,1
2026-01-27,1009,22,2,0
2026-01-27,1010,26,3,0
2026-01-27,1011,22,1,0
2026-01-27,1012,26,4,0
2026-01-27,1013,23,3,0
2026-01-27,1014,16,1,1
2026-01-27,1015,23,1,0
2026-01-27,1016,23,3,0
2026-01-27,1017,24,3,0
2026-01-27,1018,21,1,0
2026-01-27,1019,22,1,0
2026-01-27,1020,18,1,1
2026-01-27,1021,14,1,0
2026-01-27,1022,22,2,0
2026-01-27,1023,18,1,1
2026-01-27,1024,21,2,1
2026-01-27,1025,18,2,1
2026-01-27,1026,18,0,0
2026-01-27,1027,18,1,0
2026-01-27,1028,27,0,0
2026-01-27,1029,15,0,0
2026-01-27,1030,25,1,1
2026-01-27,1031,13,1,0
2026-01-27,1032,23,3,0
2026-01-27,1033,21,0,0
2026-01-27,1034,27,2,0
2026-01-27,1035,26,1,1
2026-01-27,1036,24,1,0
2026-01-27,1037,24,2,1
2026-01-27,1038,23,0,0
2026-01-27,1039,17,2,1
2026-01-27,1040,22,4,1
2026-01-27,1041,15,2,1
2026-01-27,1042,18,1,0
2026-01-27,1043,15,0,0
2026-01-27,1044,19,3,0
2026-01-27,1045,13,2,1
2026-01-27,1046,14,2,1
2026-01-27,1047,29,4,2
2026-01-27,1048,19,1,0
2026-01-27,1049,12,0,0
2026-01-27,1050,15,0,0
2026-01-27,1051,13,2,1
2026-01-27,1052,10,1,0
2026-01-27,1053,13,1,1
2026-01-27,1054,14,0,0
2026-01-27,1055,13,1,0
2026-01-27,1056,15,4,1
2026-01-27,1057,11,1,0
2026-01-27,1058,6,0,0
2026-01-27,1059,12,0,0
2026-01-27,1060,14,1,0
2026-01-28,1001,26,4,2
2026-01-28,1002,26,3,2
2026-01-28,1003,27,2,1
2026-01-28,1004,21,4,1
2026-01-28,1005,22,0,0
2026-01-28,1006,19,3,1
2026-01-28,1007,25,3,1
2026-01-28,1008,19,2,0
2026-01-28,1009,22,2,1
2026-01-28,1010,26,1,0
2026-01-28,1011,14,1,0
2026-01-28,1012,28,2,2
2026-01-28,1013,20,4,1
2026-01-28,1014,22,2,1
2026-01-28,1015,23,2,0
2026-01-28,1016,21,0,0
2026-01-28,1017,23,2,0
2026-01-28,1018,20,1,0
2026-01-28,1019,21,0,0
2026-01-28,1020,24,4,1
2026-01-28,1021,27,4,2
2026-01-28,1022,16,3,0
2026-01-28,1023,18,0,0
2026-01-28,1024,18,0,0
2026-01-28,1025,13,1,0
2026-01-28,1026,20,0,0
2026-01-28,1027,21,2,1
2026-01-28,1028,13,1,0
2026-01-28,1029,25,2,0
2026-01-28,1030,22,1,1
2026-01-28,1031,21,2,1
2026-01-28,1032,20,0,0
2026-01-28,1033,24,0,0
2026-01-28,1034,22,2,0
2026-01-28,1035,20,1,0
2026-01-28,1036,27,1,0
2026-01-28,1037,18,3,0
2026-01-28,1038,23,2,0
2026-01-28,1039,17,0,0
2026-01-28,1040,25,1,0
2026-01-28,1041,14,1,0
2026-01-28,1042,18,2,1
2026-01-28,1043,20,4,0
2026-01-28,1044,12,0,0
2026-01-28,1045,17,1,1
2026-01-28,1046,14,4,2
2026-01-28,1047,18,1,0
2026-01-28,1048,14,1,0
2026-01-28,1049,18,2,1
2026-01-28,1050,20,2,1
2026-01-28,1051,9,0,0
2026-01-28,1052,11,2,0
2026-01-28,1053,20,1,0
2026-01-28,1054,11,0,0
2026-01-28,1055,13,2,0
2026-01-28,1056,14,2,0
2026-01-28,1057,17,2,0
2026-01-28,1058,9,0,0
2026-01-28,1059,16,1,0
2026-01-28,1060,11,2,0
2026-01-29,1001,21,0,0
2026-01-29,1002,25,2,0
2026-01-29,1003,32,2,0
2026-01-29,1004,27,2,0
2026-01-29,1005,23,2,1
2026-01-29,1006,23,3,2
2026-01-29,1007,22,1,0
2026-01-29,1008,26,4,1
2026-01-29,1009,19,2,0
2026-01-29,1010,23,0,0
2026-01-29,1011,23,1,1
2026-01-29,1012,11,1,1
2026-01-29,1013,23,7,1
2026-01-29,1014,29,5,1
2026-01-29,1015,37,6,1
2026-01-29,1016,22,1,1
2026-01-29,1017,23,4,2
2026-01-29,1018,17,1,0
2026-01-29,1019,28,6,0
2026-01-29,1020,17,2,0
2026-01-29,1021,21,2,0
2026-01-29,1022,25,1,0
2026-01-29,1023,15,1,0
2026-01-29,1024,22,1,0
2026-01-29,1025,30,3,1
2026-01-29,1026,17,0,0
2026-01-29,1027,20,2,1
2026-01-29,1028,14,2,1
2026-01-29,1029,20,0,0
2026-01-29,1030,18,0,0
2026-01-29,1031,17,2,1
2026-01-29,1032,25,0,0
2026-01-29,1033,31,3,1
2026-01-29,1034,22,1,0
2026-01-29,1035,25,1,0
2026-01-29,1036,29,1,1
2026-01-29,1037,22,2,0
2026-01-29,1038,16,5,0
2026-01-29,1039,25,1,0
2026-01-29,1040,31,3,2
2026-01-29,1041,10,1,0
2026-01-29,1042,12,2,0
2026-01-29,1043,13,0,0
2026-01-29,1044,11,3,1
2026-01-29,1045,15,2,0
2026-01-29,1046,21,0,0
2026-01-29,1047,16,1,0
2026-01-29,1048,14,1,0
2026-01-29,1049,14,5,1
2026-01-29,1050,16,0,0
2026-01-29,1051,9,0,0
2026-01-29,1052,11,0,0
2026-01-29,1053,13,1,0
2026-01-29,1054,13,1,0
2026-01-29,1055,17,2,0
2026-01-29,1056,16,0,0
2026-01-29,1057,7,0,0
2026-01-29,1058,15,1,0
2026-01-29,1059,13,3,1
2026-01-29,1060,17,1,0
2026-01-30,1001,21,0,0
2026-01-30,1002,25,1,0
2026-01-30,1003,23,0,0
2026-01-30,1004,27,3,1
2026-01-30,1005,23,2,0
2026-01-30,1006,24,2,1
2026-01-30,1007,24,1,1
2026-01-30,1008,27,1,1
2026-01-30,1009,24,3,0
2026-01-30,1010,21,1,0
2026-01-30,1011,28,7,1
2026-01-30,1012,24,5,1
2026-01-30,1013,19,3,1
2026-01-30,1014,29,3,2
2026-01-30,1015,27,11,2
2026-01-30,1016,19,2,1
2026-01-30,1017,31,4,0
2026-01-30,1018,26,6,2
2026-01-30,1019,20,2,1
2026-01-30,1020,26,2,1
2026-01-30,1021,17,2,0
2026-01-30,1022,18,1,0
2026-01-30,1023,19,1,1
2026-01-30,1024,15,0,0
2026-01-30,1025,21,0,0
2026-01-30,1026,29,2,1
2026-01-30,1027,25,2,0
2026-01-30,1028,22,2,1
2026-01-30,1029,13,2,1
2026-01-30,1030,18,0,0
2026-01-30,1031,28,1,0
2026-01-30,1032,23,0,0
2026-01-30,1033,28,1,0
2026-01-30,1034,21,4,2
2026-01-30,1035,22,2,1
2026-01-30,1036,27,1,0
2026-01-30,1037,25,1,0
2026-01-30,1038,22,4,1
2026-01-30,1039,15,1,0
2026-01-30,1040,14,1,1
2026-01-30,1041,14,0,0
2026-01-30,1042,21,0,0
2026-01-30,1043,16,2,1
2026-01-30,1044,18,0,0
2026-01-30,1045,14,0,0
2026-01-30,1046,13,1,1
2026-01-30,1047,20,2,0
2026-01-30,1048,20,2,1
2026-01-30,1049,16,0,0
2026-01-30,1050,17,2,0
2026-01-30,1051,14,1,1
2026-01-30,1052,20,2,0
2026-01-30,1053,8,0,0
2026-01-30,1054,17,1,1
2026-01-30,1055,18,2,0
2026-01-30,1056,11,0,0
2026-01-30,1057,15,2,0
2026-01-30,1058,10,0,0
2026-01-30,1059,10,0,0
2026-01-30,1060,9,1,1
2026-01-31,1001,26,2,1
2026-01-31,1002,32,4,1
2026-01-31,1003,29,3,0
2026-01-31,1004,27,4,2
2026-01-31,1005,24,2,1
2026-01-31,1006,20,2,0
2026-01-31,1007,30,1,1
2026-01-31,1008,22,4,1
2026-01-31,1009,23,4,1
2026-01-31,1010,18,2,0
2026-01-31,1011,20,2,0
2026-01-31,1012,23,1,1
2026-01-31,1013,27,4,2
2026-01-31,1014,17,2,0
2026-01-31,1015,18,4,2
2026-01-31,1016,24,2,1
2026-01-31,1017,26,6,0
2026-01-31,1018,28,3,0
2026-01-31,1019,23,6,3
2026-01-31,1020,18,2,2
2026-01-31,1021,16,1,0
2026-01-31,1022,18,3,0
2026-01-31,1023,14,1,0
2026-01-31,1024,18,0,0
2026-01-31,1025,20,0,0
2026-01-31,1026,19,3,1
2026-01-31,1027,16,1,0
2026-01-31,1028,18,1,0
2026-01-31,1029,22,3,1
2026-01-31,1030,21,3,0
2026-01-31,1031,16,2,1
2026-01-31,1032,12,1,0
2026-01-31,1033,22,0,0
2026-01-31,1034,20,2,0
2026-01-31,1035,22,0,0
2026-01-31,1036,28,1,0
2026-01-31,1037,29,1,1
2026-01-31,1038,21,3,0
2026-01-31,1039,24,1,1
2026-01-31,1040,17,1,0
2026-01-31,1041,12,1,0
2026-01-31,1042,22,2,1
2026-01-31,1043,12,0,0
2026-01-31,1044,15,0,0
2026-01-31,1045,17,0,0
2026-01-31,1046,18,1,0
2026-01-31,1047,15,4,0
2026-01-31,1048,21,1,0
2026-01-31,1049,11,0,0
2026-01-31,1050,19,0,0
2026-01-31,1051,13,1,0
2026-01-31,1052,12,1,0
2026-01-31,1053,19,0,0
2026-01-31,1054,16,0,0
2026-01-31,1055,17,3,0
2026-01-31,1056,12,1,0
2026-01-31,1057,22,1,0
2026-01-31,1058,13,2,0
2026-01-31,1059,18,1,1
2026-01-31,1060,8,0,0
2026-02-01,1001,28,6,1
2026-02-01,1002,21,4,1
2026-02-01,1003,26,4,2
2026-02-01,1004,23,1,0
2026-02-01,1005,31,2,1
2026-02-01,1006,31,2,2
2026-02-01,1007,20,0,0
2026-02-01,1008,31,5,3
2026-02-01,1009,33,2,0
2026-02-01,1010,35,3,1
2026-02-01,1011,27,3,1
2026-02-01,1012,22,2,1
2026-02-01,1013,25,1,1
2026-02-01,1014,22,1,0
2026-02-01,1015,26,3,0
2026-02-01,1016,29,1,0
2026-02-01,1017,20,0,0
2026-02-01,1018,12,3,0
2026-02-01,1019,32,1,1
2026-02-01,1020,30,8,1
2026-02-01,1021,17,1,1
2026-02-01,1022,21,2,0
2026-02-01,1023,27,2,0
2026-02-01,1024,15,2,0
2026-02-01,1025,21,0,0
2026-02-01,1026,24,0,0
2026-02-01,1027,21,4,1
2026-02-01,1028,21,2,1
2026-02-01,1029,23,0,0
2026-02-01,1030,23,1,1
2026-02-01,1031,24,1,1
2026-02-01,1032,17,1,0
2026-02-01,1033,22,3,1
2026-02-01,1034,24,1,0
2026-02-01,1035,22,3,1
2026-02-01,1036,32,0,0
2026-02-01,1037,25,1,1
2026-02-01,1038,21,1,1
2026-02-01,1039,29,2,0
2026-02-01,1040,19,2,1
2026-02-01,1041,17,1,1
2026-02-01,1042,19,1,1
2026-02-01,1043,14,0,0
2026-02-01,1044,15,3,1
2026-02-01,1045,14,3,0
2026-02-01,1046,10,0,0
2026-02-01,1047,15,1,1
2026-02-01,1048,17,1,0
2026-02-01,1049,12,3,0
2026-02-01,1050,22,0,0
2026-02-01,1051,8,0,0
2026-02-01,1052,12,1,1
2026-02-01,1053,13,1,0
2026-02-01,1054,11,2,0
2026-02-01,1055,11,1,0
2026-02-01,1056,11,0,0
2026-02-01,1057,13,2,1
2026-02-01,1058,8,2,1
2026-02-01,1059,14,1,1
2026-02-01,1060,12,1,0
2026-02-02,1001,22,4,1
2026-02-02,1002,30,5,0
2026-02-02,1003,17,0,0
2026-02-02,1004,23,1,1
2026-02-02,1005,30,3,2
2026-02-02,1006,33,4,1
2026-02-02,1007,29,4,3
2026-02-02,1008,24,2,1
2026-02-02,1009,32,3,1
2026-02-02,1010,20,2,1
2026-02-02,1011,31,3,1
2026-02-02,1012,26,7,1
2026-02-02,1013,25,0,0
2026-02-02,1014,21,0,0
2026-02-02,1015,23,2,0
2026-02-02,1016,29,5,1
2026-02-02,1017,23,3,0
2026-02-02,1018,25,1,1
2026-02-02,1019,18,1,1
2026-02-02,1020,39,6,1
2026-02-02,1021,27,2,2
2026-02-02,1022,20,1,0
2026-02-02,1023,27,1,1
2026-02-02,1024,21,2,0
2026-02-02,1025,21,2,1
2026-02-02,1026,17,2,1
2026-02-02,1027,19,2,1
2026-02-02,1028,25,2,1
2026-02-02,1029,20,1,0
2026-02-02,1030,18,1,0
2026-02-02,1031,16,0,0
2026-02-02,1032,26,4,1
2026-02-02,1033,21,2,2
2026-02-02,1034,24,3,1
2026-02-02,1035,13,0,0
2026-02-02,1036,15,1,1
2026-02-02,1037,21,2,2
2026-02-02,1038,23,1,0
2026-02-02,1039,26,0,0
2026-02-02,1040,22,3,3
2026-02-02,1041,16,3,2
2026-02-02,1042,19,1,0
2026-02-02,1043,17,1,0
2026-02-02,1044,12,0,0
2026-02-02,1045,16,0,0
2026-02-02,1046,16,1,1
2026-02-02,1047,13,1,1
2026-02-02,1048,17,1,1
2026-02-02,1049,14,0,0
2026-02-02,1050,14,1,1
2026-02-02,1051,13,1,1
2026-02-02,1052,11,1,1
2026-02-02,1053,15,1,1
2026-02-02,1054,13,2,0
2026-02-02,1055,15,0,0
2026-02-02,1056,21,1,0
2026-02-02,1057,11,1,0
2026-02-02,1058,14,3,1
2026-02-02,1059,10,0,0
2026-02-02,1060,11,0,0
2026-02-03,1001,19,0,0
2026-02-03,1002,19,0,0
2026-02-03,1003,28,2,0
2026-02-03,1004,26,3,0
2026-02-03,1005,32,1,0
2026-02-03,1006,27,2,0
2026-02-03,1007,27,0,0
2026-02-03,1008,22,3,1
2026-02-03,1009,30,4,1
2026-02-03,1010,29,2,1
2026-02-03,1011,21,2,0
2026-02-03,1012,29,2,1
2026-02-03,1013,23,5,2
2026-02-03,1014,25,0,0
2026-02-03,1015,22,1,0
2026-02-03,1016,22,1,1
2026-02-03,1017,25,4,1
2026-02-03,1018,23,2,1
2026-02-03,1019,29,4,1
2026-02-03,1020,18,2,1
2026-02-03,1021,16,1,1
2026-02-03,1022,28,3,0
2026-02-03,1023,19,1,0
2026-02-03,1024,24,0,0
2026-02-03,1025,23,3,0
2026-02-03,1026,23,2,2
2026-02-03,1027,20,2,0
2026-02-03,1028,18,0,0
2026-02-03,1029,17,1,1
2026-02-03,1030,22,1,1
2026-02-03,1031,24,1,0
2026-02-03,1032,21,0,0
2026-02-03,1033,28,1,1
2026-02-03,1034,23,2,0
2026-02-03,1035,34,4,2
2026-02-03,1036,24,5,2
2026-02-03,1037,19,2,1
2026-02-03,1038,23,3,0
2026-02-03,1039,26,0,0
2026-02-03,1040,16,0,0
2026-02-03,1041,18,1,1
2026-02-03,1042,19,1,1
2026-02-03,1043,22,2,1
2026-02-03,1044,20,2,0
2026-02-03,1045,14,0,0
2026-02-03,1046,19,5,0
2026-02-03,1047,13,3,1
2026-02-03,1048,24,3,1
2026-02-03,1049,16,3,2
2026-02-03,1050,16,1,0
2026-02-03,1051,16,0,0
2026-02-03,1052,10,1,0
2026-02-03,1053,12,1,0
2026-02-03,1054,14,0,0
2026-02-03,1055,12,1,1
2026-02-03,1056,13,0,0
2026-02-03,1057,10,0,0
2026-02-03,1058,20,0,0
2026-02-03,1059,8,1,0
2026-02-03,1060,15,2,1
2026-02-04,1001,24,5,0
2026-02-04,1002,33,6,1
2026-02-04,1003,24,2,0
2026-02-04,1004,22,3,2
2026-02-04,1005,22,1,0
2026-02-04,1006,26,1,0
2026-02-04,1007,22,1,0
2026-02-04,1008,30,5,1
2026-02-04,1009,32,2,0
2026-02-04,1010,33,3,0
2026-02-04,1011,25,3,1
2026-02-04,1012,28,1,1
2026-02-04,1013,18,1,1
2026-02-04,1014,21,3,0
2026-02-04,1015,29,4,1
2026-02-04,1016,24,3,2
2026-02-04,1017,26,3,0
2026-02-04,1018,20,2,1
2026-02-04,1019,18,0,0
2026-02-04,1020,22,7,2
2026-02-04,1021,21,1,1
2026-02-04,1022,23,0,0
2026-02-04,1023,20,4,1
2026-02-04,1024,17,1,0
2026-02-04,1025,23,1,0
2026-02-04,1026,18,0,0
2026-02-04,1027,22,3,3
2026-02-04,1028,28,2,0
2026-02-04,1029,14,1,0
2026-02-04,1030,18,1,0
2026-02-04,1031,18,1,1
2026-02-04,1032,21,2,1
2026-02-04,1033,21,1,0
2026-02-04,1034,21,2,1
2026-02-04,1035,28,4,1
2026-02-04,1036,20,0,0
2026-02-04,1037,24,2,0
2026-02-04,1038,20,3,0
2026-02-04,1039,24,4,0
2026-02-04,1040,25,1,0
2026-02-04,1041,16,0,0
2026-02-04,1042,22,1,0
2026-02-04,1043,18,2,1
2026-02-04,1044,15,1,0
2026-02-04,1045,17,1,0
2026-02-04,1046,16,0,0
2026-02-04,1047,19,1,0
2026-02-04,1048,15,1,1
2026-02-04,1049,15,1,0
2026-02-04,1050,17,3,2
2026-02-04,1051,12,2,0
2026-02-04,1052,14,2,1
2026-02-04,1053,11,0,0
2026-02-04,1054,11,0,0
2026-02-04,1055,15,3,0
2026-02-04,1056,9,1,1
2026-02-04,1057,15,4,1
2026-02-04,1058,13,0,0
2026-02-04,1059,18,0,0
2026-02-04,1060,12,1,0
2026-02-05,1001,19,3,0
2026-02-05,1002,28,2,1
2026-02-05,1003,25,3,1
2026-02-05,1004,21,2,0
2026-02-05,1005,27,1,1
2026-02-05,1006,27,2,1
2026-02-05,1007,21,1,0
2026-02-05,1008,24,3,1
2026-02-05,1009,28,4,1
2026-02-05,1010,36,5,4
2026-02-05,1011,22,4,2
2026-02-05,1012,17,1,1
2026-02-05,1013,30,5,0
2026-02-05,1014,20,2,1
2026-02-05,1015,29,10,2
2026-02-05,1016,20,1,1
2026-02-05,1017,30,4,4
2026-02-05,1018,29,4,0
2026-02-05,1019,20,2,2
2026-02-05,1020,23,2,0
2026-02-05,1021,22,2,0
2026-02-05,1022,14,0,0
2026-02-05,1023,24,1,0
2026-02-05,1024,12,1,0
2026-02-05,1025,20,2,1
2026-02-05,1026,24,1,1
2026-02-05,1027,23,1,0
2026-02-05,1028,17,0,0
2026-02-05,1029,23,2,0
2026-02-05,1030,22,2,0
2026-02-05,1031,23,3,1
2026-02-05,1032,21,5,1
2026-02-05,1033,25,2,1
2026-02-05,1034,21,1,0
2026-02-05,1035,24,2,0
2026-02-05,1036,14,0,0
2026-02-05,1037,26,3,0
2026-02-05,1038,30,1,0
2026-02-05,1039,14,0,0
2026-02-05,1040,27,0,0
2026-02-05,1041,9,1,0
2026-02-05,1042,22,3,0
2026-02-05,1043,19,1,1
2026-02-05,1044,12,1,0
2026-02-05,1045,22,2,0
2026-02-05,1046,16,0,0
2026-02-05,1047,14,1,0
2026-02-05,1048,11,0,0
2026-02-05,1049,14,2,2
2026-02-05,1050,16,1,0
2026-02-05,1051,17,0,0
2026-02-05,1052,11,0,0
2026-02-05,1053,15,1,0
2026-02-05,1054,12,1,0
2026-02-05,1055,10,0,0
2026-02-05,1056,12,1,0
2026-02-05,1057,10,2,0
2026-02-05,1058,19,1,1
2026-02-05,1059,8,0,0
2026-02-05,1060,16,0,0
2026-02-06,1001,23,1,0
2026-02-06,1002,23,1,0
2026-02-06,1003,27,3,0
2026-02-06,1004,24,0,0
2026-02-06,1005,28,1,0
2026-02-06,1006,27,3,0
2026-02-06,1007,27,4,1
2026-02-06,1008,24,3,3
2026-02-06,1009,30,6,1
2026-02-06,1010,23,1,0
2026-02-06,1011,24,3,1
2026-02-06,1012,25,4,0
2026-02-06,1013,23,0,0
2026-02-06,1014,25,3,0
2026-02-06,1015,12,1,1
2026-02-06,1016,28,2,0
2026-02-06,1017,26,3,0
2026-02-06,1018,23,4,1
2026-02-06,1019,26,3,1
2026-02-06,1020,30,5,1
2026-02-06,1021,20,1,0
2026-02-06,1022,18,2,1
2026-02-06,1023,22,0,0
2026-02-06,1024,19,1,1
2026-02-06,1025,19,1,0
2026-02-06,1026,23,2,1
2026-02-06,1027,16,0,0
2026-02-06,1028,15,0,0
2026-02-06,1029,26,0,0
2026-02-06,1030,18,1,0
2026-02-06,1031,17,1,0
2026-02-06,1032,29,3,1
2026-02-06,1033,22,0,0
2026-02-06,1034,32,4,1
2026-02-06,1035,22,2,0
2026-02-06,1036,32,0,0
2026-02-06,1037,23,5,1
2026-02-06,1038,29,3,2
2026-02-06,1039,24,1,0
2026-02-06,1040,15,1,0
2026-02-06,1041,16,0,0
2026-02-06,1042,17,1,0
2026-02-06,1043,17,0,0
2026-02-06,1044,15,1,1
2026-02-06,1045,17,1,1
2026-02-06,1046,20,0,0
2026-02-06,1047,21,1,0
2026-02-06,1048,19,1,1
2026-02-06,1049,18,1,0
2026-02-06,1050,10,1,0
2026-02-06,1051,13,0,0
2026-02-06,1052,17,1,0
2026-02-06,1053,14,1,0
2026-02-06,1054,13,3,0
2026-02-06,1055,15,0,0
2026-02-06,1056,13,1,0
2026-02-06,1057,11,2,0
2026-02-06,1058,13,0,0
2026-02-06,1059,11,0,0
2026-02-06,1060,13,2,0
2026-02-07,1001,14,0,0
2026-02-07,1002,26,3,1
2026-02-07,1003,33,7,2
2026-02-07,1004,29,4,1
2026-02-07,1005,23,1,0
2026-02-07,1006,23,2,1
2026-02-07,1007,24,3,0
2026-02-07,1008,30,1,1
2026-02-07,1009,31,4,1
2026-02-07,1010,32,4,0
2026-02-07,1011,19,1,0
2026-02-07,1012,23,2,1
2026-02-07,1013,28,0,0
2026-02-07,1014,25,3,1
2026-02-07,1015,27,3,1
2026-02-07,1016,16,3,2
2026-02-07,1017,24,1,0
2026-02-07,1018,19,2,0
2026-02-07,1019,21,2,1
2026-02-07,1020,20,1,0
2026-02-07,1021,15,3,1
2026-02-07,1022,15,0,0
2026-02-07,1023,20,2,1
2026-02-07,1024,17,1,0
2026-02-07,1025,22,3,1
2026-02-07,1026,18,2,0
2026-02-07,1027,18,1,0
2026-02-07,1028,10,3,2
2026-02-07,1029,28,2,1
2026-02-07,1030,22,1,0
2026-02-07,1031,22,3,2
2026-02-07,1032,17,3,0
2026-02-07,1033,27,1,1
2026-02-07,1034,27,0,0
2026-02-07,1035,24,1,0
2026-02-07,1036,16,1,0
2026-02-07,1037,27,2,1
2026-02-07,1038,23,0,0
2026-02-07,1039,18,0,0
2026-02-07,1040,23,2,2
2026-02-07,1041,14,0,0
2026-02-07,1042,15,0,0
2026-02-07,1043,19,3,0
2026-02-07,1044,16,1,0
2026-02-07,1045,14,2,0
2026-02-07,1046,19,0,0
2026-02-07,1047,19,0,0
2026-02-07,1048,16,1,0
2026-02-07,1049,18,0,0
2026-02-07,1050,20,1,1
2026-02-07,1051,18,2,0
2026-02-07,1052,14,1,1
2026-02-07,1053,14,3,2
2026-02-07,1054,18,1,0
2026-02-07,1055,9,0,0
2026-02-07,1056,8,1,1
2026-02-07,1057,6,0,0
2026-02-07,1058,11,0,0
2026-02-07,1059,16,0,0
2026-02-07,1060,11,0,0
2026-02-08,1001,17,0,0
2026-02-08,1002,24,1,1
2026-02-08,1003,27,3,1
2026-02-08,1004,20,2,0
2026-02-08,1005,30,3,1
2026-02-08,1006,28,0,0
2026-02-08,1007,21,5,2
2026-02-08,1008,18,4,2
2026-02-08,1009,21,2,1
2026-02-08,1010,29,1,0
2026-02-08,1011,25,1,0
2026-02-08,1012,33,3,1
2026-02-08,1013,25,1,0
2026-02-08,1014,22,1,0
2026-02-08,1015,31,1,0
2026-02-08,1016,18,1,0
2026-02-08,1017,17,2,1
2026-02-08,1018,17,1,0
2026-02-08,1019,21,1,0
2026-02-08,1020,24,1,0
2026-02-08,1021,22,3,1
2026-02-08,1022,21,1,1
2026-02-08,1023,31,1,1
2026-02-08,1024,20,0,0
2026-02-08,1025,15,1,0
2026-02-08,1026,19,1,1
2026-02-08,1027,27,1,0
2026-02-08,1028,15,2,1
2026-02-08,1029,28,4,2
2026-02-08,1030,15,4,1
2026-02-08,1031,33,7,3
2026-02-08,1032,29,4,0
2026-02-08,1033,19,0,0
2026-02-08,1034,16,0,0
2026-02-08,1035,28,3,2
2026-02-08,1036,26,3,2
2026-02-08,1037,22,1,0
2026-02-08,1038,31,2,0
2026-02-08,1039,28,1,0
2026-02-08,1040,22,0,0
2026-02-08,1041,26,1,1
2026-02-08,1042,18,3,1
2026-02-08,1043,16,4,2
2026-02-08,1044,22,2,0
2026-02-08,1045,15,2,1
2026-02-08,1046,14,1,0
2026-02-08,1047,22,1,1
2026-02-08,1048,18,0,0
2026-02-08,1049,14,0,0
2026-02-08,1050,16,0,0
2026-02-08,1051,16,0,0
2026-02-08,1052,17,0,0
2026-02-08,1053,13,1,0
2026-02-08,1054,9,0,0
2026-02-08,1055,20,2,0
2026-02-08,1056,11,1,1
2026-02-08,1057,13,0,0
2026-02-08,1058,12,1,0
2026-02-08,1059,11,0,0
2026-02-08,1060,14,0,0
2026-02-09,1001,21,4,0
2026-02-09,1002,27,5,2
2026-02-09,1003,20,3,0
2026-02-09,1004,28,3,0
2026-02-09,1005,30,6,1
2026-02-09,1006,17,2,1
2026-02-09,1007,22,1,0
2026-02-09,1008,30,5,0
2026-02-09,1009,27,2,1
2026-02-09,1010,32,0,0
2026-02-09,1011,30,4,0
2026-02-09,1012,34,2,1
2026-02-09,1013,33,4,0
2026-02-09,1014,19,0,0
2026-02-09,1015,22,3,1
2026-02-09,1016,23,1,0
2026-02-09,1017,29,2,2
2026-02-09,1018,25,1,1
2026-02-09,1019,29,3,2
2026-02-09,1020,29,2,0
2026-02-09,1021,18,1,1
2026-02-09,1022,25,1,1
2026-02-09,1023,19,1,0
2026-02-09,1024,15,0,0
2026-02-09,1025,23,3,1
2026-02-09,1026,25,2,2
2026-02-09,1027,23,0,0
2026-02-09,1028,20,0,0
2026-02-09,1029,24,1,0
2026-02-09,1030,19,1,1
2026-02-09,1031,29,3,1
2026-02-09,1032,26,2,0
2026-02-09,1033,29,4,2
2026-02-09,1034,26,1,1
2026-02-09,1035,19,0,0
2026-02-09,1036,22,2,0
2026-02-09,1037,27,1,0
2026-02-09,1038,26,4,3
2026-02-09,1039,32,2,0
2026-02-09,1040,14,1,1
2026-02-09,1041,20,2,0
2026-02-09,1042,17,0,0
2026-02-09,1043,20,3,0
2026-02-09,1044,10,1,0
2026-02-09,1045,14,1,0
2026-02-09,1046,19,0,0
2026-02-09,1047,12,0,0
2026-02-09,1048,28,1,0
2026-02-09,1049,17,1,0
2026-02-09,1050,11,2,0
2026-02-09,1051,12,1,0
2026-02-09,1052,11,3,0
2026-02-09,1053,17,0,0
2026-02-09,1054,7,0,0
2026-02-09,1055,11,0,0
2026-02-09,1056,16,3,1
2026-02-09,1057,14,0,0
2026-02-09,1058,11,0,0
2026-02-09,1059,14,2,0
2026-02-09,1060,10,1,1
2026-02-10,1001,22,3,1
2026-02-10,1002,27,2,0
2026-02-10,1003,17,0,0
2026-02-10,1004,30,3,1
2026-02-10,1005,34,2,0
2026-02-10,1006,24,3,2
2026-02-10,1007,25,2,1
2026-02-10,1008,32,2,1
2026-02-10,1009,23,4,1
2026-02-10,1010,34,2,0
2026-02-10,1011,18,6,2
2026-02-10,1012,29,1,0
2026-02-10,1013,27,2,0
2026-02-10,1014,21,3,0
2026-02-10,1015,23,1,1
2026-02-10,1016,26,3,2
2026-02-10,1017,23,1,1
2026-02-10,1018,34,3,2
2026-02-10,1019,22,3,1
2026-02-10,1020,25,2,1
2026-02-10,1021,25,3,1
2026-02-10,1022,26,1,0
2026-02-10,1023,23,1,0
2026-02-10,1024,22,1,0
2026-02-10,1025,26,3,1
2026-02-10,1026,24,2,0
2026-02-10,1027,23,1,1
2026-02-10,1028,18,0,0
2026-02-10,1029,18,1,0
2026-02-10,1030,21,0,0
2026-02-10,1031,28,2,2
2026-02-10,1032,21,0,0
2026-02-10,1033,24,2,0
2026-02-10,1034,31,4,0
2026-02-10,1035,27,0,0
2026-02-10,1036,14,1,0
2026-02-10,1037,27,1,0
2026-02-10,1038,17,1,1
2026-02-10,1039,25,1,0
2026-02-10,1040,11,3,1
2026-02-10,1041,19,3,2
2026-02-10,1042,19,1,0
2026-02-10,1043,10,1,0
2026-02-10,1044,14,1,0
2026-02-10,1045,18,1,1
2026-02-10,1046,11,0,0
2026-02-10,1047,15,1,0
2026-02-10,1048,13,3,0
2026-02-10,1049,10,0,0
2026-02-10,1050,14,1,0
2026-02-10,1051,16,0,0
2026-02-10,1052,16,2,1
2026-02-10,1053,24,1,0
2026-02-10,1054,12,0,0
2026-02-10,1055,14,0,0
2026-02-10,1056,8,1,1
2026-02-10,1057,13,2,0
2026-02-10,1058,11,1,0
2026-02-10,1059,6,0,0
2026-02-10,1060,18,1,0
2026-02-11,1001,21,1,0
2026-02-11,1002,29,1,1
2026-02-11,1003,32,3,0
2026-02-11,1004,25,4,1
2026-02-11,1005,23,4,1
2026-02-11,1006,24,7,2
2026-02-11,1007,21,0,0
2026-02-11,1008,30,1,0
2026-02-11,1009,22,0,0
2026-02-11,1010,21,3,2
2026-02-11,1011,17,2,0
2026-02-11,1012,22,1,0
2026-02-11,1013,17,0,0
2026-02-11,1014,27,5,2
2026-02-11,1015,25,1,0
2026-02-11,1016,23,2,0
2026-02-11,1017,20,2,0
2026-02-11,1018,22,1,0
2026-02-11,1019,29,1,1
2026-02-11,1020,25,3,1
2026-02-11,1021,15,3,0
2026-02-11,1022,11,1,1
2026-02-11,1023,25,1,0
2026-02-11,1024,22,0,0
2026-02-11,1025,19,2,1
2026-02-11,1026,26,3,0
2026-02-11,1027,14,1,0
2026-02-11,1028,17,0,0
2026-02-11,1029,17,1,0
2026-02-11,1030,21,3,1
2026-02-11,1031,20,1,0
2026-02-11,1032,24,0,0
2026-02-11,1033,27,1,1
2026-02-11,1034,21,3,0
2026-02-11,1035,17,5,1
2026-02-11,1036,29,3,0
2026-02-11,1037,30,1,0
2026-02-11,1038,23,6,2
2026-02-11,1039,28,3,0
2026-02-11,1040,26,0,0
2026-02-11,1041,24,2,0
2026-02-11,1042,14,2,0
2026-02-11,1043,20,0,0
2026-02-11,1044,11,0,0
2026-02-11,1045,20,0,0
2026-02-11,1046,8,0,0
2026-02-11,1047,7,1,1
2026-02-11,1048,10,0,0
2026-02-11,1049,16,2,1
2026-02-11,1050,11,0,0
2026-02-11,1051,10,1,0
2026-02-11,1052,12,0,0
2026-02-11,1053,11,0,0
2026-02-11,1054,15,1,1
2026-02-11,1055,13,2,0
2026-02-11,1056,7,1,1
2026-02-11,1057,16,1,0
2026-02-11,1058,18,0,0
2026-02-11,1059,14,0,0
2026-02-11,1060,12,1,0
2026-02-12,1001,33,2,1
2026-02-12,1002,24,5,0
2026-02-12,1003,18,0,0
2026-02-12,1004,33,2,0
2026-02-12,1005,28,2,0
2026-02-12,1006,30,1,0
2026-02-12,1007,39,2,1
2026-02-12,1008,25,3,0
2026-02-12,1009,28,4,1
2026-02-12,1010,31,2,0
2026-02-12,1011,22,1,1
2026-02-12,1012,30,2,1
2026-02-12,1013,27,1,0
2026-02-12,1014,21,4,2
2026-02-12,1015,18,0,0
2026-02-12,1016,29,5,3
2026-02-12,1017,23,2,0
2026-02-12,1018,17,2,0
2026-02-12,1019,22,1,1
2026-02-12,1020,26,3,1
2026-02-12,1021,23,4,0
2026-02-12,1022,24,2,0
2026-02-12,1023,21,1,0
2026-02-12,1024,17,0,0
2026-02-12,1025,18,0,0
2026-02-12,1026,28,1,1
2026-02-12,1027,18,0,0
2026-02-12,1028,18,1,1
2026-02-12,1029,18,2,2
2026-02-12,1030,26,1,1
2026-02-12,1031,19,2,1
2026-02-12,1032,17,1,0
2026-02-12,1033,14,3,2
2026-02-12,1034,19,1,0
2026-02-12,1035,26,0,0
2026-02-12,1036,19,1,0
2026-02-12,1037,16,3,1
2026-02-12,1038,18,1,1
2026-02-12,1039,27,2,1
2026-02-12,1040,19,0,0
2026-02-12,1041,17,4,1
2026-02-12,1042,18,3,2
2026-02-12,1043,13,1,0
2026-02-12,1044,12,1,1
2026-02-12,1045,9,1,0
2026-02-12,1046,17,1,0
2026-02-12,1047,17,0,0
2026-02-12,1048,15,1,1
2026-02-12,1049,17,2,0
2026-02-12,1050,18,1,1
2026-02-12,1051,14,0,0
2026-02-12,1052,11,0,0
2026-02-12,1053,14,2,0
2026-02-12,1054,11,2,1
2026-02-12,1055,13,0,0
2026-02-12,1056,16,0,0
2026-02-12,1057,21,1,0
2026-02-12,1058,15,3,0
2026-02-12,1059,12,0,0
2026-02-12,1060,16,0,0
2026-02-13,1001,31,4,1
2026-02-13,1002,25,1,0
2026-02-13,1003,23,4,1
2026-02-13,1004,23,1,0
2026-02-13,1005,25,2,0
2026-02-13,1006,27,2,1
2026-02-13,1007,37,5,1
2026-02-13,1008,30,3,1
2026-02-13,1009,30,6,2
2026-02-13,1010,31,5,1
2026-02-13,1011,20,3,0
2026-02-13,1012,25,2,0
2026-02-13,1013,24,1,0
2026-02-13,1014,24,1,0
2026-02-13,1015,23,4,0
2026-02-13,1016,22,3,0
2026-02-13,1017,20,4,0
2026-02-13,1018,26,3,1
2026-02-13,1019,25,0,0
2026-02-13,1020,23,3,2
2026-02-13,1021,13,0,0
2026-02-13,1022,10,1,0
2026-02-13,1023,26,1,0
2026-02-13,1024,21,2,0
2026-02-13,1025,30,4,1
2026-02-13,1026,22,3,0
2026-02-13,1027,22,0,0
2026-02-13,1028,14,0,0
2026-02-13,1029,20,3,1
2026-02-13,1030,23,0,0
2026-02-13,1031,26,2,0
2026-02-13,1032,22,1,1
2026-02-13,1033,23,0,0
2026-02-13,1034,29,1,0
2026-02-13,1035,35,2,0
2026-02-13,1036,30,1,1
2026-02-13,1037,27,2,1
2026-02-13,1038,24,2,1
2026-02-13,1039,22,0,0
2026-02-13,1040,24,2,2
2026-02-13,1041,20,3,1
2026-02-13,1042,14,1,0
2026-02-13,1043,9,0,0
2026-02-13,1044,17,2,1
2026-02-13,1045,15,2,1
2026-02-13,1046,18,2,0
2026-02-13,1047,21,1,0
2026-02-13,1048,10,0,0
2026-02-13,1049,24,1,0
2026-02-13,1050,24,2,0
2026-02-13,1051,16,1,0
2026-02-13,1052,16,1,0
2026-02-13,1053,14,2,1
2026-02-13,1054,8,0,0
2026-02-13,1055,9,0,0
2026-02-13,1056,18,2,1
2026-02-13,1057,9,2,1
2026-02-13,1058,15,0,0
2026-02-13,1059,17,0,0
2026-02-13,1060,12,1,1
2026-02-14,1001,26,3,2
2026-02-14,1002,27,5,2
2026-02-14,1003,24,1,0
2026-02-14,1004,18,3,1
2026-02-14,1005,27,2,1
2026-02-14,1006,24,0,0
2026-02-14,1007,36,3,0
2026-02-14,1008,21,2,0
2026-02-14,1009,20,2,1
2026-02-14,1010,20,4,1
2026-02-14,1011,18,1,1
2026-02-14,1012,30,3,1
2026-02-14,1013,24,1,0
2026-02-14,1014,29,1,0
2026-02-14,1015,28,4,2
2026-02-14,1016,21,0,0
2026-02-14,1017,26,3,1
2026-02-14,1018,30,3,1
2026-02-14,1019,24,4,1
2026-02-14,1020,23,4,1
2026-02-14,1021,23,3,0
2026-02-14,1022,25,1,1
2026-02-14,1023,24,3,2
2026-02-14,1024,25,0,0
2026-02-14,1025,17,1,0
2026-02-14,1026,21,3,1
2026-02-14,1027,14,0,0
2026-02-14,1028,20,2,1
2026-02-14,1029,20,2,0
2026-02-14,1030,18,1,0
2026-02-14,1031,20,3,0
2026-02-14,1032,18,1,1
2026-02-14,1033,28,3,1
2026-02-14,1034,24,3,1
2026-02-14,1035,25,1,0
2026-02-14,1036,16,0,0
2026-02-14,1037,23,0,0
2026-02-14,1038,23,2,1
2026-02-14,1039,19,1,0
2026-02-14,1040,25,5,2
2026-02-14,1041,15,1,0
2026-02-14,1042,20,3,1
2026-02-14,1043,17,1,0
2026-02-14,1044,16,0,0
2026-02-14,1045,18,2,1
2026-02-14,1046,14,2,0
2026-02-14,1047,14,2,2
2026-02-14,1048,30,3,1
2026-02-14,1049,15,1,0
2026-02-14,1050,11,0,0
2026-02-14,1051,14,2,0
2026-02-14,1052,15,1,0
2026-02-14,1053,12,0,0
2026-02-14,1054,11,0,0
2026-02-14,1055,15,1,0
2026-02-14,1056,7,0,0
2026-02-14,1057,16,1,0
2026-02-14,1058,11,1,1
2026-02-14,1059,7,1,0
2026-02-14,1060,12,3,1
2026-02-15,1001,22,2,1
2026-02-15,1002,21,1,0
2026-02-15,1003,37,2,0
2026-02-15,1004,28,3,0
2026-02-15,1005,33,4,3
2026-02-15,1006,21,4,1
2026-02-15,1007,33,5,1
2026-02-15,1008,24,0,0
2026-02-15,1009,31,3,0
2026-02-15,1010,28,2,0
2026-02-15,1011,17,2,0
2026-02-15,1012,30,3,3
2026-02-15,1013,31,5,2
2026-02-15,1014,40,3,0
2026-02-15,1015,20,1,1
2026-02-15,1016,26,4,1
2026-02-15,1017,31,2,0
2026-02-15,1018,17,0,0
2026-02-15,1019,19,1,0
2026-02-15,1020,38,7,1
2026-02-15,1021,26,1,0
2026-02-15,1022,27,2,1
2026-02-15,1023,23,2,0
2026-02-15,1024,25,3,0
2026-02-15,1025,22,2,0
2026-02-15,1026,18,2,1
2026-02-15,1027,21,2,1
2026-02-15,1028,17,0,0
2026-02-15,1029,22,2,0
2026-02-15,1030,24,2,0
2026-02-15,1031,28,2,0
2026-02-15,1032,23,2,0
2026-02-15,1033,22,1,0
2026-02-15,1034,15,1,0
2026-02-15,1035,19,1,1
2026-02-15,1036,25,1,1
2026-02-15,1037,20,1,0
2026-02-15,1038,27,1,0
2026-02-15,1039,21,0,0
2026-02-15,1040,19,3,1
2026-02-15,1041,22,0,0
2026-02-15,1042,12,2,1
2026-02-15,1043,14,3,0
2026-02-15,1044,21,1,1
2026-02-15,1045,14,1,0
2026-02-15,1046,20,0,0
2026-02-15,1047,21,1,1
2026-02-15,1048,17,2,0
2026-02-15,1049,17,2,1
2026-02-15,1050,11,1,0
2026-02-15,1051,21,2,2
2026-02-15,1052,16,3,1
2026-02-15,1053,7,0,0
2026-02-15,1054,14,0,0
2026-02-15,1055,12,0,0
2026-02-15,1056,16,0,0
2026-02-15,1057,19,0,0
2026-02-15,1058,9,0,0
2026-02-15,1059,13,0,0
2026-02-15,1060,11,0,0
2026-02-16,1001,24,3,2
2026-02-16,1002,30,1,0
2026-02-16,1003,26,4,2
2026-02-16,1004,28,3,1
2026-02-16,1005,21,5,0
2026-02-16,1006,30,3,1
2026-02-16,1007,20,3,1
2026-02-16,1008,33,4,0
2026-02-16,1009,31,3,1
2026-02-16,1010,38,3,1
2026-02-16,1011,34,2,1
2026-02-16,1012,29,3,3
2026-02-16,1013,17,1,0
2026-02-16,1014,24,1,1
2026-02-16,1015,18,2,0
2026-02-16,1016,33,3,1
2026-02-16,1017,22,1,0
2026-02-16,1018,25,3,0
2026-02-16,1019,23,5,3
2026-02-16,1020,23,3,1
2026-02-16,1021,16,1,1
2026-02-16,1022,17,2,1
2026-02-16,1023,23,1,0
2026-02-16,1024,29,4,0
2026-02-16,1025,26,0,0
2026-02-16,1026,21,2,2
2026-02-16,1027,13,1,0
2026-02-16,1028,20,3,0
2026-02-16,1029,15,1,0
2026-02-16,1030,24,2,1
2026-02-16,1031,22,3,1
2026-02-16,1032,26,1,0
2026-02-16,1033,27,1,0
2026-02-16,1034,33,2,0
2026-02-16,1035,23,4,1
2026-02-16,1036,15,0,0
2026-02-16,1037,24,1,0
2026-02-16,1038,28,3,1
2026-02-16,1039,26,3,1
2026-02-16,1040,26,1,0
2026-02-16,1041,22,0,0
2026-02-16,1042,21,2,1
2026-02-16,1043,16,2,2
2026-02-16,1044,14,0,0
2026-02-16,1045,16,0,0
2026-02-16,1046,14,0,0
2026-02-16,1047,16,2,2
2026-02-16,1048,22,2,1
2026-02-16,1049,19,1,0
2026-02-16,1050,19,1,0
2026-02-16,1051,17,1,0
2026-02-16,1052,12,1,0
2026-02-16,1053,13,0,0
2026-02-16,1054,14,1,0
2026-02-16,1055,17,2,0
2026-02-16,1056,17,3,2
2026-02-16,1057,14,2,0
2026-02-16,1058,12,0,0
2026-02-16,1059,16,0,0
2026-02-16,1060,19,4,0
2026-02-17,1001,15,0,0
2026-02-17,1002,25,1,0
2026-02-17,1003,33,3,2
2026-02-17,1004,22,0,0
2026-02-17,1005,26,0,0
2026-02-17,1006,30,1,0
2026-02-17,1007,22,3,1
2026-02-17,1008,25,2,0
2026-02-17,1009,23,4,0
2026-02-17,1010,26,2,0
2026-02-17,1011,21,3,0
2026-02-17,1012,26,5,1
2026-02-17,1013,21,1,0
2026-02-17,1014,26,3,0
2026-02-17,1015,22,1,1
2026-02-17,1016,25,3,1
2026-02-17,1017,26,2,0
2026-02-17,1018,27,4,2
2026-02-17,1019,22,3,1
2026-02-17,1020,16,0,0
2026-02-17,1021,21,1,0
2026-02-17,1022,17,3,1
2026-02-17,1023,20,1,1
2026-02-17,1024,24,1,0
2026-02-17,1025,23,4,0
2026-02-17,1026,18,4,1
2026-02-17,1027,22,2,1
2026-02-17,1028,15,4,1
2026-02-17,1029,21,3,0
2026-02-17,1030,19,2,1
2026-02-17,1031,14,0,0
2026-02-17,1032,26,1,1
2026-02-17,1033,27,2,0
2026-02-17,1034,29,1,0
2026-02-17,1035,24,1,0
2026-02-17,1036,15,1,0
2026-02-17,1037,25,3,0
2026-02-17,1038,17,1,1
2026-02-17,1039,17,0,0
2026-02-17,1040,22,1,0
2026-02-17,1041,21,4,1
2026-02-17,1042,16,2,1
2026-02-17,1043,15,0,0
2026-02-17,1044,12,1,0
2026-02-17,1045,20,0,0
2026-02-17,1046,16,1,0
2026-02-17,1047,12,3,0
2026-02-17,1048,28,2,0
2026-02-17,1049,23,3,0
2026-02-17,1050,13,1,0
2026-02-17,1051,12,0,0
2026-02-17,1052,12,0,0
2026-02-17,1053,12,1,0
2026-02-17,1054,20,4,0
2026-02-17,1055,13,2,1
2026-02-17,1056,13,1,0
2026-02-17,1057,14,1,0
2026-02-17,1058,9,1,1
2026-02-17,1059,17,0,0
2026-02-17,1060,8,0,0
2026-02-18,1001,23,2,1
2026-02-18,1002,22,2,0
2026-02-18,1003,38,2,0
2026-02-18,1004,25,4,1
2026-02-18,1005,26,6,1
2026-02-18,1006,26,3,1
2026-02-18,1007,32,5,2
2026-02-18,1008,33,3,1
2026-02-18,1009,23,2,0
2026-02-18,1010,27,6,1
2026-02-18,1011,23,2,1
2026-02-18,1012,16,2,0
2026-02-18,1013,26,0,0
2026-02-18,1014,24,1,0
2026-02-18,1015,23,2,1
2026-02-18,1016,26,4,1
2026-02-18,1017,22,5,2
2026-02-18,1018,25,1,1
2026-02-18,1019,19,4,0
2026-02-18,1020,27,5,0
2026-02-18,1021,29,2,1
2026-02-18,1022,25,0,0
2026-02-18,1023,30,0,0
2026-02-18,1024,15,0,0
2026-02-18,1025,16,1,0
2026-02-18,1026,13,0,0
2026-02-18,1027,18,1,1
2026-02-18,1028,18,1,0
2026-02-18,1029,18,0,0
2026-02-18,1030,20,2,0
2026-02-18,1031,22,0,0
2026-02-18,1032,22,2,0
2026-02-18,1033,18,1,0
2026-02-18,1034,16,1,0
2026-02-18,1035,26,0,0
2026-02-18,1036,23,1,0
2026-02-18,1037,25,5,0
2026-02-18,1038,27,1,0
2026-02-18,1039,22,0,0
2026-02-18,1040,21,2,1
2026-02-18,1041,18,1,1
2026-02-18,1042,20,2,1
2026-02-18,1043,11,1,0
2026-02-18,1044,16,0,0
2026-02-18,1045,17,2,1
2026-02-18,1046,12,2,0
2026-02-18,1047,15,0,0
2026-02-18,1048,20,1,0
2026-02-18,1049,21,3,2
2026-02-18,1050,10,1,1
2026-02-18,1051,13,0,0
2026-02-18,1052,16,1,0
2026-02-18,1053,14,1,0
2026-02-18,1054,9,0,0
2026-02-18,1055,13,0,0
2026-02-18,1056,13,0,0
2026-02-18,1057,16,0,0
2026-02-18,1058,16,1,1
2026-02-18,1059,10,1,0
2026-02-18,1060,12,0,0
2026-02-19,1001,20,1,0
2026-02-19,1002,22,3,1
2026-02-19,1003,33,6,1
2026-02-19,1004,32,6,2
2026-02-19,1005,32,5,1
2026-02-19,1006,23,5,1
2026-02-19,1007,25,2,0
2026-02-19,1008,32,3,1
2026-02-19,1009,20,2,1
2026-02-19,1010,17,1,0
2026-02-19,1011,18,4,0
2026-02-19,1012,27,3,1
2026-02-19,1013,28,2,1
2026-02-19,1014,23,2,0
2026-02-19,1015,25,1,0
2026-02-19,1016,24,3,1
2026-02-19,1017,34,7,0
2026-02-19,1018,36,2,1
2026-02-19,1019,16,2,0
2026-02-19,1020,20,4,2
2026-02-19,1021,21,1,0
2026-02-19,1022,19,0,0
2026-02-19,1023,23,0,0
2026-02-19,1024,21,3,1
2026-02-19,1025,20,2,1
2026-02-19,1026,21,3,1
2026-02-19,1027,19,3,0
2026-02-19,1028,22,3,1
2026-02-19,1029,19,1,0
2026-02-19,1030,20,3,1
2026-02-19,1031,22,1,1
2026-02-19,1032,22,1,0
2026-02-19,1033,24,1,0
2026-02-19,1034,20,2,1
2026-02-19,1035,29,2,0
2026-02-19,1036,18,0,0
2026-02-19,1037,25,2,2
2026-02-19,1038,16,1,0
2026-02-19,1039,19,0,0
2026-02-19,1040,14,0,0
2026-02-19,1041,20,1,0
2026-02-19,1042,19,1,0
2026-02-19,1043,14,0,0
2026-02-19,1044,10,1,1
2026-02-19,1045,16,2,0
2026-02-19,1046,15,0,0
2026-02-19,1047,15,1,0
2026-02-19,1048,19,3,0
2026-02-19,1049,14,1,1
2026-02-19,1050,15,1,0
2026-02-19,1051,11,1,0
2026-02-19,1052,9,0,0
2026-02-19,1053,10,0,0
2026-02-19,1054,13,1,1
2026-02-19,1055,22,1,0
2026-02-19,1056,14,2,0
2026-02-19,1057,11,0,0
2026-02-19,1058,10,0,0
2026-02-19,1059,11,1,0
2026-02-19,1060,8,1,0
2026-02-20,1001,30,1,1
2026-02-20,1002,23,0,0
2026-02-20,1003,26,4,2
2026-02-20,1004,24,3,1
2026-02-20,1005,28,2,0
2026-02-20,1006,19,3,1
2026-02-20,1007,16,1,1
2026-02-20,1008,28,4,1
2026-02-20,1009,27,5,2
2026-02-20,1010,36,2,0
2026-02-20,1011,23,3,0
2026-02-20,1012,15,1,0
2026-02-20,1013,23,1,0
2026-02-20,1014,19,2,1
2026-02-20,1015,35,3,1
2026-02-20,1016,23,4,0
2026-02-20,1017,22,1,1
2026-02-20,1018,24,1,1
2026-02-20,1019,23,3,0
2026-02-20,1020,29,1,1
2026-02-20,1021,14,1,0
2026-02-20,1022,15,0,0
2026-02-20,1023,17,2,1
2026-02-20,1024,20,2,1
2026-02-20,1025,20,0,0
2026-02-20,1026,22,3,0
2026-02-20,1027,22,3,0
2026-02-20,1028,20,2,1
2026-02-20,1029,23,0,0
2026-02-20,1030,17,1,0
2026-02-20,1031,22,3,2
2026-02-20,1032,20,1,0
2026-02-20,1033,20,0,0
2026-02-20,1034,28,1,1
2026-02-20,1035,29,1,0
2026-02-20,1036,20,0,0
2026-02-20,1037,23,2,1
2026-02-20,1038,30,3,2
2026-02-20,1039,18,0,0
2026-02-20,1040,25,3,1
2026-02-20,1041,18,2,1
2026-02-20,1042,16,1,1
2026-02-20,1043,18,2,0
2026-02-20,1044,20,0,0
2026-02-20,1045,20,0,0
2026-02-20,1046,10,1,1
2026-02-20,1047,15,1,0
2026-02-20,1048,10,0,0
2026-02-20,1049,18,0,0
2026-02-20,1050,16,1,0
2026-02-20,1051,12,3,2
2026-02-20,1052,16,0,0
2026-02-20,1053,8,2,0
2026-02-20,1054,13,3,3
2026-02-20,1055,14,2,1
2026-02-20,1056,14,0,0
2026-02-20,1057,21,0,0
2026-02-20,1058,11,1,0
2026-02-20,1059,13,1,0
2026-02-20,1060,17,0,0
2026-02-21,1001,30,6,2
2026-02-21,1002,26,2,1
2026-02-21,1003,19,3,1
2026-02-21,1004,31,5,0
2026-02-21,1005,24,3,0
2026-02-21,1006,26,0,0
2026-02-21,1007,25,2,0
2026-02-21,1008,31,0,0
2026-02-21,1009,30,1,0
2026-02-21,1010,29,7,1
2026-02-21,1011,24,2,1
2026-02-21,1012,22,1,0
2026-02-21,1013,22,2,2
2026-02-21,1014,23,4,1
2026-02-21,1015,25,1,0
2026-02-21,1016,30,4,1
2026-02-21,1017,20,3,1
2026-02-21,1018,28,7,2
2026-02-21,1019,30,4,1
2026-02-21,1020,29,3,0
2026-02-21,1021,20,0,0
2026-02-21,1022,19,2,0
2026-02-21,1023,28,0,0
2026-02-21,1024,18,2,0
2026-02-21,1025,21,2,1
2026-02-21,1026,17,1,1
2026-02-21,1027,24,3,1
2026-02-21,1028,23,1,0
2026-02-21,1029,14,2,0
2026-02-21,1030,14,1,1
2026-02-21,1031,27,4,2
2026-02-21,1032,19,1,0
2026-02-21,1033,15,3,0
2026-02-21,1034,19,0,0
2026-02-21,1035,23,2,2
2026-02-21,1036,16,0,0
2026-02-21,1037,21,2,1
2026-02-21,1038,18,0,0
2026-02-21,1039,24,2,1
2026-02-21,1040,20,1,0
2026-02-21,1041,21,0,0
2026-02-21,1042,15,2,0
2026-02-21,1043,22,1,0
2026-02-21,1044,20,3,0
2026-02-21,1045,14,0,0
2026-02-21,1046,16,2,1
2026-02-21,1047,12,0,0
2026-02-21,1048,12,1,0
2026-02-21,1049,17,1,0
2026-02-21,1050,15,0,0
2026-02-21,1051,6,0,0
2026-02-21,1052,15,0,0
2026-02-21,1053,11,1,0
2026-02-21,1054,17,2,1
2026-02-21,1055,15,4,2
2026-02-21,1056,22,2,1
2026-02-21,1057,15,2,1
2026-02-21,1058,8,2,0
2026-02-21,1059,10,1,0
2026-02-21,1060,20,2,1
2026-02-22,1001,27,2,0
2026-02-22,1002,18,1,0
2026-02-22,1003,30,3,1
2026-02-22,1004,30,4,0
2026-02-22,1005,31,3,0
2026-02-22,1006,22,1,0
2026-02-22,1007,29,2,1
2026-02-22,1008,28,2,0
2026-02-22,1009,27,3,1
2026-02-22,1010,23,2,0
2026-02-22,1011,31,2,1
2026-02-22,1012,32,3,1
2026-02-22,1013,24,2,1
2026-02-22,1014,18,0,0
2026-02-22,1015,18,2,1
2026-02-22,1016,26,2,0
2026-02-22,1017,22,2,1
2026-02-22,1018,28,4,2
2026-02-22,1019,28,4,1
2026-02-22,1020,28,3,0
2026-02-22,1021,22,1,0
2026-02-22,1022,19,3,1
2026-02-22,1023,21,3,2
2026-02-22,1024,17,0,0
2026-02-22,1025,25,2,1
2026-02-22,1026,18,1,1
2026-02-22,1027,25,0,0
2026-02-22,1028,11,1,0
2026-02-22,1029,13,1,0
2026-02-22,1030,14,1,0
2026-02-22,1031,17,2,1
2026-02-22,1032,20,3,2
2026-02-22,1033,9,2,0
2026-02-22,1034,24,1,1
2026-02-22,1035,27,1,0
2026-02-22,1036,18,0,0
2026-02-22,1037,14,2,0
2026-02-22,1038,15,0,0
2026-02-22,1039,25,1,0
2026-02-22,1040,29,1,1
2026-02-22,1041,10,1,1
2026-02-22,1042,6,0,0
2026-02-22,1043,20,2,1
2026-02-22,1044,18,2,0
2026-02-22,1045,19,1,0
2026-02-22,1046,18,3,0
2026-02-22,1047,18,2,1
2026-02-22,1048,17,2,1
2026-02-22,1049,22,2,1
2026-02-22,1050,11,2,1
2026-02-22,1051,8,1,1
2026-02-22,1052,19,0,0
2026-02-22,1053,18,0,0
2026-02-22,1054,8,1,0
2026-02-22,1055,11,1,1
2026-02-22,1056,10,0,0
2026-02-22,1057,16,0,0
2026-02-22,1058,8,0,0
2026-02-22,1059,20,0,0
2026-02-22,1060,13,1,0
2026-02-23,1001,28,4,1
2026-02-23,1002,27,1,1
2026-02-23,1003,34,2,0
2026-02-23,1004,20,1,0
2026-02-23,1005,34,1,1
2026-02-23,1006,25,5,2
2026-02-23,1007,17,0,0
2026-02-23,1008,21,1,0
2026-02-23,1009,23,2,0
2026-02-23,1010,29,2,2
2026-02-23,1011,21,1,0
2026-02-23,1012,28,3,2
2026-02-23,1013,26,0,0
2026-02-23,1014,22,0,0
2026-02-23,1015,17,0,0
2026-02-23,1016,24,1,0
2026-02-23,1017,26,3,1
2026-02-23,1018,29,2,1
2026-02-23,1019,21,5,0
2026-02-23,1020,24,2,0
2026-02-23,1021,22,3,1
2026-02-23,1022,24,2,1
2026-02-23,1023,22,2,1
2026-02-23,1024,19,0,0
2026-02-23,1025,15,0,0
2026-02-23,1026,25,2,0
2026-02-23,1027,30,1,0
2026-02-23,1028,24,0,0
2026-02-23,1029,26,2,1
2026-02-23,1030,20,1,0
2026-02-23,1031,24,0,0
2026-02-23,1032,16,0,0
2026-02-23,1033,34,9,1
2026-02-23,1034,21,0,0
2026-02-23,1035,27,0,0
2026-02-23,1036,20,4,0
2026-02-23,1037,24,3,2
2026-02-23,1038,22,2,1
2026-02-23,1039,24,0,0
2026-02-23,1040,28,3,0
2026-02-23,1041,26,5,0
2026-02-23,1042,15,3,1
2026-02-23,1043,19,2,0
2026-02-23,1044,18,2,0
2026-02-23,1045,11,2,0
2026-02-23,1046,12,1,0
2026-02-23,1047,16,0,0
2026-02-23,1048,14,2,1
2026-02-23,1049,12,0,0
2026-02-23,1050,17,2,1
2026-02-23,1051,14,0,0
2026-02-23,1052,14,0,0
2026-02-23,1053,13,0,0
2026-02-23,1054,15,2,0
2026-02-23,1055,18,1,1
2026-02-23,1056,15,1,1
2026-02-23,1057,12,1,1
2026-02-23,1058,17,1,0
2026-02-23,1059,10,0,0
2026-02-23,1060,18,1,0
2026-02-24,1001,28,2,0
2026-02-24,1002,30,2,0
2026-02-24,1003,26,2,1
2026-02-24,1004,41,4,0
2026-02-24,1005,19,1,0
2026-02-24,1006,27,4,1
2026-02-24,1007,20,0,0
2026-02-24,1008,25,3,2
2026-02-24,1009,33,3,1
2026-02-24,1010,19,0,0
2026-02-24,1011,17,3,1
2026-02-24,1012,25,4,2
2026-02-24,1013,26,1,0
2026-02-24,1014,23,0,0
2026-02-24,1015,25,1,0
2026-02-24,1016,34,1,0
2026-02-24,1017,23,0,0
2026-02-24,1018,24,3,0
2026-02-24,1019,27,1,1
2026-02-24,1020,14,0,0
2026-02-24,1021,29,1,0
2026-02-24,1022,19,0,0
2026-02-24,1023,30,1,1
2026-02-24,1024,31,3,1
2026-02-24,1025,17,0,0
2026-02-24,1026,19,1,0
2026-02-24,1027,18,0,0
2026-02-24,1028,21,1,0
2026-02-24,1029,19,2,0
2026-02-24,1030,16,2,1
2026-02-24,1031,17,1,0
2026-02-24,1032,18,3,1
2026-02-24,1033,14,1,1
2026-02-24,1034,23,0,0
2026-02-24,1035,20,0,0
2026-02-24,1036,23,3,1
2026-02-24,1037,24,2,1
2026-02-24,1038,21,1,1
2026-02-24,1039,28,2,1
2026-02-24,1040,17,2,1
2026-02-24,1041,20,0,0
2026-02-24,1042,17,1,0
2026-02-24,1043,12,1,0
2026-02-24,1044,17,1,0
2026-02-24,1045,16,1,0
2026-02-24,1046,14,0,0
2026-02-24,1047,16,1,0
2026-02-24,1048,10,2,1
2026-02-24,1049,22,1,1
2026-02-24,1050,16,2,0
2026-02-24,1051,11,0,0
2026-02-24,1052,19,1,1
2026-02-24,1053,12,0,0
2026-02-24,1054,10,1,1
2026-02-24,1055,17,1,0
2026-02-24,1056,11,0,0
2026-02-24,1057,12,0,0
2026-02-24,1058,10,0,0
2026-02-24,1059,16,1,0
2026-02-24,1060,15,0,0
2026-02-25,1001,32,4,0
2026-02-25,1002,18,2,0
2026-02-25,1003,24,0,0
2026-02-25,1004,31,3,1
2026-02-25,1005,20,0,0
2026-02-25,1006,27,1,0
2026-02-25,1007,22,4,1
2026-02-25,1008,24,2,0
2026-02-25,1009,25,3,3
2026-02-25,1010,17,3,1
2026-02-25,1011,25,2,1
2026-02-25,1012,26,4,2
2026-02-25,1013,17,2,1
2026-02-25,1014,22,2,0
2026-02-25,1015,24,3,2
2026-02-25,1016,17,2,0
2026-02-25,1017,18,4,0
2026-02-25,1018,20,1,1
2026-02-25,1019,28,1,0
2026-02-25,1020,20,1,0
2026-02-25,1021,17,1,0
2026-02-25,1022,22,1,0
2026-02-25,1023,26,1,0
2026-02-25,1024,17,3,1
2026-02-25,1025,14,1,0
2026-02-25,1026,17,3,0
2026-02-25,1027,22,3,0
2026-02-25,1028,17,1,0
2026-02-25,1029,26,0,0
2026-02-25,1030,17,2,1
2026-02-25,1031,24,1,0
2026-02-25,1032,28,3,1
2026-02-25,1033,23,0,0
2026-02-25,1034,25,1,0
2026-02-25,1035,23,1,1
2026-02-25,1036,31,0,0
2026-02-25,1037,20,0,0
2026-02-25,1038,16,0,0
2026-02-25,1039,23,0,0
2026-02-25,1040,22,1,0
2026-02-25,1041,16,0,0
2026-02-25,1042,19,0,0
2026-02-25,1043,11,2,2
2026-02-25,1044,21,2,1
2026-02-25,1045,17,1,0
2026-02-25,1046,19,3,3
2026-02-25,1047,10,1,0
2026-02-25,1048,16,1,0
2026-02-25,1049,16,1,1
2026-02-25,1050,19,1,0
2026-02-25,1051,15,0,0
2026-02-25,1052,15,3,2
2026-02-25,1053,10,0,0
2026-02-25,1054,16,0,0
2026-02-25,1055,7,1,0
2026-02-25,1056,14,1,0
2026-02-25,1057,13,2,2
2026-02-25,1058,11,0,0
2026-02-25,1059,8,1,0
2026-02-25,1060,11,2,0
2026-02-26,1001,22,1,0
2026-02-26,1002,22,3,1
2026-02-26,1003,31,1,0
2026-02-26,1004,36,3,0
2026-02-26,1005,26,7,0
2026-02-26,1006,25,0,0
2026-02-26,1007,24,3,1
2026-02-26,1008,18,0,0
2026-02-26,1009,25,1,0
2026-02-26,1010,28,1,1
2026-02-26,1011,24,3,0
2026-02-26,1012,27,2,1
2026-02-26,1013,17,2,0
2026-02-26,1014,22,4,1
2026-02-26,1015,27,2,1
2026-02-26,1016,22,2,2
2026-02-26,1017,22,4,1
2026-02-26,1018,20,4,0
2026-02-26,1019,27,3,2
2026-02-26,1020,23,0,0
2026-02-26,1021,17,3,3
2026-02-26,1022,23,2,0
2026-02-26,1023,24,0,0
2026-02-26,1024,21,2,0
2026-02-26,1025,13,1,1
2026-02-26,1026,11,0,0
2026-02-26,1027,13,1,1
2026-02-26,1028,17,1,0
2026-02-26,1029,23,0,0
2026-02-26,1030,20,1,0
2026-02-26,1031,29,2,2
2026-02-26,1032,18,2,0
2026-02-26,1033,18,3,1
2026-02-26,1034,24,2,2
2026-02-26,1035,18,3,2
2026-02-26,1036,19,2,1
2026-02-26,1037,22,0,0
2026-02-26,1038,33,2,0
2026-02-26,1039,19,1,1
2026-02-26,1040,23,1,1
2026-02-26,1041,15,2,1
2026-02-26,1042,13,0,0
2026-02-26,1043,16,3,1
2026-02-26,1044,10,1,1
2026-02-26,1045,14,1,1
2026-02-26,1046,18,3,1
2026-02-26,1047,13,1,1
2026-02-26,1048,12,0,0
2026-02-26,1049,15,2,0
2026-02-26,1050,15,2,0
2026-02-26,1051,16,1,0
2026-02-26,1052,18,1,0
2026-02-26,1053,13,0,0
2026-02-26,1054,17,2,0
2026-02-26,1055,18,0,0
2026-02-26,1056,11,1,0
2026-02-26,1057,13,2,2
2026-02-26,1058,12,0,0
2026-02-26,1059,12,1,0
2026-02-26,1060,16,1,0
2026-02-27,1001,23,1,0
2026-02-27,1002,21,1,0
2026-02-27,1003,24,2,1
2026-02-27,1004,26,3,1
2026-02-27,1005,27,1,1
2026-02-27,1006,25,2,2
2026-02-27,1007,26,3,1
2026-02-27,1008,19,0,0
2026-02-27,1009,23,2,0
2026-02-27,1010,28,3,1
2026-02-27,1011,25,1,1
2026-02-27,1012,20,2,0
2026-02-27,1013,26,4,0
2026-02-27,1014,24,2,1
2026-02-27,1015,24,2,1
2026-02-27,1016,29,2,1
2026-02-27,1017,27,4,1
2026-02-27,1018,26,2,1
2026-02-27,1019,21,0,0
2026-02-27,1020,24,3,2
2026-02-27,1021,19,0,0
2026-02-27,1022,19,1,0
2026-02-27,1023,17,3,3
2026-02-27,1024,16,1,0
2026-02-27,1025,16,0,0
2026-02-27,1026,20,4,3
2026-02-27,1027,19,0,0
2026-02-27,1028,19,3,1
2026-02-27,1029,13,1,1
2026-02-27,1030,17,0,0
2026-02-27,1031,27,0,0
2026-02-27,1032,25,2,0
2026-02-27,1033,18,1,0
2026-02-27,1034,24,2,1
2026-02-27,1035,16,2,0
2026-02-27,1036,24,2,1
2026-02-27,1037,25,2,0
2026-02-27,1038,20,1,0
2026-02-27,1039,30,2,0
2026-02-27,1040,24,1,0
2026-02-27,1041,20,1,1
2026-02-27,1042,16,3,1
2026-02-27,1043,22,1,0
2026-02-27,1044,16,3,2
2026-02-27,1045,13,0,0
2026-02-27,1046,10,1,1
2026-02-27,1047,12,1,0
2026-02-27,1048,16,1,1
2026-02-27,1049,20,2,1
2026-02-27,1050,15,0,0
2026-02-27,1051,14,2,1
2026-02-27,1052,8,1,1
2026-02-27,1053,5,2,0
2026-02-27,1054,14,1,0
2026-02-27,1055,12,1,1
2026-02-27,1056,11,1,0
2026-02-27,1057,15,1,0
2026-02-27,1058,14,0,0
2026-02-27,1059,14,0,0
2026-02-27,1060,17,0,0
2026-02-28,1001,24,2,1
2026-02-28,1002,23,0,0
2026-02-28,1003,23,2,1
2026-02-28,1004,26,1,0
2026-02-28,1005,31,4,1
2026-02-28,1006,29,1,0
2026-02-28,1007,22,0,0
2026-02-28,1008,35,5,2
2026-02-28,1009,30,3,2
2026-02-28,1010,24,5,3
2026-02-28,1011,28,1,1
2026-02-28,1012,14,2,0
2026-02-28,1013,25,3,1
2026-02-28,1014,26,3,1
2026-02-28,1015,18,3,1
2026-02-28,1016,30,4,1
2026-02-28,1017,17,4,1
2026-02-28,1018,18,0,0
2026-02-28,1019,24,5,1
2026-02-28,1020,20,2,0
2026-02-28,1021,13,2,0
2026-02-28,1022,15,3,0
2026-02-28,1023,19,1,0
2026-02-28,1024,23,4,2
2026-02-28,1025,16,0,0
2026-02-28,1026,29,1,0
2026-02-28,1027,19,2,0
2026-02-28,1028,14,4,2
2026-02-28,1029,21,1,1
2026-02-28,1030,26,3,0
2026-02-28,1031,20,1,0
2026-02-28,1032,29,2,1
2026-02-28,1033,30,6,1
2026-02-28,1034,23,0,0
2026-02-28,1035,16,2,0
2026-02-28,1036,17,1,0
2026-02-28,1037,28,0,0
2026-02-28,1038,34,3,1
2026-02-28,1039,20,2,1
2026-02-28,1040,30,2,0
2026-02-28,1041,14,1,1
2026-02-28,1042,11,1,0
2026-02-28,1043,18,5,2
2026-02-28,1044,29,2,1
2026-02-28,1045,23,2,1
2026-02-28,1046,18,0,0
2026-02-28,1047,28,4,2
2026-02-28,1048,17,2,0
2026-02-28,1049,21,1,0
2026-02-28,1050,17,0,0
2026-02-28,1051,17,0,0
2026-02-28,1052,10,0,0
2026-02-28,1053,11,2,1
2026-02-28,1054,18,2,1
2026-02-28,1055,18,0,0
2026-02-28,1056,7,0,0
2026-02-28,1057,14,1,0
2026-02-28,1058,15,0,0
2026-02-28,1059,15,1,0
2026-02-28,1060,23,1,0
2026-03-01,1001,18,1,0
2026-03-01,1002,29,2,0
2026-03-01,1003,24,5,2
2026-03-01,1004,29,3,2
2026-03-01,1005,27,0,0
2026-03-01,1006,33,2,1
2026-03-01,1007,21,2,1
2026-03-01,1008,28,2,1
2026-03-01,1009,33,3,2
2026-03-01,1010,29,3,0
2026-03-01,1011,22,3,0
2026-03-01,1012,28,2,0
2026-03-01,1013,21,1,1
2026-03-01,1014,31,5,0
2026-03-01,1015,29,4,1
2026-03-01,1016,24,3,0
2026-03-01,1017,24,4,1
2026-03-01,1018,28,2,1
2026-03-01,1019,29,3,0
2026-03-01,1020,34,3,1
2026-03-01,1021,29,3,2
2026-03-01,1022,23,1,1
2026-03-01,1023,25,0,0
2026-03-01,1024,15,3,1
2026-03-01,1025,29,3,1
2026-03-01,1026,23,0,0
2026-03-01,1027,14,1,0
2026-03-01,1028,24,3,3
2026-03-01,1029,26,3,1
2026-03-01,1030,26,1,0
2026-03-01,1031,21,3,2
2026-03-01,1032,23,2,0
2026-03-01,1033,18,1,1
2026-03-01,1034,12,0,0
2026-03-01,1035,21,0,0
2026-03-01,1036,32,2,0
2026-03-01,1037,20,3,2
2026-03-01,1038,25,1,0
2026-03-01,1039,32,2,1
2026-03-01,1040,21,3,0
2026-03-01,1041,15,2,0
2026-03-01,1042,22,3,1
2026-03-01,1043,19,1,0
2026-03-01,1044,17,1,1
2026-03-01,1045,18,1,0
2026-03-01,1046,18,2,0
2026-03-01,1047,22,1,0
2026-03-01,1048,15,0,0
2026-03-01,1049,13,1,0
2026-03-01,1050,25,2,1
2026-03-01,1051,13,2,0
2026-03-01,1052,19,0,0
2026-03-01,1053,9,0,0
2026-03-01,1054,10,1,0
2026-03-01,1055,14,0,0
2026-03-01,1056,13,0,0
2026-03-01,1057,8,0,0
2026-03-01,1058,12,1,0
2026-03-01,1059,8,0,0
2026-03-01,1060,14,0,0
2026-03-02,1001,35,2,0
2026-03-02,1002,31,1,0
2026-03-02,1003,27,2,1
2026-03-02,1004,29,4,2
2026-03-02,1005,21,5,1
2026-03-02,1006,26,1,0
2026-03-02,1007,29,2,1
2026-03-02,1008,26,4,1
2026-03-02,1009,30,1,0
2026-03-02,1010,28,1,0
2026-03-02,1011,22,3,1
2026-03-02,1012,38,1,0
2026-03-02,1013,28,2,1
2026-03-02,1014,29,4,2
2026-03-02,1015,16,2,0
2026-03-02,1016,38,2,1
2026-03-02,1017,33,3,0
2026-03-02,1018,17,0,0
2026-03-02,1019,29,4,2
2026-03-02,1020,18,2,0
2026-03-02,1021,22,2,1
2026-03-02,1022,27,1,0
2026-03-02,1023,28,1,1
2026-03-02,1024,11,0,0
2026-03-02,1025,18,2,2
2026-03-02,1026,23,3,1
2026-03-02,1027,15,0,0
2026-03-02,1028,21,4,1
2026-03-02,1029,20,0,0
2026-03-02,1030,17,1,0
2026-03-02,1031,25,1,0
2026-03-02,1032,32,4,1
2026-03-02,1033,26,2,0
2026-03-02,1034,30,0,0
2026-03-02,1035,28,2,1
2026-03-02,1036,17,2,0
2026-03-02,1037,21,2,0
2026-03-02,1038,26,1,0
2026-03-02,1039,22,1,0
2026-03-02,1040,20,4,2
2026-03-02,1041,17,0,0
2026-03-02,1042,22,1,0
2026-03-02,1043,13,1,1
2026-03-02,1044,19,5,2
2026-03-02,1045,13,2,0
2026-03-02,1046,9,0,0
2026-03-02,1047,17,3,2
2026-03-02,1048,14,2,1
2026-03-02,1049,17,0,0
2026-03-02,1050,19,0,0
2026-03-02,1051,16,2,0
2026-03-02,1052,16,1,1
2026-03-02,1053,11,1,0
2026-03-02,1054,14,2,1
2026-03-02,1055,13,1,0
2026-03-02,1056,16,1,0
2026-03-02,1057,11,1,0
2026-03-02,1058,13,1,0
2026-03-02,1059,11,0,0
2026-03-02,1060,13,0,0
2026-03-03,1001,27,6,2
2026-03-03,1002,28,4,0
2026-03-03,1003,27,3,1
2026-03-03,1004,31,1,1
2026-03-03,1005,32,4,1
2026-03-03,1006,38,3,0
2026-03-03,1007,24,1,1
2026-03-03,1008,25,5,2
2026-03-03,1009,32,5,2
2026-03-03,1010,27,2,0
2026-03-03,1011,20,3,2
2026-03-03,1012,21,1,0
2026-03-03,1013,20,1,0
2026-03-03,1014,28,4,0
2026-03-03,1015,19,4,2
2026-03-03,1016,37,3,1
2026-03-03,1017,23,2,0
2026-03-03,1018,27,3,0
2026-03-03,1019,30,0,0
2026-03-03,1020,24,3,1
2026-03-03,1021,21,1,0
2026-03-03,1022,25,1,0
2026-03-03,1023,24,2,1
2026-03-03,1024,16,0,0
2026-03-03,1025,25,0,0
2026-03-03,1026,22,0,0
2026-03-03,1027,16,3,1
2026-03-03,1028,19,3,0
2026-03-03,1029,20,1,0
2026-03-03,1030,18,5,3
2026-03-03,1031,21,3,1
2026-03-03,1032,26,1,0
2026-03-03,1033,17,0,0
2026-03-03,1034,22,0,0
2026-03-03,1035,30,3,1
2026-03-03,1036,26,1,0
2026-03-03,1037,30,6,3
2026-03-03,1038,25,3,1
2026-03-03,1039,19,1,0
2026-03-03,1040,25,3,0
2026-03-03,1041,12,1,0
2026-03-03,1042,15,4,0
2026-03-03,1043,15,2,0
2026-03-03,1044,12,1,0
2026-03-03,1045,18,3,1
2026-03-03,1046,15,1,1
2026-03-03,1047,9,2,0
2026-03-03,1048,18,0,0
2026-03-03,1049,18,2,2
2026-03-03,1050,16,0,0
2026-03-03,1051,11,0,0
2026-03-03,1052,9,0,0
2026-03-03,1053,5,0,0
2026-03-03,1054,12,1,0
2026-03-03,1055,11,0,0
2026-03-03,1056,11,0,0
2026-03-03,1057,17,0,0
2026-03-03,1058,14,1,1
2026-03-03,1059,15,1,0
2026-03-03,1060,16,0,0
2026-03-04,1001,18,2,0
2026-03-04,1002,30,4,2
2026-03-04,1003,30,2,1
2026-03-04,1004,29,2,1
2026-03-04,1005,22,1,0
2026-03-04,1006,23,2,0
2026-03-04,1007,29,2,0
2026-03-04,1008,28,3,1
2026-03-04,1009,23,2,0
2026-03-04,1010,20,2,1
2026-03-04,1011,34,3,1
2026-03-04,1012,25,3,0
2026-03-04,1013,25,2,0
2026-03-04,1014,22,4,3
2026-03-04,1015,22,4,0
2026-03-04,1016,22,1,0
2026-03-04,1017,28,5,1
2026-03-04,1018,25,1,0
2026-03-04,1019,28,4,1
2026-03-04,1020,28,2,1
2026-03-04,1021,21,0,0
2026-03-04,1022,19,1,1
2026-03-04,1023,24,1,0
2026-03-04,1024,33,2,0
2026-03-04,1025,21,1,0
2026-03-04,1026,19,2,1
2026-03-04,1027,25,0,0
2026-03-04,1028,30,4,1
2026-03-04,1029,28,1,1
2026-03-04,1030,16,0,0
2026-03-04,1031,26,1,1
2026-03-04,1032,28,2,1
2026-03-04,1033,22,3,1
2026-03-04,1034,26,0,0
2026-03-04,1035,17,3,1
2026-03-04,1036,26,4,1
2026-03-04,1037,28,0,0
2026-03-04,1038,26,1,0
2026-03-04,1039,17,1,1
2026-03-04,1040,24,1,1
2026-03-04,1041,24,2,0
2026-03-04,1042,17,2,2
2026-03-04,1043,14,1,0
2026-03-04,1044,17,3,0
2026-03-04,1045,20,3,1
2026-03-04,1046,16,2,0
2026-03-04,1047,16,3,2
2026-03-04,1048,14,3,0
2026-03-04,1049,21,2,0
2026-03-04,1050,15,0,0
2026-03-04,1051,11,1,0
2026-03-04,1052,15,2,0
2026-03-04,1053,15,0,0
2026-03-04,1054,17,2,0
2026-03-04,1055,12,0,0
2026-03-04,1056,10,2,0
2026-03-04,1057,15,0,0
2026-03-04,1058,11,0,0
2026-03-04,1059,17,0,0
2026-03-04,1060,13,3,1
2026-03-05,1001,27,8,5
2026-03-05,1002,25,3,1
2026-03-05,1003,25,0,0
2026-03-05,1004,32,1,0
2026-03-05,1005,32,3,0
2026-03-05,1006,27,1,0
2026-03-05,1007,27,1,0
2026-03-05,1008,22,2,0
2026-03-05,1009,26,3,1
2026-03-05,1010,19,3,0
2026-03-05,1011,21,5,2
2026-03-05,1012,32,3,2
2026-03-05,1013,23,2,1
2026-03-05,1014,30,3,1
2026-03-05,1015,20,1,0
2026-03-05,1016,22,4,3
2026-03-05,1017,27,3,1
2026-03-05,1018,33,3,1
2026-03-05,1019,25,4,2
2026-03-05,1020,21,1,0
2026-03-05,1021,14,1,1
2026-03-05,1022,24,1,0
2026-03-05,1023,19,1,0
2026-03-05,1024,25,4,1
2026-03-05,1025,15,1,0
2026-03-05,1026,14,2,1
2026-03-05,1027,26,2,0
2026-03-05,1028,19,2,0
2026-03-05,1029,21,1,0
2026-03-05,1030,18,1,1
2026-03-05,1031,18,1,1
2026-03-05,1032,21,1,0
2026-03-05,1033,26,0,0
2026-03-05,1034,19,5,1
2026-03-05,1035,19,3,1
2026-03-05,1036,22,1,1
2026-03-05,1037,33,1,1
2026-03-05,1038,22,1,0
2026-03-05,1039,18,1,0
2026-03-05,1040,24,0,0
2026-03-05,1041,22,4,1
2026-03-05,1042,17,2,0
2026-03-05,1043,15,1,1
2026-03-05,1044,11,1,1
2026-03-05,1045,16,0,0
2026-03-05,1046,23,0,0
2026-03-05,1047,20,2,1
2026-03-05,1048,20,0,0
2026-03-05,1049,18,1,0
2026-03-05,1050,10,0,0
2026-03-05,1051,13,0,0
2026-03-05,1052,13,0,0
2026-03-05,1053,10,1,1
2026-03-05,1054,17,2,1
2026-03-05,1055,14,3,2
2026-03-05,1056,13,2,1
2026-03-05,1057,12,0,0
2026-03-05,1058,16,0,0
2026-03-05,1059,10,1,0
2026-03-05,1060,13,4,1
2026-03-06,1001,34,5,2
2026-03-06,1002,28,5,1
2026-03-06,1003,22,0,0
2026-03-06,1004,25,4,1
2026-03-06,1005,31,4,0
2026-03-06,1006,28,1,0
2026-03-06,1007,31,5,2
2026-03-06,1008,34,2,2
2026-03-06,1009,31,3,0
2026-03-06,1010,31,1,0
2026-03-06,1011,26,2,1
2026-03-06,1012,27,5,1
2026-03-06,1013,19,2,0
2026-03-06,1014,23,2,1
2026-03-06,1015,26,0,0
2026-03-06,1016,24,0,0
2026-03-06,1017,19,0,0
2026-03-06,1018,24,4,0
2026-03-06,1019,30,2,0
2026-03-06,1020,24,1,0
2026-03-06,1021,23,3,0
2026-03-06,1022,18,3,1
2026-03-06,1023,34,1,1
2026-03-06,1024,20,0,0
2026-03-06,1025,17,1,0
2026-03-06,1026,15,1,1
2026-03-06,1027,17,1,0
2026-03-06,1028,20,0,0
2026-03-06,1029,28,1,0
2026-03-06,1030,18,1,1
2026-03-06,1031,23,3,2
2026-03-06,1032,20,1,1
2026-03-06,1033,19,1,0
2026-03-06,1034,13,2,1
2026-03-06,1035,21,1,0
2026-03-06,1036,24,1,1
2026-03-06,1037,22,1,1
2026-03-06,1038,17,2,1
2026-03-06,1039,23,3,2
2026-03-06,1040,21,1,0
2026-03-06,1041,17,3,1
2026-03-06,1042,18,1,0
2026-03-06,1043,15,0,0
2026-03-06,1044,19,0,0
2026-03-06,1045,19,0,0
2026-03-06,1046,14,0,0
2026-03-06,1047,12,0,0
2026-03-06,1048,21,3,0
2026-03-06,1049,12,2,1
2026-03-06,1050,13,0,0
2026-03-06,1051,10,2,1
2026-03-06,1052,15,2,1
2026-03-06,1053,12,0,0
2026-03-06,1054,14,0,0
2026-03-06,1055,13,1,1
2026-03-06,1056,8,0,0
2026-03-06,1057,11,0,0
2026-03-06,1058,15,1,0
2026-03-06,1059,11,0,0
2026-03-06,1060,8,1,0
2026-03-07,1001,22,1,0
2026-03-07,1002,22,0,0
2026-03-07,1003,31,2,0
2026-03-07,1004,26,3,1
2026-03-07,1005,31,2,0
2026-03-07,1006,25,2,0
2026-03-07,1007,29,2,0
2026-03-07,1008,31,2,1
2026-03-07,1009,35,4,1
2026-03-07,1010,31,5,1
2026-03-07,1011,18,2,2
2026-03-07,1012,21,2,0
2026-03-07,1013,25,1,0
2026-03-07,1014,18,1,0
2026-03-07,1015,24,3,0
2026-03-07,1016,24,3,0
2026-03-07,1017,23,2,0
2026-03-07,1018,30,2,0
2026-03-07,1019,19,4,0
2026-03-07,1020,28,2,0
2026-03-07,1021,17,3,3
2026-03-07,1022,24,4,3
2026-03-07,1023,26,0,0
2026-03-07,1024,27,2,1
2026-03-07,1025,24,0,0
2026-03-07,1026,22,4,1
2026-03-07,1027,29,3,1
2026-03-07,1028,19,7,2
2026-03-07,1029,25,1,0
2026-03-07,1030,24,0,0
2026-03-07,1031,30,4,2
2026-03-07,1032,16,0,0
2026-03-07,1033,30,5,3
2026-03-07,1034,28,1,0
2026-03-07,1035,31,4,1
2026-03-07,1036,14,0,0
2026-03-07,1037,23,1,0
2026-03-07,1038,23,3,1
2026-03-07,1039,28,5,3
2026-03-07,1040,20,0,0
2026-03-07,1041,16,1,0
2026-03-07,1042,18,0,0
2026-03-07,1043,22,3,0
2026-03-07,1044,13,0,0
2026-03-07,1045,19,0,0
2026-03-07,1046,15,0,0
2026-03-07,1047,20,2,0
2026-03-07,1048,14,1,0
2026-03-07,1049,19,0,0
2026-03-07,1050,24,3,1
2026-03-07,1051,11,0,0
2026-03-07,1052,9,0,0
2026-03-07,1053,22,2,2
2026-03-07,1054,8,0,0
2026-03-07,1055,20,1,1
2026-03-07,1056,12,1,0
2026-03-07,1057,13,0,0
2026-03-07,1058,14,0,0
2026-03-07,1059,7,0,0
2026-03-07,1060,14,1,0
2026-03-08,1001,21,3,3
2026-03-08,1002,34,0,0
2026-03-08,1003,19,1,0
2026-03-08,1004,27,2,0
2026-03-08,1005,24,2,1
2026-03-08,1006,34,2,2
2026-03-08,1007,22,2,1
2026-03-08,1008,37,1,0
2026-03-08,1009,31,3,1
2026-03-08,1010,22,0,0
2026-03-08,1011,20,2,0
2026-03-08,1012,21,2,1
2026-03-08,1013,17,2,0
2026-03-08,1014,21,3,2
2026-03-08,1015,24,3,0
2026-03-08,1016,31,3,1
2026-03-08,1017,17,4,2
2026-03-08,1018,27,0,0
2026-03-08,1019,26,1,0
2026-03-08,1020,22,2,0
2026-03-08,1021,9,0,0
2026-03-08,1022,15,1,0
2026-03-08,1023,18,1,0
2026-03-08,1024,20,3,1
2026-03-08,1025,18,1,0
2026-03-08,1026,21,0,0
2026-03-08,1027,24,2,1
2026-03-08,1028,17,0,0
2026-03-08,1029,20,1,0
2026-03-08,1030,25,1,1
2026-03-08,1031,30,2,1
2026-03-08,1032,21,2,0
2026-03-08,1033,27,1,0
2026-03-08,1034,17,1,0
2026-03-08,1035,18,1,0
2026-03-08,1036,19,3,0
2026-03-08,1037,26,2,1
2026-03-08,1038,29,0,0
2026-03-08,1039,23,2,0
2026-03-08,1040,26,2,1
2026-03-08,1041,10,0,0
2026-03-08,1042,12,2,1
2026-03-08,1043,14,1,0
2026-03-08,1044,16,1,0
2026-03-08,1045,19,2,1
2026-03-08,1046,22,1,0
2026-03-08,1047,18,1,0
2026-03-08,1048,17,1,1
2026-03-08,1049,18,3,1
2026-03-08,1050,12,1,0
2026-03-08,1051,14,1,0
2026-03-08,1052,16,0,0
2026-03-08,1053,11,0,0
2026-03-08,1054,11,0,0
2026-03-08,1055,22,2,0
2026-03-08,1056,15,2,1
2026-03-08,1057,18,3,0
2026-03-08,1058,9,0,0
2026-03-08,1059,27,2,0
2026-03-08,1060,12,0,0
2026-03-09,1001,26,2,1
2026-03-09,1002,14,3,0
2026-03-09,1003,18,2,0
2026-03-09,1004,28,1,0
2026-03-09,1005,30,2,0
2026-03-09,1006,26,5,0
2026-03-09,1007,28,1,0
2026-03-09,1008,29,5,1
2026-03-09,1009,22,3,0
2026-03-09,1010,37,2,2
2026-03-09,1011,25,3,1
2026-03-09,1012,32,1,1
2026-03-09,1013,22,1,1
2026-03-09,1014,26,1,1
2026-03-09,1015,21,3,1
2026-03-09,1016,32,2,1
2026-03-09,1017,25,2,0
2026-03-09,1018,26,4,0
2026-03-09,1019,25,2,0
2026-03-09,1020,19,0,0
2026-03-09,1021,18,0,0
2026-03-09,1022,26,3,3
2026-03-09,1023,19,0,0
2026-03-09,1024,21,2,1
2026-03-09,1025,19,2,0
2026-03-09,1026,24,1,0
2026-03-09,1027,19,0,0
2026-03-09,1028,10,0,0
2026-03-09,1029,26,4,1
2026-03-09,1030,18,3,0
2026-03-09,1031,22,0,0
2026-03-09,1032,19,1,0
2026-03-09,1033,14,1,0
2026-03-09,1034,27,1,0
2026-03-09,1035,21,2,1
2026-03-09,1036,22,1,1
2026-03-09,1037,23,3,1
2026-03-09,1038,22,1,0
2026-03-09,1039,32,1,0
2026-03-09,1040,17,0,0
2026-03-09,1041,19,2,1
2026-03-09,1042,21,1,0
2026-03-09,1043,20,2,0
2026-03-09,1044,10,1,0
2026-03-09,1045,15,0,0
2026-03-09,1046,22,2,0
2026-03-09,1047,14,1,0
2026-03-09,1048,17,1,0
2026-03-09,1049,20,3,0
2026-03-09,1050,20,0,0
2026-03-09,1051,18,3,1
2026-03-09,1052,11,1,0
2026-03-09,1053,11,0,0
2026-03-09,1054,11,1,0
2026-03-09,1055,16,1,1
2026-03-09,1056,19,1,0
2026-03-09,1057,19,2,1
2026-03-09,1058,18,0,0
2026-03-09,1059,17,2,0
2026-03-09,1060,15,0,0
2026-03-10,1001,32,4,0
2026-03-10,1002,32,3,0
2026-03-10,1003,20,0,0
2026-03-10,1004,29,3,1
2026-03-10,1005,24,0,0
2026-03-10,1006,25,1,0
2026-03-10,1007,31,2,1
2026-03-10,1008,22,1,0
2026-03-10,1009,30,3,1
2026-03-10,1010,20,2,0
2026-03-10,1011,37,0,0
2026-03-10,1012,27,1,0
2026-03-10,1013,24,4,2
2026-03-10,1014,27,4,2
2026-03-10,1015,30,7,1
2026-03-10,1016,16,2,0
2026-03-10,1017,30,2,0
2026-03-10,1018,28,5,2
2026-03-10,1019,21,0,0
2026-03-10,1020,18,2,0
2026-03-10,1021,17,1,1
2026-03-10,1022,25,1,0
2026-03-10,1023,22,2,0
2026-03-10,1024,25,2,0
2026-03-10,1025,20,1,0
2026-03-10,1026,17,3,0
2026-03-10,1027,21,2,0
2026-03-10,1028,16,0,0
2026-03-10,1029,26,2,0
2026-03-10,1030,18,0,0
2026-03-10,1031,19,3,3
2026-03-10,1032,19,1,0
2026-03-10,1033,20,1,1
2026-03-10,1034,29,3,0
2026-03-10,1035,19,3,2
2026-03-10,1036,19,0,0
2026-03-10,1037,22,1,1
2026-03-10,1038,27,2,0
2026-03-10,1039,23,2,1
2026-03-10,1040,28,3,2
2026-03-10,1041,13,1,0
2026-03-10,1042,24,2,0
2026-03-10,1043,17,0,0
2026-03-10,1044,18,1,0
2026-03-10,1045,21,2,1
2026-03-10,1046,13,0,0
2026-03-10,1047,12,3,1
2026-03-10,1048,16,1,0
2026-03-10,1049,12,2,1
2026-03-10,1050,18,1,0
2026-03-10,1051,10,0,0
2026-03-10,1052,8,2,0
2026-03-10,1053,11,1,0
2026-03-10,1054,15,2,0
2026-03-10,1055,20,1,0
2026-03-10,1056,15,0,0
2026-03-10,1057,17,2,0
2026-03-10,1058,9,1,0
2026-03-10,1059,14,1,0
2026-03-10,1060,13,3,2
2026-03-11,1001,32,4,1
2026-03-11,1002,31,4,1
2026-03-11,1003,24,4,2
2026-03-11,1004,25,3,0
2026-03-11,1005,27,2,0
2026-03-11,1006,26,1,0
2026-03-11,1007,34,3,0
2026-03-11,1008,35,2,1
2026-03-11,1009,26,4,1
2026-03-11,1010,32,2,2
2026-03-11,1011,37,3,0
2026-03-11,1012,26,3,1
2026-03-11,1013,27,3,0
2026-03-11,1014,27,1,0
2026-03-11,1015,25,0,0
2026-03-11,1016,21,1,1
2026-03-11,1017,27,6,1
2026-03-11,1018,30,1,0
2026-03-11,1019,21,1,0
2026-03-11,1020,21,1,0
2026-03-11,1021,21,1,0
2026-03-11,1022,17,3,1
2026-03-11,1023,25,0,0
2026-03-11,1024,13,1,0
2026-03-11,1025,20,1,0
2026-03-11,1026,22,2,0
2026-03-11,1027,20,2,1
2026-03-11,1028,27,2,1
2026-03-11,1029,18,1,0
2026-03-11,1030,25,1,0
2026-03-11,1031,16,0,0
2026-03-11,1032,28,0,0
2026-03-11,1033,17,2,1
2026-03-11,1034,26,2,1
2026-03-11,1035,27,0,0
2026-03-11,1036,25,1,0
2026-03-11,1037,20,0,0
2026-03-11,1038,17,0,0
2026-03-11,1039,26,3,1
2026-03-11,1040,21,3,2
2026-03-11,1041,11,2,0
2026-03-11,1042,20,1,0
2026-03-11,1043,17,2,0
2026-03-11,1044,9,0,0
2026-03-11,1045,21,0,0
2026-03-11,1046,14,2,2
2026-03-11,1047,17,0,0
2026-03-11,1048,19,2,1
2026-03-11,1049,22,3,0
2026-03-11,1050,12,2,0
2026-03-11,1051,7,1,1
2026-03-11,1052,15,1,0
2026-03-11,1053,10,0,0
2026-03-11,1054,14,1,0
2026-03-11,1055,15,3,3
2026-03-11,1056,11,1,1
2026-03-11,1057,14,0,0
2026-03-11,1058,9,0,0
2026-03-11,1059,10,0,0
2026-03-11,1060,8,0,0
2026-03-12,1001,29,3,1
2026-03-12,1002,25,1,0
2026-03-12,1003,24,3,1
2026-03-12,1004,20,1,0
2026-03-12,1005,33,3,2
2026-03-12,1006,26,1,0
2026-03-12,1007,30,5,1
2026-03-12,1008,30,2,2
2026-03-12,1009,36,4,1
2026-03-12,1010,28,6,2
2026-03-12,1011,25,1,1
2026-03-12,1012,21,1,0
2026-03-12,1013,25,3,2
2026-03-12,1014,26,4,1
2026-03-12,1015,24,1,1
2026-03-12,1016,31,2,0
2026-03-12,1017,22,3,0
2026-03-12,1018,29,3,2
2026-03-12,1019,26,1,1
2026-03-12,1020,24,1,1
2026-03-12,1021,21,2,0
2026-03-12,1022,19,0,0
2026-03-12,1023,20,0,0
2026-03-12,1024,23,2,0
2026-03-12,1025,22,0,0
2026-03-12,1026,25,2,2
2026-03-12,1027,16,1,0
2026-03-12,1028,24,1,0
2026-03-12,1029,21,3,2
2026-03-12,1030,20,0,0
2026-03-12,1031,27,3,0
2026-03-12,1032,26,4,2
2026-03-12,1033,27,1,1
2026-03-12,1034,26,3,1
2026-03-12,1035,19,4,1
2026-03-12,1036,23,4,0
2026-03-12,1037,22,1,1
2026-03-12,1038,20,1,0
2026-03-12,1039,26,2,0
2026-03-12,1040,15,2,1
2026-03-12,1041,14,0,0
2026-03-12,1042,13,1,0
2026-03-12,1043,20,1,0
2026-03-12,1044,13,1,0
2026-03-12,1045,17,0,0
2026-03-12,1046,21,2,0
2026-03-12,1047,21,1,1
2026-03-12,1048,20,2,1
2026-03-12,1049,13,1,0
2026-03-12,1050,17,2,1
2026-03-12,1051,15,0,0
2026-03-12,1052,18,2,0
2026-03-12,1053,19,1,0
2026-03-12,1054,15,2,1
2026-03-12,1055,16,1,0
2026-03-12,1056,15,1,1
2026-03-12,1057,13,0,0
2026-03-12,1058,12,2,1
2026-03-12,1059,18,1,0
2026-03-12,1060,5,0,0
2026-03-13,1001,21,0,0
2026-03-13,1002,31,4,3
2026-03-13,1003,30,3,0
2026-03-13,1004,20,2,0
2026-03-13,1005,23,4,0
2026-03-13,1006,21,2,1
2026-03-13,1007,17,0,0
2026-03-13,1008,23,2,0
2026-03-13,1009,35,3,0
2026-03-13,1010,18,0,0
2026-03-13,1011,19,3,1
2026-03-13,1012,27,3,2
2026-03-13,1013,23,3,0
2026-03-13,1014,27,1,0
2026-03-13,1015,31,2,1
2026-03-13,1016,29,4,0
2026-03-13,1017,20,1,0
2026-03-13,1018,30,4,1
2026-03-13,1019,26,2,0
2026-03-13,1020,22,1,0
2026-03-13,1021,20,2,1
2026-03-13,1022,24,4,1
2026-03-13,1023,21,4,1
2026-03-13,1024,20,1,0
2026-03-13,1025,22,2,0
2026-03-13,1026,27,2,0
2026-03-13,1027,15,3,0
2026-03-13,1028,21,3,1
2026-03-13,1029,21,2,0
2026-03-13,1030,17,1,0
2026-03-13,1031,19,3,1
2026-03-13,1032,24,2,1
2026-03-13,1033,26,1,1
2026-03-13,1034,30,2,0
2026-03-13,1035,23,2,1
2026-03-13,1036,17,1,0
2026-03-13,1037,24,1,0
2026-03-13,1038,29,3,1
2026-03-13,1039,26,3,1
2026-03-13,1040,29,1,0
2026-03-13,1041,18,1,0
2026-03-13,1042,12,2,1
2026-03-13,1043,17,1,0
2026-03-13,1044,18,0,0
2026-03-13,1045,16,1,0
2026-03-13,1046,13,0,0
2026-03-13,1047,22,1,1
2026-03-13,1048,15,1,0
2026-03-13,1049,22,1,1
2026-03-13,1050,22,1,0
2026-03-13,1051,16,1,1
2026-03-13,1052,14,1,0
2026-03-13,1053,21,3,1
2026-03-13,1054,12,0,0
2026-03-13,1055,12,0,0
2026-03-13,1056,17,0,0
2026-03-13,1057,18,2,0
2026-03-13,1058,18,5,3
2026-03-13,1059,16,2,0
2026-03-13,1060,17,0,0
2026-03-14,1001,26,1,0
2026-03-14,1002,24,2,0
2026-03-14,1003,36,5,1
2026-03-14,1004,30,1,0
2026-03-14,1005,29,4,0
2026-03-14,1006,22,2,0
2026-03-14,1007,35,1,1
2026-03-14,1008,27,2,0
2026-03-14,1009,16,2,0
2026-03-14,1010,22,3,0
2026-03-14,1011,20,5,2
2026-03-14,1012,23,3,1
2026-03-14,1013,34,5,1
2026-03-14,1014,29,7,3
2026-03-14,1015,28,4,2
2026-03-14,1016,23,4,0
2026-03-14,1017,22,2,0
2026-03-14,1018,20,5,1
2026-03-14,1019,21,3,1
2026-03-14,1020,21,2,0
2026-03-14,1021,21,2,1
2026-03-14,1022,20,2,0
2026-03-14,1023,15,2,0
2026-03-14,1024,19,2,1
2026-03-14,1025,21,2,0
2026-03-14,1026,20,2,1
2026-03-14,1027,18,0,0
2026-03-14,1028,8,0,0
2026-03-14,1029,26,1,0
2026-03-14,1030,17,3,2
2026-03-14,1031,22,0,0
2026-03-14,1032,28,5,1
2026-03-14,1033,20,1,1
2026-03-14,1034,21,1,0
2026-03-14,1035,21,3,1
2026-03-14,1036,19,4,0
2026-03-14,1037,27,3,0
2026-03-14,1038,21,4,1
2026-03-14,1039,23,1,0
2026-03-14,1040,18,2,1
2026-03-14,1041,25,1,1
2026-03-14,1042,20,1,0
2026-03-14,1043,17,1,1
2026-03-14,1044,20,2,1
2026-03-14,1045,15,0,0
2026-03-14,1046,17,1,0
2026-03-14,1047,18,1,1
2026-03-14,1048,13,0,0
2026-03-14,1049,15,0,0
2026-03-14,1050,15,0,0
2026-03-14,1051,19,2,0
2026-03-14,1052,12,4,1
2026-03-14,1053,19,1,1
2026-03-14,1054,15,2,0
2026-03-14,1055,17,1,1
2026-03-14,1056,14,2,1
2026-03-14,1057,15,1,0
2026-03-14,1058,7,0,0
2026-03-14,1059,13,1,0
2026-03-14,1060,17,1,0
2026-03-15,1001,26,2,0
2026-03-15,1002,18,2,0
2026-03-15,1003,25,3,0
2026-03-15,1004,32,6,2
2026-03-15,1005,23,3,0
2026-03-15,1006,38,4,1
2026-03-15,1007,29,2,1
2026-03-15,1008,39,2,1
2026-03-15,1009,29,2,2
2026-03-15,1010,20,1,0
2026-03-15,1011,26,6,2
2026-03-15,1012,22,1,0
2026-03-15,1013,18,1,0
2026-03-15,1014,25,5,0
2026-03-15,1015,18,2,0
2026-03-15,1016,20,0,0
2026-03-15,1017,11,3,0
2026-03-15,1018,22,1,0
2026-03-15,1019,24,1,1
2026-03-15,1020,24,1,0
2026-03-15,1021,18,0,0
2026-03-15,1022,16,1,0
2026-03-15,1023,24,4,1
2026-03-15,1024,23,0,0
2026-03-15,1025,32,1,0
2026-03-15,1026,15,5,1
2026-03-15,1027,19,2,1
2026-03-15,1028,18,2,1
2026-03-15,1029,19,0,0
2026-03-15,1030,17,0,0
2026-03-15,1031,23,2,1
2026-03-15,1032,27,1,1
2026-03-15,1033,22,0,0
2026-03-15,1034,25,1,0
2026-03-15,1035,24,0,0
2026-03-15,1036,28,2,0
2026-03-15,1037,24,1,0
2026-03-15,1038,27,5,3
2026-03-15,1039,23,2,1
2026-03-15,1040,19,1,0
2026-03-15,1041,13,0,0
2026-03-15,1042,15,1,0
2026-03-15,1043,22,3,0
2026-03-15,1044,13,2,0
2026-03-15,1045,18,3,1
2026-03-15,1046,25,0,0
2026-03-15,1047,23,1,0
2026-03-15,1048,13,2,0
2026-03-15,1049,18,1,1
2026-03-15,1050,20,1,0
2026-03-15,1051,15,2,0
2026-03-15,1052,10,1,0
2026-03-15,1053,13,0,0
2026-03-15,1054,15,2,0
2026-03-15,1055,17,3,1
2026-03-15,1056,18,1,1
2026-03-15,1057,20,2,0
2026-03-15,1058,9,0,0
2026-03-15,1059,16,0,0
2026-03-15,1060,12,0,0
2026-03-16,1001,28,4,3
2026-03-16,1002,29,1,1
2026-03-16,1003,27,3,0
2026-03-16,1004,25,0,0
2026-03-16,1005,22,1,1
2026-03-16,1006,31,1,0
2026-03-16,1007,22,1,0
2026-03-16,1008,25,3,1
2026-03-16,1009,26,2,1
2026-03-16,1010,28,1,1
2026-03-16,1011,19,2,1
2026-03-16,1012,19,2,1
2026-03-16,1013,22,1,0
2026-03-16,1014,30,2,0
2026-03-16,1015,23,2,0
2026-03-16,1016,23,3,1
2026-03-16,1017,15,1,0
2026-03-16,1018,30,4,1
2026-03-16,1019,37,5,4
2026-03-16,1020,24,2,1
2026-03-16,1021,16,1,0
2026-03-16,1022,22,3,1
2026-03-16,1023,19,0,0
2026-03-16,1024,28,2,2
2026-03-16,1025,19,2,0
2026-03-16,1026,21,3,2
2026-03-16,1027,24,2,0
2026-03-16,1028,29,2,0
2026-03-16,1029,24,1,0
2026-03-16,1030,23,2,1
2026-03-16,1031,28,1,0
2026-03-16,1032,20,1,0
2026-03-16,1033,22,3,0
2026-03-16,1034,23,2,0
2026-03-16,1035,20,1,1
2026-03-16,1036,22,2,2
2026-03-16,1037,20,2,1
2026-03-16,1038,22,3,2
2026-03-16,1039,23,3,1
2026-03-16,1040,31,3,0
2026-03-16,1041,18,0,0
2026-03-16,1042,20,0,0
2026-03-16,1043,21,0,0
2026-03-16,1044,20,5,2
2026-03-16,1045,19,2,0
2026-03-16,1046,18,3,1
2026-03-16,1047,17,1,0
2026-03-16,1048,16,2,0
2026-03-16,1049,15,0,0
2026-03-16,1050,10,2,1
2026-03-16,1051,19,2,0
2026-03-16,1052,15,0,0
2026-03-16,1053,19,4,0
2026-03-16,1054,11,0,0
2026-03-16,1055,14,1,0
2026-03-16,1056,16,1,0
2026-03-16,1057,13,0,0
2026-03-16,1058,16,1,0
2026-03-16,1059,14,2,0
2026-03-16,1060,8,0,0
2026-03-17,1001,25,0,0
2026-03-17,1002,25,3,1
2026-03-17,1003,24,1,0
2026-03-17,1004,32,3,1
2026-03-17,1005,32,1,0
2026-03-17,1006,31,2,1
2026-03-17,1007,27,2,1
2026-03-17,1008,17,3,1
2026-03-17,1009,25,1,1
2026-03-17,1010,25,1,0
2026-03-17,1011,19,1,0
2026-03-17,1012,26,0,0
2026-03-17,1013,32,4,1
2026-03-17,1014,22,2,0
2026-03-17,1015,16,0,0
2026-03-17,1016,25,3,1
2026-03-17,1017,32,6,1
2026-03-17,1018,24,4,2
2026-03-17,1019,24,3,0
2026-03-17,1020,25,2,0
2026-03-17,1021,24,2,0
2026-03-17,1022,15,1,0
2026-03-17,1023,32,2,0
2026-03-17,1024,22,0,0
2026-03-17,1025,24,1,0
2026-03-17,1026,23,1,0
2026-03-17,1027,22,1,0
2026-03-17,1028,24,0,0
2026-03-17,1029,18,0,0
2026-03-17,1030,21,0,0
2026-03-17,1031,20,2,1
2026-03-17,1032,25,2,0
2026-03-17,1033,21,1,1
2026-03-17,1034,25,0,0
2026-03-17,1035,19,1,1
2026-03-17,1036,24,3,2
2026-03-17,1037,27,0,0
2026-03-17,1038,22,2,1
2026-03-17,1039,18,2,1
2026-03-17,1040,22,3,3
2026-03-17,1041,14,0,0
2026-03-17,1042,20,0,0
2026-03-17,1043,19,1,0
2026-03-17,1044,15,0,0
2026-03-17,1045,13,0,0
2026-03-17,1046,11,1,1
2026-03-17,1047,16,0,0
2026-03-17,1048,15,1,0
2026-03-17,1049,19,2,1
2026-03-17,1050,24,2,0
2026-03-17,1051,19,1,1
2026-03-17,1052,13,1,1
2026-03-17,1053,14,0,0
2026-03-17,1054,15,0,0
2026-03-17,1055,16,1,1
2026-03-17,1056,13,1,0
2026-03-17,1057,16,3,0
2026-03-17,1058,21,3,1
2026-03-17,1059,12,0,0
2026-03-17,1060,22,0,0
2026-03-18,1001,24,4,2
2026-03-18,1002,36,3,1
2026-03-18,1003,27,4,2
2026-03-18,1004,31,3,0
2026-03-18,1005,29,4,1
2026-03-18,1006,20,4,1
2026-03-18,1007,24,0,0
2026-03-18,1008,27,1,1
2026-03-18,1009,19,1,0
2026-03-18,1010,32,3,0
2026-03-18,1011,21,7,1
2026-03-18,1012,30,1,1
2026-03-18,1013,23,4,0
2026-03-18,1014,32,4,0
2026-03-18,1015,21,1,0
2026-03-18,1016,23,5,1
2026-03-18,1017,22,2,1
2026-03-18,1018,26,4,0
2026-03-18,1019,27,3,2
2026-03-18,1020,23,2,0
2026-03-18,1021,14,0,0
2026-03-18,1022,21,4,3
2026-03-18,1023,22,0,0
2026-03-18,1024,23,1,1
2026-03-18,1025,13,0,0
2026-03-18,1026,24,2,2
2026-03-18,1027,17,2,1
2026-03-18,1028,24,3,1
2026-03-18,1029,20,1,1
2026-03-18,1030,24,3,0
2026-03-18,1031,20,3,2
2026-03-18,1032,24,1,1
2026-03-18,1033,26,4,3
2026-03-18,1034,26,2,1
2026-03-18,1035,25,0,0
2026-03-18,1036,25,3,0
2026-03-18,1037,16,1,0
2026-03-18,1038,23,3,1
2026-03-18,1039,23,3,1
2026-03-18,1040,23,0,0
2026-03-18,1041,20,2,0
2026-03-18,1042,14,1,0
2026-03-18,1043,16,1,0
2026-03-18,1044,17,0,0
2026-03-18,1045,22,1,0
2026-03-18,1046,22,1,1
2026-03-18,1047,5,0,0
2026-03-18,1048,12,2,0
2026-03-18,1049,10,0,0
2026-03-18,1050,20,1,0
2026-03-18,1051,17,1,1
2026-03-18,1052,11,2,0
2026-03-18,1053,17,0,0
2026-03-18,1054,11,1,0
2026-03-18,1055,11,0,0
2026-03-18,1056,12,0,0
2026-03-18,1057,16,2,0
2026-03-18,1058,16,0,0
2026-03-18,1059,18,0,0
2026-03-18,1060,4,1,1
2026-03-19,1001,23,2,0
2026-03-19,1002,31,3,1
2026-03-19,1003,19,1,0
2026-03-19,1004,34,2,0
2026-03-19,1005,24,1,0
2026-03-19,1006,27,2,1
2026-03-19,1007,22,4,1
2026-03-19,1008,22,4,0
2026-03-19,1009,23,1,1
2026-03-19,1010,27,2,0
2026-03-19,1011,27,7,4
2026-03-19,1012,34,2,1
2026-03-19,1013,22,4,1
2026-03-19,1014,29,4,0
2026-03-19,1015,20,2,1
2026-03-19,1016,24,1,0
2026-03-19,1017,31,4,3
2026-03-19,1018,32,6,3
2026-03-19,1019,30,1,0
2026-03-19,1020,20,0,0
2026-03-19,1021,24,2,1
2026-03-19,1022,13,3,0
2026-03-19,1023,17,1,0
2026-03-19,1024,16,2,1
2026-03-19,1025,16,3,0
2026-03-19,1026,26,0,0
2026-03-19,1027,19,0,0
2026-03-19,1028,20,0,0
2026-03-19,1029,18,1,1
2026-03-19,1030,15,3,1
2026-03-19,1031,23,1,0
2026-03-19,1032,30,4,2
2026-03-19,1033,23,6,0
2026-03-19,1034,23,0,0
2026-03-19,1035,15,1,0
2026-03-19,1036,35,6,2
2026-03-19,1037,19,3,1
2026-03-19,1038,23,2,1
2026-03-19,1039,20,4,0
2026-03-19,1040,25,5,2
2026-03-19,1041,25,1,0
2026-03-19,1042,17,2,0
2026-03-19,1043,18,1,0
2026-03-19,1044,21,1,0
2026-03-19,1045,20,0,0
2026-03-19,1046,14,0,0
2026-03-19,1047,21,2,1
2026-03-19,1048,26,1,0
2026-03-19,1049,22,0,0
2026-03-19,1050,17,1,0
2026-03-19,1051,16,1,0
2026-03-19,1052,13,2,0
2026-03-19,1053,18,2,2
2026-03-19,1054,11,1,0
2026-03-19,1055,14,0,0
2026-03-19,1056,17,1,0
2026-03-19,1057,13,1,0
2026-03-19,1058,21,1,0
2026-03-19,1059,11,0,0
2026-03-19,1060,11,0,0
2026-03-20,1001,29,2,1
2026-03-20,1002,31,4,2
2026-03-20,1003,22,2,0
2026-03-20,1004,30,6,1
2026-03-20,1005,34,7,1
2026-03-20,1006,21,0,0
2026-03-20,1007,29,4,1
2026-03-20,1008,29,1,0
2026-03-20,1009,26,2,2
2026-03-20,1010,21,2,1
2026-03-20,1011,23,1,0
2026-03-20,1012,22,4,0
2026-03-20,1013,28,5,3
2026-03-20,1014,27,2,1
2026-03-20,1015,19,5,3
2026-03-20,1016,21,0,0
2026-03-20,1017,29,5,1
2026-03-20,1018,25,6,1
2026-03-20,1019,32,2,0
2026-03-20,1020,15,1,1
2026-03-20,1021,20,0,0
2026-03-20,1022,19,5,0
2026-03-20,1023,25,2,1
2026-03-20,1024,21,1,0
2026-03-20,1025,29,1,0
2026-03-20,1026,15,2,0
2026-03-20,1027,27,1,0
2026-03-20,1028,16,0,0
2026-03-20,1029,15,1,1
2026-03-20,1030,21,4,2
2026-03-20,1031,25,1,1
2026-03-20,1032,23,0,0
2026-03-20,1033,26,1,0
2026-03-20,1034,17,1,0
2026-03-20,1035,28,0,0
2026-03-20,1036,18,1,0
2026-03-20,1037,18,0,0
2026-03-20,1038,27,0,0
2026-03-20,1039,22,1,0
2026-03-20,1040,28,1,0
2026-03-20,1041,13,2,1
2026-03-20,1042,21,0,0
2026-03-20,1043,12,0,0
2026-03-20,1044,18,1,0
2026-03-20,1045,16,2,1
2026-03-20,1046,13,0,0
2026-03-20,1047,17,0,0
2026-03-20,1048,18,2,1
2026-03-20,1049,14,0,0
2026-03-20,1050,20,2,1
2026-03-20,1051,19,3,0
2026-03-20,1052,17,0,0
2026-03-20,1053,12,0,0
2026-03-20,1054,10,0,0
2026-03-20,1055,15,0,0
2026-03-20,1056,12,1,0
2026-03-20,1057,15,3,2
2026-03-20,1058,18,0,0
2026-03-20,1059,20,1,0
2026-03-20,1060,12,0,0
2026-03-21,1001,29,3,1
2026-03-21,1002,24,2,2
2026-03-21,1003,33,5,2
2026-03-21,1004,19,4,0
2026-03-21,1005,21,1,0
2026-03-21,1006,14,1,0
2026-03-21,1007,22,1,1
2026-03-21,1008,25,1,0
2026-03-21,1009,18,5,1
2026-03-21,1010,25,2,1
2026-03-21,1011,37,7,1
2026-03-21,1012,21,1,0
2026-03-21,1013,28,2,0
2026-03-21,1014,25,2,1
2026-03-21,1015,24,5,1
2026-03-21,1016,24,3,1
2026-03-21,1017,25,1,0
2026-03-21,1018,26,2,0
2026-03-21,1019,28,3,2
2026-03-21,1020,21,1,0
2026-03-21,1021,14,1,0
2026-03-21,1022,21,1,0
2026-03-21,1023,18,3,1
2026-03-21,1024,19,1,0
2026-03-21,1025,24,0,0
2026-03-21,1026,16,4,0
2026-03-21,1027,22,1,0
2026-03-21,1028,14,0,0
2026-03-21,1029,26,2,1
2026-03-21,1030,21,2,1
2026-03-21,1031,33,2,1
2026-03-21,1032,23,0,0
2026-03-21,1033,22,1,0
2026-03-21,1034,18,3,1
2026-03-21,1035,26,3,2
2026-03-21,1036,18,1,0
2026-03-21,1037,30,3,0
2026-03-21,1038,19,2,0
2026-03-21,1039,26,2,0
2026-03-21,1040,26,1,1
2026-03-21,1041,22,2,1
2026-03-21,1042,13,0,0
2026-03-21,1043,14,0,0
2026-03-21,1044,13,1,0
2026-03-21,1045,17,2,0
2026-03-21,1046,22,3,0
2026-03-21,1047,17,0,0
2026-03-21,1048,16,1,0
2026-03-21,1049,18,2,0
2026-03-21,1050,10,0,0
2026-03-21,1051,11,0,0
2026-03-21,1052,18,1,1
2026-03-21,1053,18,0,0
2026-03-21,1054,7,0,0
2026-03-21,1055,15,2,0
2026-03-21,1056,19,4,1
2026-03-21,1057,18,2,0
2026-03-21,1058,20,1,1
2026-03-21,1059,11,2,0
2026-03-21,1060,21,1,0
2026-03-22,1001,33,3,1
2026-03-22,1002,22,1,1
2026-03-22,1003,34,2,1
2026-03-22,1004,37,4,2
2026-03-22,1005,28,1,0
2026-03-22,1006,30,5,3
2026-03-22,1007,25,2,1
2026-03-22,1008,30,3,1
2026-03-22,1009,22,1,0
2026-03-22,1010,30,3,0
2026-03-22,1011,38,3,2
2026-03-22,1012,23,4,1
2026-03-22,1013,21,0,0
2026-03-22,1014,23,1,1
2026-03-22,1015,20,0,0
2026-03-22,1016,25,0,0
2026-03-22,1017,27,3,0
2026-03-22,1018,34,4,1
2026-03-22,1019,24,2,0
2026-03-22,1020,19,1,0
2026-03-22,1021,23,2,1
2026-03-22,1022,21,3,1
2026-03-22,1023,26,3,0
2026-03-22,1024,20,1,0
2026-03-22,1025,23,3,2
2026-03-22,1026,29,1,0
2026-03-22,1027,20,0,0
2026-03-22,1028,31,1,0
2026-03-22,1029,14,2,1
2026-03-22,1030,26,1,0
2026-03-22,1031,20,1,0
2026-03-22,1032,25,3,2
2026-03-22,1033,22,3,1
2026-03-22,1034,26,2,1
2026-03-22,1035,22,0,0
2026-03-22,1036,26,3,2
2026-03-22,1037,8,2,0
2026-03-22,1038,31,4,0
2026-03-22,1039,24,2,0
2026-03-22,1040,17,0,0
2026-03-22,1041,15,1,0
2026-03-22,1042,13,2,1
2026-03-22,1043,21,2,1
2026-03-22,1044,11,0,0
2026-03-22,1045,11,2,0
2026-03-22,1046,16,1,1
2026-03-22,1047,23,1,1
2026-03-22,1048,16,1,0
2026-03-22,1049,13,1,1
2026-03-22,1050,21,1,0
2026-03-22,1051,5,0,0
2026-03-22,1052,20,1,0
2026-03-22,1053,15,1,1
2026-03-22,1054,18,3,1
2026-03-22,1055,20,3,0
2026-03-22,1056,14,1,1
2026-03-22,1057,13,0,0
2026-03-22,1058,12,1,0
2026-03-22,1059,15,1,1
2026-03-22,1060,16,0,0
2026-03-23,1001,29,1,1
2026-03-23,1002,21,3,1
2026-03-23,1003,19,4,1
2026-03-23,1004,25,2,0
2026-03-23,1005,29,1,0
2026-03-23,1006,24,4,0
2026-03-23,1007,38,7,1
2026-03-23,1008,29,1,0
2026-03-23,1009,38,2,0
2026-03-23,1010,20,3,1
2026-03-23,1011,16,2,1
2026-03-23,1012,25,2,0
2026-03-23,1013,26,0,0
2026-03-23,1014,26,2,1
2026-03-23,1015,28,1,1
2026-03-23,1016,25,2,2
2026-03-23,1017,24,2,2
2026-03-23,1018,23,0,0
2026-03-23,1019,28,0,0
2026-03-23,1020,27,3,1
2026-03-23,1021,22,2,0
2026-03-23,1022,22,2,1
2026-03-23,1023,14,0,0
2026-03-23,1024,18,3,0
2026-03-23,1025,37,4,1
2026-03-23,1026,30,0,0
2026-03-23,1027,16,1,1
2026-03-23,1028,26,1,0
2026-03-23,1029,14,0,0
2026-03-23,1030,31,2,0
2026-03-23,1031,22,1,1
2026-03-23,1032,26,2,1
2026-03-23,1033,19,1,0
2026-03-23,1034,29,0,0
2026-03-23,1035,23,3,1
2026-03-23,1036,21,0,0
2026-03-23,1037,14,0,0
2026-03-23,1038,27,0,0
2026-03-23,1039,24,1,0
2026-03-23,1040,27,0,0
2026-03-23,1041,18,1,1
2026-03-23,1042,22,0,0
2026-03-23,1043,17,1,0
2026-03-23,1044,19,2,0
2026-03-23,1045,22,0,0
2026-03-23,1046,19,0,0
2026-03-23,1047,17,3,1
2026-03-23,1048,13,2,0
2026-03-23,1049,20,3,1
2026-03-23,1050,16,0,0
2026-03-23,1051,8,1,0
2026-03-23,1052,11,1,0
2026-03-23,1053,11,1,0
2026-03-23,1054,8,1,0
2026-03-23,1055,14,1,1
2026-03-23,1056,13,1,0
2026-03-23,1057,16,1,0
2026-03-23,1058,22,1,0
2026-03-23,1059,16,1,0
2026-03-23,1060,15,0,0
2026-03-24,1001,32,4,0
2026-03-24,1002,28,2,0
2026-03-24,1003,26,2,1
2026-03-24,1004,27,0,0
2026-03-24,1005,28,5,1
2026-03-24,1006,31,3,0
2026-03-24,1007,21,3,1
2026-03-24,1008,25,3,1
2026-03-24,1009,18,2,0
2026-03-24,1010,32,3,1
2026-03-24,1011,24,0,0
2026-03-24,1012,31,3,1
2026-03-24,1013,23,2,0
2026-03-24,1014,27,1,0
2026-03-24,1015,21,1,1
2026-03-24,1016,29,2,0
2026-03-24,1017,27,3,0
2026-03-24,1018,21,2,0
2026-03-24,1019,21,1,0
2026-03-24,1020,24,1,0
2026-03-24,1021,21,1,0
2026-03-24,1022,23,2,0
2026-03-24,1023,21,1,1
2026-03-24,1024,26,2,0
2026-03-24,1025,20,0,0
2026-03-24,1026,28,0,0
2026-03-24,1027,26,1,0
2026-03-24,1028,20,1,0
2026-03-24,1029,21,2,0
2026-03-24,1030,18,0,0
2026-03-24,1031,15,0,0
2026-03-24,1032,19,1,0
2026-03-24,1033,17,1,0
2026-03-24,1034,17,2,0
2026-03-24,1035,26,0,0
2026-03-24,1036,19,3,0
2026-03-24,1037,26,3,1
2026-03-24,1038,28,3,1
2026-03-24,1039,19,0,0
2026-03-24,1040,20,2,0
2026-03-24,1041,19,2,0
2026-03-24,1042,15,2,1
2026-03-24,1043,16,1,1
2026-03-24,1044,17,2,0
2026-03-24,1045,16,3,2
2026-03-24,1046,18,1,0
2026-03-24,1047,20,1,1
2026-03-24,1048,16,1,0
2026-03-24,1049,14,1,0
2026-03-24,1050,22,3,1
2026-03-24,1051,18,0,0
2026-03-24,1052,16,4,0
2026-03-24,1053,10,1,0
2026-03-24,1054,19,0,0
2026-03-24,1055,12,0,0
2026-03-24,1056,10,0,0
2026-03-24,1057,11,1,0
2026-03-24,1058,7,1,0
2026-03-24,1059,15,2,0
2026-03-24,1060,11,0,0
2026-03-25,1001,41,5,1
2026-03-25,1002,19,3,0
2026-03-25,1003,31,5,1
2026-03-25,1004,27,1,0
2026-03-25,1005,34,1,1
2026-03-25,1006,25,2,0
2026-03-25,1007,19,3,1
2026-03-25,1008,15,2,1
2026-03-25,1009,13,0,0
2026-03-25,1010,30,3,0
2026-03-25,1011,26,3,2
2026-03-25,1012,18,2,0
2026-03-25,1013,18,0,0
2026-03-25,1014,27,3,1
2026-03-25,1015,20,2,1
2026-03-25,1016,23,1,0
2026-03-25,1017,24,4,1
2026-03-25,1018,21,2,0
2026-03-25,1019,24,1,0
2026-03-25,1020,26,0,0
2026-03-25,1021,26,1,0
2026-03-25,1022,24,2,0
2026-03-25,1023,14,1,0
2026-03-25,1024,20,0,0
2026-03-25,1025,22,2,1
2026-03-25,1026,17,2,0
2026-03-25,1027,16,0,0
2026-03-25,1028,25,0,0
2026-03-25,1029,20,0,0
2026-03-25,1030,27,1,0
2026-03-25,1031,30,4,1
2026-03-25,1032,21,0,0
2026-03-25,1033,30,1,0
2026-03-25,1034,17,3,1
2026-03-25,1035,24,3,0
2026-03-25,1036,22,1,0
2026-03-25,1037,24,2,0
2026-03-25,1038,25,3,0
2026-03-25,1039,19,2,1
2026-03-25,1040,26,0,0
2026-03-25,1041,14,0,0
2026-03-25,1042,15,0,0
2026-03-25,1043,13,0,0
2026-03-25,1044,9,0,0
2026-03-25,1045,29,1,0
2026-03-25,1046,22,4,2
2026-03-25,1047,17,2,0
2026-03-25,1048,12,0,0
2026-03-25,1049,17,2,1
2026-03-25,1050,12,2,1
2026-03-25,1051,15,1,0
2026-03-25,1052,14,0,0
2026-03-25,1053,13,1,1
2026-03-25,1054,15,1,0
2026-03-25,1055,10,1,0
2026-03-25,1056,10,0,0
2026-03-25,1057,15,0,0
2026-03-25,1058,11,0,0
2026-03-25,1059,13,0,0
2026-03-25,1060,11,1,1
2026-03-26,1001,25,2,1
2026-03-26,1002,30,2,0
2026-03-26,1003,26,0,0
2026-03-26,1004,30,3,2
2026-03-26,1005,27,2,0
2026-03-26,1006,36,1,1
2026-03-26,1007,24,3,1
2026-03-26,1008,26,4,1
2026-03-26,1009,33,1,0
2026-03-26,1010,29,2,2
2026-03-26,1011,33,3,3
2026-03-26,1012,30,1,1
2026-03-26,1013,21,3,1
2026-03-26,1014,35,1,0
2026-03-26,1015,23,1,0
2026-03-26,1016,29,7,0
2026-03-26,1017,26,2,0
2026-03-26,1018,17,4,1
2026-03-26,1019,25,4,2
2026-03-26,1020,24,1,0
2026-03-26,1021,17,2,1
2026-03-26,1022,20,3,0
2026-03-26,1023,20,3,0
2026-03-26,1024,26,1,0
2026-03-26,1025,25,3,0
2026-03-26,1026,20,2,1
2026-03-26,1027,20,2,0
2026-03-26,1028,18,1,1
2026-03-26,1029,17,0,0
2026-03-26,1030,17,1,0
2026-03-26,1031,32,3,1
2026-03-26,1032,24,1,0
2026-03-26,1033,29,0,0
2026-03-26,1034,27,1,1
2026-03-26,1035,19,0,0
2026-03-26,1036,34,3,1
2026-03-26,1037,28,2,0
2026-03-26,1038,30,1,0
2026-03-26,1039,28,1,0
2026-03-26,1040,22,2,0
2026-03-26,1041,11,1,1
2026-03-26,1042,14,0,0
2026-03-26,1043,9,0,0
2026-03-26,1044,17,3,1
2026-03-26,1045,21,3,2
2026-03-26,1046,15,3,0
2026-03-26,1047,19,1,1
2026-03-26,1048,13,1,1
2026-03-26,1049,25,2,0
2026-03-26,1050,22,3,0
2026-03-26,1051,18,2,1
2026-03-26,1052,16,2,1
2026-03-26,1053,10,0,0
2026-03-26,1054,10,0,0
2026-03-26,1055,11,2,1
2026-03-26,1056,20,0,0
2026-03-26,1057,10,0,0
2026-03-26,1058,14,2,0
2026-03-26,1059,22,2,1
2026-03-26,1060,13,0,0
2026-03-27,1001,24,1,0
2026-03-27,1002,26,1,0
2026-03-27,1003,20,2,1
2026-03-27,1004,23,1,0
2026-03-27,1005,28,1,0
2026-03-27,1006,21,2,0
2026-03-27,1007,32,3,0
2026-03-27,1008,22,2,0
2026-03-27,1009,22,0,0
2026-03-27,1010,34,2,1
2026-03-27,1011,21,1,0
2026-03-27,1012,34,3,2
2026-03-27,1013,34,5,1
2026-03-27,1014,31,6,1
2026-03-27,1015,19,1,0
2026-03-27,1016,24,1,0
2026-03-27,1017,21,2,0
2026-03-27,1018,18,3,1
2026-03-27,1019,17,2,0
2026-03-27,1020,28,0,0
2026-03-27,1021,15,0,0
2026-03-27,1022,18,0,0
2026-03-27,1023,28,0,0
2026-03-27,1024,21,1,0
2026-03-27,1025,19,3,1
2026-03-27,1026,24,0,0
2026-03-27,1027,12,1,0
2026-03-27,1028,24,2,0
2026-03-27,1029,27,2,0
2026-03-27,1030,23,1,1
2026-03-27,1031,25,2,1
2026-03-27,1032,23,1,1
2026-03-27,1033,28,2,0
2026-03-27,1034,19,2,0
2026-03-27,1035,22,0,0
2026-03-27,1036,25,1,1
2026-03-27,1037,20,1,0
2026-03-27,1038,16,2,1
2026-03-27,1039,25,1,0
2026-03-27,1040,19,0,0
2026-03-27,1041,20,4,2
2026-03-27,1042,22,4,2
2026-03-27,1043,26,4,1
2026-03-27,1044,14,1,1
2026-03-27,1045,14,1,0
2026-03-27,1046,11,0,0
2026-03-27,1047,14,2,0
2026-03-27,1048,24,1,0
2026-03-27,1049,19,3,0
2026-03-27,1050,16,2,0
2026-03-27,1051,10,0,0
2026-03-27,1052,20,1,0
2026-03-27,1053,16,1,0
2026-03-27,1054,9,0,0
2026-03-27,1055,14,2,2
2026-03-27,1056,24,4,0
2026-03-27,1057,14,1,0
2026-03-27,1058,10,1,0
2026-03-27,1059,10,1,0
2026-03-27,1060,10,0,0
2026-03-28,1001,32,1,0
2026-03-28,1002,36,2,0
2026-03-28,1003,23,0,0
2026-03-28,1004,30,1,1
2026-03-28,1005,21,2,0
2026-03-28,1006,28,1,0
2026-03-28,1007,33,2,0
2026-03-28,1008,15,1,0
2026-03-28,1009,28,2,2
2026-03-28,1010,29,2,0
2026-03-28,1011,24,1,0
2026-03-28,1012,18,3,0
2026-03-28,1013,22,5,2
2026-03-28,1014,22,1,1
2026-03-28,1015,22,2,1
2026-03-28,1016,21,2,1
2026-03-28,1017,32,6,0
2026-03-28,1018,19,1,0
2026-03-28,1019,29,1,0
2026-03-28,1020,33,2,1
2026-03-28,1021,19,0,0
2026-03-28,1022,17,1,1
2026-03-28,1023,19,5,0
2026-03-28,1024,17,3,0
2026-03-28,1025,25,1,0
2026-03-28,1026,20,0,0
2026-03-28,1027,20,1,0
2026-03-28,1028,23,3,0
2026-03-28,1029,22,1,0
2026-03-28,1030,14,2,1
2026-03-28,1031,18,4,1
2026-03-28,1032,22,1,1
2026-03-28,1033,27,1,0
2026-03-28,1034,22,0,0
2026-03-28,1035,30,1,0
2026-03-28,1036,13,1,1
2026-03-28,1037,20,0,0
2026-03-28,1038,18,1,0
2026-03-28,1039,20,2,0
2026-03-28,1040,18,2,0
2026-03-28,1041,17,2,1
2026-03-28,1042,19,4,0
2026-03-28,1043,16,0,0
2026-03-28,1044,12,0,0
2026-03-28,1045,14,1,0
2026-03-28,1046,22,1,1
2026-03-28,1047,23,1,0
2026-03-28,1048,18,2,1
2026-03-28,1049,18,2,2
2026-03-28,1050,14,1,0
2026-03-28,1051,15,0,0
2026-03-28,1052,16,0,0
2026-03-28,1053,10,2,0
2026-03-28,1054,11,1,0
2026-03-28,1055,12,4,0
2026-03-28,1056,17,1,1
2026-03-28,1057,9,0,0
2026-03-28,1058,19,0,0
2026-03-28,1059,11,1,0
2026-03-28,1060,13,2,2
2026-03-29,1001,31,0,0
2026-03-29,1002,29,2,0
2026-03-29,1003,22,5,4
2026-03-29,1004,22,1,0
2026-03-29,1005,28,2,0
2026-03-29,1006,22,2,1
2026-03-29,1007,23,1,0
2026-03-29,1008,29,3,1
2026-03-29,1009,28,1,0
2026-03-29,1010,24,2,0
2026-03-29,1011,26,3,1
2026-03-29,1012,21,6,1
2026-03-29,1013,30,2,0
2026-03-29,1014,20,0,0
2026-03-29,1015,27,3,0
2026-03-29,1016,27,1,0
2026-03-29,1017,26,1,1
2026-03-29,1018,28,5,3
2026-03-29,1019,35,5,0
2026-03-29,1020,25,2,1
2026-03-29,1021,18,1,0
2026-03-29,1022,12,0,0
2026-03-29,1023,19,1,0
2026-03-29,1024,20,1,0
2026-03-29,1025,20,0,0
2026-03-29,1026,18,0,0
2026-03-29,1027,25,3,0
2026-03-29,1028,22,2,0
2026-03-29,1029,37,2,0
2026-03-29,1030,20,1,0
2026-03-29,1031,27,2,0
2026-03-29,1032,25,0,0
2026-03-29,1033,21,0,0
2026-03-29,1034,17,1,0
2026-03-29,1035,30,2,0
2026-03-29,1036,24,1,0
2026-03-29,1037,30,6,3
2026-03-29,1038,27,4,2
2026-03-29,1039,24,1,0
2026-03-29,1040,25,0,0
2026-03-29,1041,24,3,0
2026-03-29,1042,15,1,0
2026-03-29,1043,20,5,4
2026-03-29,1044,15,1,0
2026-03-29,1045,15,1,0
2026-03-29,1046,20,2,0
2026-03-29,1047,24,4,3
2026-03-29,1048,9,4,1
2026-03-29,1049,20,1,0
2026-03-29,1050,17,0,0
2026-03-29,1051,11,1,0
2026-03-29,1052,18,1,0
2026-03-29,1053,13,1,1
2026-03-29,1054,15,3,0
2026-03-29,1055,24,0,0
2026-03-29,1056,17,0,0
2026-03-29,1057,15,1,1
2026-03-29,1058,15,0,0
2026-03-29,1059,14,1,1
2026-03-29,1060,14,2,1
2026-03-30,1001,31,3,2
2026-03-30,1002,41,4,1
2026-03-30,1003,27,3,1
2026-03-30,1004,22,2,1
2026-03-30,1005,26,2,1
2026-03-30,1006,27,0,0
2026-03-30,1007,27,5,1
2026-03-30,1008,30,2,0
2026-03-30,1009,24,1,1
2026-03-30,1010,24,1,0
2026-03-30,1011,23,2,1
2026-03-30,1012,19,1,0
2026-03-30,1013,29,2,1
2026-03-30,1014,20,2,1
2026-03-30,1015,21,2,0
2026-03-30,1016,42,5,4
2026-03-30,1017,28,3,0
2026-03-30,1018,25,1,0
2026-03-30,1019,18,5,1
2026-03-30,1020,28,3,0
2026-03-30,1021,22,2,1
2026-03-30,1022,11,0,0
2026-03-30,1023,27,1,0
2026-03-30,1024,20,2,1
2026-03-30,1025,27,3,1
2026-03-30,1026,19,4,0
2026-03-30,1027,20,1,0
2026-03-30,1028,16,2,0
2026-03-30,1029,23,4,1
2026-03-30,1030,20,2,1
2026-03-30,1031,24,3,0
2026-03-30,1032,23,1,0
2026-03-30,1033,29,1,0
2026-03-30,1034,27,1,0
2026-03-30,1035,19,0,0
2026-03-30,1036,16,0,0
2026-03-30,1037,19,3,1
2026-03-30,1038,20,1,1
2026-03-30,1039,22,0,0
2026-03-30,1040,15,2,0
2026-03-30,1041,23,2,1
2026-03-30,1042,12,1,0
2026-03-30,1043,15,2,2
2026-03-30,1044,8,2,0
2026-03-30,1045,14,0,0
2026-03-30,1046,11,0,0
2026-03-30,1047,18,1,1
2026-03-30,1048,20,2,2
2026-03-30,1049,13,0,0
2026-03-30,1050,18,3,1
2026-03-30,1051,16,1,0
2026-03-30,1052,21,3,0
2026-03-30,1053,18,1,1
2026-03-30,1054,15,1,0
2026-03-30,1055,13,0,0
2026-03-30,1056,11,0,0
2026-03-30,1057,10,1,1
2026-03-30,1058,17,1,0
2026-03-30,1059,14,0,0
2026-03-30,1060,14,1,0
2026-03-31,1001,31,0,0
2026-03-31,1002,36,4,1
2026-03-31,1003,36,3,2
2026-03-31,1004,35,4,1
2026-03-31,1005,24,2,0
2026-03-31,1006,19,2,1
2026-03-31,1007,34,3,1
2026-03-31,1008,30,7,1
2026-03-31,1009,23,1,0
2026-03-31,1010,24,2,0
2026-03-31,1011,23,3,1
2026-03-31,1012,28,4,2
2026-03-31,1013,22,0,0
2026-03-31,1014,25,1,1
2026-03-31,1015,24,4,1
2026-03-31,1016,24,0,0
2026-03-31,1017,30,2,2
2026-03-31,1018,31,4,1
2026-03-31,1019,25,4,1
2026-03-31,1020,20,1,0
2026-03-31,1021,24,2,1
2026-03-31,1022,22,1,1
2026-03-31,1023,27,2,1
2026-03-31,1024,29,1,0
2026-03-31,1025,26,0,0
2026-03-31,1026,27,3,0
2026-03-31,1027,26,3,1
2026-03-31,1028,19,1,1
2026-03-31,1029,17,0,0
2026-03-31,1030,27,3,1
2026-03-31,1031,19,1,1
2026-03-31,1032,13,2,0
2026-03-31,1033,25,0,0
2026-03-31,1034,27,0,0
2026-03-31,1035,26,0,0
2026-03-31,1036,18,1,0
2026-03-31,1037,19,1,1
2026-03-31,1038,21,0,0
2026-03-31,1039,22,3,1
2026-03-31,1040,21,1,0
2026-03-31,1041,24,3,1
2026-03-31,1042,17,1,1
2026-03-31,1043,15,2,0
2026-03-31,1044,17,1,0
2026-03-31,1045,16,3,1
2026-03-31,1046,16,0,0
2026-03-31,1047,22,0,0
2026-03-31,1048,14,1,0
2026-03-31,1049,9,0,0
2026-03-31,1050,17,0,0
2026-03-31,1051,11,2,0
2026-03-31,1052,19,1,0
2026-03-31,1053,13,3,0
2026-03-31,1054,14,1,1
2026-03-31,1055,10,1,0
2026-03-31,1056,18,3,2
2026-03-31,1057,10,0,0
2026-03-31,1058,12,1,0
2026-03-31,1059,21,1,0
2026-03-31,1060,12,0,0
2026-04-01,1001,29,6,3
2026-04-01,1002,24,1,1
2026-04-01,1003,23,2,0
2026-04-01,1004,23,4,0
2026-04-01,1005,23,4,2
2026-04-01,1006,22,1,0
2026-04-01,1007,32,2,1
2026-04-01,1008,23,2,1
2026-04-01,1009,24,3,1
2026-04-01,1010,30,0,0
2026-04-01,1011,28,0,0
2026-04-01,1012,27,4,1
2026-04-01,1013,27,1,1
2026-04-01,1014,34,1,1
2026-04-01,1015,22,4,0
2026-04-01,1016,34,6,3
2026-04-01,1017,28,1,0
2026-04-01,1018,22,1,0
2026-04-01,1019,30,3,2
2026-04-01,1020,30,3,1
2026-04-01,1021,20,2,0
2026-04-01,1022,23,3,1
2026-04-01,1023,16,2,0
2026-04-01,1024,24,1,0
2026-04-01,1025,23,1,0
2026-04-01,1026,11,0,0
2026-04-01,1027,22,3,2
2026-04-01,1028,19,1,0
2026-04-01,1029,22,1,0
2026-04-01,1030,18,0,0
2026-04-01,1031,19,1,1
2026-04-01,1032,32,4,0
2026-04-01,1033,20,1,0
2026-04-01,1034,19,0,0
2026-04-01,1035,23,2,1
2026-04-01,1036,30,3,1
2026-04-01,1037,21,0,0
2026-04-01,1038,19,1,1
2026-04-01,1039,19,1,0
2026-04-01,1040,29,3,1
2026-04-01,1041,15,0,0
2026-04-01,1042,26,3,0
2026-04-01,1043,20,1,0
2026-04-01,1044,20,1,0
2026-04-01,1045,13,0,0
2026-04-01,1046,20,1,0
2026-04-01,1047,21,1,1
2026-04-01,1048,14,4,2
2026-04-01,1049,17,5,1
2026-04-01,1050,16,3,1
2026-04-01,1051,23,0,0
2026-04-01,1052,11,1,0
2026-04-01,1053,11,0,0
2026-04-01,1054,12,1,0
2026-04-01,1055,9,1,1
2026-04-01,1056,16,1,0
2026-04-01,1057,17,0,0
2026-04-01,1058,17,1,1
2026-04-01,1059,14,0,0
2026-04-01,1060,10,0,0
2026-04-02,1001,22,0,0
2026-04-02,1002,21,5,2
2026-04-02,1003,22,2,0
2026-04-02,1004,32,2,0
2026-04-02,1005,26,1,0
2026-04-02,1006,23,5,2
2026-04-02,1007,29,3,2
2026-04-02,1008,18,3,3
2026-04-02,1009,21,3,1
2026-04-02,1010,18,2,0
2026-04-02,1011,23,2,0
2026-04-02,1012,17,1,0
2026-04-02,1013,30,0,0
2026-04-02,1014,21,3,1
2026-04-02,1015,22,4,2
2026-04-02,1016,31,3,1
2026-04-02,1017,37,4,1
2026-04-02,1018,15,2,0
2026-04-02,1019,24,2,0
2026-04-02,1020,30,3,2
2026-04-02,1021,22,2,0
2026-04-02,1022,22,3,1
2026-04-02,1023,14,0,0
2026-04-02,1024,22,1,1
2026-04-02,1025,18,0,0
2026-04-02,1026,25,0,0
2026-04-02,1027,21,2,1
2026-04-02,1028,19,0,0
2026-04-02,1029,20,2,1
2026-04-02,1030,23,1,0
2026-04-02,1031,17,1,1
2026-04-02,1032,25,4,1
2026-04-02,1033,28,0,0
2026-04-02,1034,28,1,0
2026-04-02,1035,25,2,1
2026-04-02,1036,22,3,2
2026-04-02,1037,21,1,0
2026-04-02,1038,26,2,1
2026-04-02,1039,20,2,0
2026-04-02,1040,17,0,0
2026-04-02,1041,20,2,2
2026-04-02,1042,20,1,1
2026-04-02,1043,15,0,0
2026-04-02,1044,15,0,0
2026-04-02,1045,20,3,1
2026-04-02,1046,23,2,0
2026-04-02,1047,18,3,1
2026-04-02,1048,21,2,1
2026-04-02,1049,17,4,2
2026-04-02,1050,26,3,0
2026-04-02,1051,14,2,0
2026-04-02,1052,17,2,1
2026-04-02,1053,15,2,0
2026-04-02,1054,18,1,0
2026-04-02,1055,13,0,0
2026-04-02,1056,18,2,2
2026-04-02,1057,18,4,1
2026-04-02,1058,18,1,0
2026-04-02,1059,16,0,0
2026-04-02,1060,16,0,0
2026-04-03,1001,29,4,2
2026-04-03,1002,19,2,1
2026-04-03,1003,23,2,0
2026-04-03,1004,27,1,1
2026-04-03,1005,30,4,2
2026-04-03,1006,27,2,0
2026-04-03,1007,31,3,0
2026-04-03,1008,26,2,0
2026-04-03,1009,27,1,0
2026-04-03,1010,27,5,1
2026-04-03,1011,25,0,0
2026-04-03,1012,21,0,0
2026-04-03,1013,24,3,0
2026-04-03,1014,19,2,1
2026-04-03,1015,22,6,1
2026-04-03,1016,26,0,0
2026-04-03,1017,29,3,0
2026-04-03,1018,27,3,2
2026-04-03,1019,17,1,0
2026-04-03,1020,22,2,0
2026-04-03,1021,22,0,0
2026-04-03,1022,28,1,0
2026-04-03,1023,21,4,1
2026-04-03,1024,27,2,1
2026-04-03,1025,21,4,2
2026-04-03,1026,23,1,0
2026-04-03,1027,23,0,0
2026-04-03,1028,25,2,0
2026-04-03,1029,18,0,0
2026-04-03,1030,30,2,2
2026-04-03,1031,18,0,0
2026-04-03,1032,22,0,0
2026-04-03,1033,30,1,1
2026-04-03,1034,21,1,0
2026-04-03,1035,28,1,0
2026-04-03,1036,26,1,0
2026-04-03,1037,26,4,2
2026-04-03,1038,25,2,0
2026-04-03,1039,26,3,0
2026-04-03,1040,24,4,1
2026-04-03,1041,26,1,0
2026-04-03,1042,20,1,1
2026-04-03,1043,20,2,0
2026-04-03,1044,24,3,0
2026-04-03,1045,19,2,0
2026-04-03,1046,18,1,1
2026-04-03,1047,18,0,0
2026-04-03,1048,21,0,0
2026-04-03,1049,16,2,0
2026-04-03,1050,14,0,0
2026-04-03,1051,15,2,0
2026-04-03,1052,14,2,0
2026-04-03,1053,11,1,1
2026-04-03,1054,9,2,1
2026-04-03,1055,15,0,0
2026-04-03,1056,6,0,0
2026-04-03,1057,19,1,0
2026-04-03,1058,18,4,1
2026-04-03,1059,25,2,0
2026-04-03,1060,14,1,0
2026-04-04,1001,22,3,2
2026-04-04,1002,36,2,0
2026-04-04,1003,28,5,1
2026-04-04,1004,27,1,0
2026-04-04,1005,29,3,0
2026-04-04,1006,21,5,1
2026-04-04,1007,22,3,0
2026-04-04,1008,25,2,0
2026-04-04,1009,28,2,1
2026-04-04,1010,24,5,1
2026-04-04,1011,26,3,0
2026-04-04,1012,17,1,1
2026-04-04,1013,18,1,1
2026-04-04,1014,21,0,0
2026-04-04,1015,13,1,0
2026-04-04,1016,26,0,0
2026-04-04,1017,23,5,3
2026-04-04,1018,25,0,0
2026-04-04,1019,20,1,0
2026-04-04,1020,23,0,0
2026-04-04,1021,19,0,0
2026-04-04,1022,23,1,0
2026-04-04,1023,25,0,0
2026-04-04,1024,21,1,1
2026-04-04,1025,28,2,2
2026-04-04,1026,25,1,0
2026-04-04,1027,20,3,1
2026-04-04,1028,15,0,0
2026-04-04,1029,21,2,1
2026-04-04,1030,17,3,1
2026-04-04,1031,21,2,1
2026-04-04,1032,24,3,0
2026-04-04,1033,33,2,0
2026-04-04,1034,20,1,0
2026-04-04,1035,25,1,0
2026-04-04,1036,30,1,0
2026-04-04,1037,18,2,1
2026-04-04,1038,15,2,1
2026-04-04,1039,20,1,0
2026-04-04,1040,24,4,2
2026-04-04,1041,18,3,2
2026-04-04,1042,15,4,0
2026-04-04,1043,14,0,0
2026-04-04,1044,24,1,0
2026-04-04,1045,13,2,0
2026-04-04,1046,20,1,0
2026-04-04,1047,22,2,1
2026-04-04,1048,12,1,0
2026-04-04,1049,21,0,0
2026-04-04,1050,14,1,0
2026-04-04,1051,14,1,0
2026-04-04,1052,16,0,0
2026-04-04,1053,21,0,0
2026-04-04,1054,17,0,0
2026-04-04,1055,11,1,0
2026-04-04,1056,13,2,0
2026-04-04,1057,21,3,0
2026-04-04,1058,14,1,0
2026-04-04,1059,10,0,0
2026-04-04,1060,14,1,0
2026-04-05,1001,24,3,1
2026-04-05,1002,27,0,0
2026-04-05,1003,30,3,1
2026-04-05,1004,26,2,0
2026-04-05,1005,32,3,0
2026-04-05,1006,23,2,0
2026-04-05,1007,34,4,1
2026-04-05,1008,29,1,0
2026-04-05,1009,36,4,1
2026-04-05,1010,27,1,0
2026-04-05,1011,29,1,0
2026-04-05,1012,26,4,1
2026-04-05,1013,31,1,0
2026-04-05,1014,24,3,0
2026-04-05,1015,16,2,2
2026-04-05,1016,28,2,1
2026-04-05,1017,23,4,0
2026-04-05,1018,26,4,1
2026-04-05,1019,26,4,0
2026-04-05,1020,35,5,2
2026-04-05,1021,23,0,0
2026-04-05,1022,27,4,0
2026-04-05,1023,28,2,1
2026-04-05,1024,29,5,1
2026-04-05,1025,16,0,0
2026-04-05,1026,22,3,1
2026-04-05,1027,29,4,1
2026-04-05,1028,19,3,1
2026-04-05,1029,20,0,0
2026-04-05,1030,26,3,0
2026-04-05,1031,27,2,0
2026-04-05,1032,24,1,0
2026-04-05,1033,18,0,0
2026-04-05,1034,27,2,0
2026-04-05,1035,29,2,2
2026-04-05,1036,22,2,0
2026-04-05,1037,25,1,0
2026-04-05,1038,29,3,1
2026-04-05,1039,20,2,2
2026-04-05,1040,18,1,1
2026-04-05,1041,17,0,0
2026-04-05,1042,10,0,0
2026-04-05,1043,9,0,0
2026-04-05,1044,20,2,1
2026-04-05,1045,19,1,0
2026-04-05,1046,13,1,0
2026-04-05,1047,18,0,0
2026-04-05,1048,11,1,0
2026-04-05,1049,23,4,1
2026-04-05,1050,22,1,0
2026-04-05,1051,18,0,0
2026-04-05,1052,11,0,0
2026-04-05,1053,13,0,0
2026-04-05,1054,11,1,0
2026-04-05,1055,11,2,0
2026-04-05,1056,15,0,0
2026-04-05,1057,15,1,0
2026-04-05,1058,10,0,0
2026-04-05,1059,14,0,0
2026-04-05,1060,12,2,1
2026-04-06,1001,21,3,0
2026-04-06,1002,26,4,1
2026-04-06,1003,31,8,2
2026-04-06,1004,35,1,0
2026-04-06,1005,39,3,1
2026-04-06,1006,26,6,3
2026-04-06,1007,26,4,2
2026-04-06,1008,30,4,0
2026-04-06,1009,26,0,0
2026-04-06,1010,22,1,0
2026-04-06,1011,35,4,1
2026-04-06,1012,23,4,1
2026-04-06,1013,19,6,1
2026-04-06,1014,23,2,1
2026-04-06,1015,24,3,3
2026-04-06,1016,16,1,1
2026-04-06,1017,14,2,0
2026-04-06,1018,27,1,0
2026-04-06,1019,31,1,1
2026-04-06,1020,28,3,1
2026-04-06,1021,21,0,0
2026-04-06,1022,17,0,0
2026-04-06,1023,22,1,0
2026-04-06,1024,23,2,0
2026-04-06,1025,19,0,0
2026-04-06,1026,14,2,0
2026-04-06,1027,17,3,1
2026-04-06,1028,18,2,1
2026-04-06,1029,15,2,1
2026-04-06,1030,28,3,2
2026-04-06,1031,33,2,0
2026-04-06,1032,23,0,0
2026-04-06,1033,33,2,0
2026-04-06,1034,28,1,0
2026-04-06,1035,26,2,0
2026-04-06,1036,26,1,1
2026-04-06,1037,19,2,0
2026-04-06,1038,23,2,1
2026-04-06,1039,18,3,1
2026-04-06,1040,24,1,1
2026-04-06,1041,22,0,0
2026-04-06,1042,17,2,1
2026-04-06,1043,19,0,0
2026-04-06,1044,12,1,0
2026-04-06,1045,13,0,0
2026-04-06,1046,21,1,0
2026-04-06,1047,13,1,1
2026-04-06,1048,8,0,0
2026-04-06,1049,15,1,0
2026-04-06,1050,18,3,3
2026-04-06,1051,5,0,0
2026-04-06,1052,10,1,0
2026-04-06,1053,9,0,0
2026-04-06,1054,14,0,0
2026-04-06,1055,12,1,1
2026-04-06,1056,17,1,0
2026-04-06,1057,21,1,0
2026-04-06,1058,17,0,0
2026-04-06,1059,11,0,0
2026-04-06,1060,8,1,0
2026-04-07,1001,28,3,0
2026-04-07,1002,16,4,1
2026-04-07,1003,15,0,0
2026-04-07,1004,28,5,3
2026-04-07,1005,24,1,0
2026-04-07,1006,23,1,0
2026-04-07,1007,36,0,0
2026-04-07,1008,34,6,3
2026-04-07,1009,26,4,1
2026-04-07,1010,23,0,0
2026-04-07,1011,23,3,1
2026-04-07,1012,22,1,0
2026-04-07,1013,22,1,0
2026-04-07,1014,23,2,1
2026-04-07,1015,23,4,1
2026-04-07,1016,25,2,2
2026-04-07,1017,26,2,0
2026-04-07,1018,34,4,1
2026-04-07,1019,26,3,3
2026-04-07,1020,35,5,2
2026-04-07,1021,25,2,1
2026-04-07,1022,24,0,0
2026-04-07,1023,22,3,2
2026-04-07,1024,23,2,0
2026-04-07,1025,17,1,0
2026-04-07,1026,15,1,0
2026-04-07,1027,23,2,0
2026-04-07,1028,17,2,0
2026-04-07,1029,33,3,1
2026-04-07,1030,26,0,0
2026-04-07,1031,29,2,1
2026-04-07,1032,24,0,0
2026-04-07,1033,33,2,0
2026-04-07,1034,23,0,0
2026-04-07,1035,17,1,0
2026-04-07,1036,17,0,0
2026-04-07,1037,33,1,0
2026-04-07,1038,19,3,2
2026-04-07,1039,19,1,0
2026-04-07,1040,21,1,0
2026-04-07,1041,25,1,0
2026-04-07,1042,22,5,1
2026-04-07,1043,16,0,0
2026-04-07,1044,23,2,0
2026-04-07,1045,16,0,0
2026-04-07,1046,12,4,1
2026-04-07,1047,15,0,0
2026-04-07,1048,20,2,0
2026-04-07,1049,21,1,1
2026-04-07,1050,18,1,1
2026-04-07,1051,14,2,1
2026-04-07,1052,15,5,1
2026-04-07,1053,10,1,0
2026-04-07,1054,17,1,0
2026-04-07,1055,16,2,0
2026-04-07,1056,16,0,0
2026-04-07,1057,13,1,1
2026-04-07,1058,26,2,0
2026-04-07,1059,12,0,0
2026-04-07,1060,11,1,0
2026-04-08,1001,24,1,0
2026-04-08,1002,29,3,0
2026-04-08,1003,29,1,0
2026-04-08,1004,23,1,0
2026-04-08,1005,21,1,0
2026-04-08,1006,37,1,0
2026-04-08,1007,33,4,1
2026-04-08,1008,32,4,0
2026-04-08,1009,38,2,0
2026-04-08,1010,24,3,0
2026-04-08,1011,24,4,0
2026-04-08,1012,23,2,1
2026-04-08,1013,21,4,2
2026-04-08,1014,30,1,0
2026-04-08,1015,31,2,0
2026-04-08,1016,25,2,2
2026-04-08,1017,33,5,2
2026-04-08,1018,24,2,0
2026-04-08,1019,36,3,1
2026-04-08,1020,23,3,0
2026-04-08,1021,20,3,2
2026-04-08,1022,22,4,1
2026-04-08,1023,26,1,0
2026-04-08,1024,20,0,0
2026-04-08,1025,29,2,1
2026-04-08,1026,19,1,1
2026-04-08,1027,22,2,0
2026-04-08,1028,20,2,1
2026-04-08,1029,16,1,0
2026-04-08,1030,21,1,0
2026-04-08,1031,22,1,0
2026-04-08,1032,23,1,0
2026-04-08,1033,17,1,0
2026-04-08,1034,28,3,1
2026-04-08,1035,15,1,0
2026-04-08,1036,22,2,1
2026-04-08,1037,23,1,0
2026-04-08,1038,23,1,0
2026-04-08,1039,13,2,0
2026-04-08,1040,28,4,1
2026-04-08,1041,17,0,0
2026-04-08,1042,20,3,1
2026-04-08,1043,14,2,0
2026-04-08,1044,19,0,0
2026-04-08,1045,14,1,0
2026-04-08,1046,14,1,0
2026-04-08,1047,19,2,0
2026-04-08,1048,14,0,0
2026-04-08,1049,18,1,0
2026-04-08,1050,27,0,0
2026-04-08,1051,17,1,0
2026-04-08,1052,22,1,0
2026-04-08,1053,9,0,0
2026-04-08,1054,15,2,0
2026-04-08,1055,16,2,0
2026-04-08,1056,14,2,0
2026-04-08,1057,15,3,2
2026-04-08,1058,15,0,0
2026-04-08,1059,8,0,0
2026-04-08,1060,16,2,1
2026-04-09,1001,32,3,1
2026-04-09,1002,17,2,1
2026-04-09,1003,29,1,0
2026-04-09,1004,32,1,0
2026-04-09,1005,30,6,3
2026-04-09,1006,16,0,0
2026-04-09,1007,27,1,0
2026-04-09,1008,28,2,0
2026-04-09,1009,24,1,0
2026-04-09,1010,37,4,2
2026-04-09,1011,39,6,2
2026-04-09,1012,23,7,2
2026-04-09,1013,16,1,1
2026-04-09,1014,28,3,0
2026-04-09,1015,25,1,0
2026-04-09,1016,22,1,0
2026-04-09,1017,25,2,1
2026-04-09,1018,20,2,0
2026-04-09,1019,17,2,0
2026-04-09,1020,31,2,1
2026-04-09,1021,22,6,3
2026-04-09,1022,23,2,0
2026-04-09,1023,16,0,0
2026-04-09,1024,19,1,1
2026-04-09,1025,33,3,0
2026-04-09,1026,23,1,0
2026-04-09,1027,20,0,0
2026-04-09,1028,34,5,2
2026-04-09,1029,28,5,0
2026-04-09,1030,29,5,2
2026-04-09,1031,29,0,0
2026-04-09,1032,23,1,0
2026-04-09,1033,33,0,0
2026-04-09,1034,19,0,0
2026-04-09,1035,22,1,0
2026-04-09,1036,26,3,2
2026-04-09,1037,26,2,0
2026-04-09,1038,15,0,0
2026-04-09,1039,28,1,0
2026-04-09,1040,14,1,0
2026-04-09,1041,17,2,0
2026-04-09,1042,15,1,0
2026-04-09,1043,21,3,3
2026-04-09,1044,27,2,1
2026-04-09,1045,16,0,0
2026-04-09,1046,23,0,0
2026-04-09,1047,13,1,1
2026-04-09,1048,14,1,0
2026-04-09,1049,16,2,1
2026-04-09,1050,8,1,1
2026-04-09,1051,18,1,0
2026-04-09,1052,10,0,0
2026-04-09,1053,13,1,0
2026-04-09,1054,26,3,0
2026-04-09,1055,18,0,0
2026-04-09,1056,8,0,0
2026-04-09,1057,12,1,0
2026-04-09,1058,15,1,1
2026-04-09,1059,10,0,0
2026-04-09,1060,22,1,1
2026-04-10,1001,28,2,0
2026-04-10,1002,25,1,1
2026-04-10,1003,27,3,1
2026-04-10,1004,34,5,0
2026-04-10,1005,29,6,1
2026-04-10,1006,25,2,0
2026-04-10,1007,19,0,0
2026-04-10,1008,26,5,0
2026-04-10,1009,25,3,0
2026-04-10,1010,22,2,0
2026-04-10,1011,24,2,2
2026-04-10,1012,24,2,0
2026-04-10,1013,23,4,2
2026-04-10,1014,29,1,0
2026-04-10,1015,14,1,0
2026-04-10,1016,26,5,1
2026-04-10,1017,16,3,0
2026-04-10,1018,24,1,0
2026-04-10,1019,25,3,1
2026-04-10,1020,26,3,1
2026-04-10,1021,14,0,0
2026-04-10,1022,22,2,2
2026-04-10,1023,26,2,1
2026-04-10,1024,27,5,1
2026-04-10,1025,25,1,0
2026-04-10,1026,23,2,0
2026-04-10,1027,19,1,0
2026-04-10,1028,17,0,0
2026-04-10,1029,18,1,1
2026-04-10,1030,22,0,0
2026-04-10,1031,23,1,1
2026-04-10,1032,20,1,0
2026-04-10,1033,27,0,0
2026-04-10,1034,24,1,0
2026-04-10,1035,19,2,1
2026-04-10,1036,22,3,0
2026-04-10,1037,19,3,0
2026-04-10,1038,22,3,1
2026-04-10,1039,29,0,0
2026-04-10,1040,26,2,1
2026-04-10,1041,18,1,0
2026-04-10,1042,17,4,2
2026-04-10,1043,15,1,0
2026-04-10,1044,17,3,1
2026-04-10,1045,10,0,0
2026-04-10,1046,21,2,1
2026-04-10,1047,26,2,0
2026-04-10,1048,16,0,0
2026-04-10,1049,26,2,2
2026-04-10,1050,16,1,1
2026-04-10,1051,17,0,0
2026-04-10,1052,20,1,1
2026-04-10,1053,11,3,0
2026-04-10,1054,21,1,0
2026-04-10,1055,23,2,2
2026-04-10,1056,14,0,0
2026-04-10,1057,11,1,0
2026-04-10,1058,12,1,1
2026-04-10,1059,11,0,0
2026-04-10,1060,12,0,0
2026-04-11,1001,26,2,0
2026-04-11,1002,23,2,1
2026-04-11,1003,20,2,0
2026-04-11,1004,24,0,0
2026-04-11,1005,24,1,0
2026-04-11,1006,27,4,0
2026-04-11,1007,22,2,2
2026-04-11,1008,20,0,0
2026-04-11,1009,26,3,1
2026-04-11,1010,33,2,0
2026-04-11,1011,14,2,0
2026-04-11,1012,24,3,1
2026-04-11,1013,16,2,1
2026-04-11,1014,22,2,0
2026-04-11,1015,24,1,1
2026-04-11,1016,20,2,1
2026-04-11,1017,25,3,0
2026-04-11,1018,21,3,0
2026-04-11,1019,19,1,0
2026-04-11,1020,20,1,0
2026-04-11,1021,19,1,0
2026-04-11,1022,25,1,0
2026-04-11,1023,21,0,0
2026-04-11,1024,16,1,0
2026-04-11,1025,19,2,1
2026-04-11,1026,16,0,0
2026-04-11,1027,25,1,1
2026-04-11,1028,20,1,0
2026-04-11,1029,18,0,0
2026-04-11,1030,25,2,1
2026-04-11,1031,24,2,0
2026-04-11,1032,21,1,0
2026-04-11,1033,19,4,1
2026-04-11,1034,19,1,0
2026-04-11,1035,18,2,1
2026-04-11,1036,18,2,1
2026-04-11,1037,26,2,2
2026-04-11,1038,25,2,1
2026-04-11,1039,30,4,2
2026-04-11,1040,34,3,1
2026-04-11,1041,15,1,1
2026-04-11,1042,22,2,1
2026-04-11,1043,17,0,0
2026-04-11,1044,25,1,0
2026-04-11,1045,20,0,0
2026-04-11,1046,18,2,0
2026-04-11,1047,16,2,1
2026-04-11,1048,16,0,0
2026-04-11,1049,14,2,0
2026-04-11,1050,19,3,1
2026-04-11,1051,13,1,0
2026-04-11,1052,13,1,0
2026-04-11,1053,15,0,0
2026-04-11,1054,15,0,0
2026-04-11,1055,13,0,0
2026-04-11,1056,13,0,0
2026-04-11,1057,21,1,0
2026-04-11,1058,21,2,0
2026-04-11,1059,17,1,1
2026-04-11,1060,13,0,0
2026-04-12,1001,23,0,0
2026-04-12,1002,32,3,1
2026-04-12,1003,43,4,0
2026-04-12,1004,26,2,1
2026-04-12,1005,29,4,1
2026-04-12,1006,36,3,1
2026-04-12,1007,28,2,1
2026-04-12,1008,35,3,0
2026-04-12,1009,27,1,1
2026-04-12,1010,29,0,0
2026-04-12,1011,19,3,1
2026-04-12,1012,27,1,0
2026-04-12,1013,30,5,2
2026-04-12,1014,19,1,0
2026-04-12,1015,29,2,2
2026-04-12,1016,24,3,1
2026-04-12,1017,21,1,0
2026-04-12,1018,17,2,0
2026-04-12,1019,16,3,0
2026-04-12,1020,21,1,0
2026-04-12,1021,13,0,0
2026-04-12,1022,20,1,0
2026-04-12,1023,25,2,0
2026-04-12,1024,23,1,0
2026-04-12,1025,15,0,0
2026-04-12,1026,27,1,0
2026-04-12,1027,26,5,0
2026-04-12,1028,31,4,0
2026-04-12,1029,27,2,1
2026-04-12,1030,20,2,1
2026-04-12,1031,23,2,0
2026-04-12,1032,26,0,0
2026-04-12,1033,18,0,0
2026-04-12,1034,23,3,1
2026-04-12,1035,25,1,0
2026-04-12,1036,37,3,0
2026-04-12,1037,29,4,3
2026-04-12,1038,20,0,0
2026-04-12,1039,28,3,0
2026-04-12,1040,21,2,1
2026-04-12,1041,19,1,0
2026-04-12,1042,12,3,1
2026-04-12,1043,14,2,0
2026-04-12,1044,19,2,1
2026-04-12,1045,25,4,0
2026-04-12,1046,20,4,3
2026-04-12,1047,13,0,0
2026-04-12,1048,12,1,0
2026-04-12,1049,17,1,1
2026-04-12,1050,9,0,0
2026-04-12,1051,13,0,0
2026-04-12,1052,18,0,0
2026-04-12,1053,13,1,1
2026-04-12,1054,17,0,0
2026-04-12,1055,15,1,1
2026-04-12,1056,10,0,0
2026-04-12,1057,10,2,0
2026-04-12,1058,20,2,1
2026-04-12,1059,18,1,0
2026-04-12,1060,7,0,0
2026-04-13,1001,40,6,3
2026-04-13,1002,28,2,2
2026-04-13,1003,26,2,1
2026-04-13,1004,29,3,0
2026-04-13,1005,15,0,0
2026-04-13,1006,20,2,1
2026-04-13,1007,30,2,0
2026-04-13,1008,26,1,0
2026-04-13,1009,29,2,1
2026-04-13,1010,24,1,1
2026-04-13,1011,27,1,1
2026-04-13,1012,32,6,2
2026-04-13,1013,21,4,2
2026-04-13,1014,22,4,0
2026-04-13,1015,26,2,1
2026-04-13,1016,16,1,0
2026-04-13,1017,21,4,0
2026-04-13,1018,17,2,1
2026-04-13,1019,31,5,1
2026-04-13,1020,18,0,0
2026-04-13,1021,21,1,0
2026-04-13,1022,23,1,0
2026-04-13,1023,19,4,1
2026-04-13,1024,27,4,1
2026-04-13,1025,19,2,0
2026-04-13,1026,21,1,0
2026-04-13,1027,17,0,0
2026-04-13,1028,16,1,0
2026-04-13,1029,20,1,0
2026-04-13,1030,21,2,0
2026-04-13,1031,30,5,4
2026-04-13,1032,27,4,3
2026-04-13,1033,24,3,0
2026-04-13,1034,27,0,0
2026-04-13,1035,22,1,1
2026-04-13,1036,18,0,0
2026-04-13,1037,32,4,2
2026-04-13,1038,29,3,2
2026-04-13,1039,25,1,0
2026-04-13,1040,25,0,0
2026-04-13,1041,20,4,0
2026-04-13,1042,14,2,0
2026-04-13,1043,24,3,2
2026-04-13,1044,14,1,0
2026-04-13,1045,12,1,0
2026-04-13,1046,17,0,0
2026-04-13,1047,18,2,1
2026-04-13,1048,17,3,1
2026-04-13,1049,18,3,1
2026-04-13,1050,16,1,0
2026-04-13,1051,18,1,0
2026-04-13,1052,13,2,1
2026-04-13,1053,14,0,0
2026-04-13,1054,8,0,0
2026-04-13,1055,15,3,2
2026-04-13,1056,17,1,0
2026-04-13,1057,17,1,1
2026-04-13,1058,15,2,1
2026-04-13,1059,14,0,0
2026-04-13,1060,15,0,0
2026-04-14,1001,21,1,0
2026-04-14,1002,27,0,0
2026-04-14,1003,26,2,0
2026-04-14,1004,28,4,0
2026-04-14,1005,27,0,0
2026-04-14,1006,28,0,0
2026-04-14,1007,27,3,1
2026-04-14,1008,25,4,1
2026-04-14,1009,27,3,0
2026-04-14,1010,17,2,0
2026-04-14,1011,29,0,0
2026-04-14,1012,20,2,0
2026-04-14,1013,24,2,2
2026-04-14,1014,29,6,1
2026-04-14,1015,27,2,0
2026-04-14,1016,24,1,0
2026-04-14,1017,25,3,1
2026-04-14,1018,26,2,0
2026-04-14,1019,22,0,0
2026-04-14,1020,21,3,0
2026-04-14,1021,22,2,0
2026-04-14,1022,18,0,0
2026-04-14,1023,18,0,0
2026-04-14,1024,22,4,1
2026-04-14,1025,21,2,1
2026-04-14,1026,33,1,1
2026-04-14,1027,21,2,1
2026-04-14,1028,14,0,0
2026-04-14,1029,17,2,1
2026-04-14,1030,24,1,0
2026-04-14,1031,20,3,1
2026-04-14,1032,22,2,1
2026-04-14,1033,20,2,0
2026-04-14,1034,29,2,1
2026-04-14,1035,24,1,0
2026-04-14,1036,32,1,0
2026-04-14,1037,34,3,0
2026-04-14,1038,25,3,2
2026-04-14,1039,22,1,0
2026-04-14,1040,27,4,2
2026-04-14,1041,9,0,0
2026-04-14,1042,19,0,0
2026-04-14,1043,14,1,0
2026-04-14,1044,14,1,0
2026-04-14,1045,20,1,0
2026-04-14,1046,14,1,0
2026-04-14,1047,15,2,1
2026-04-14,1048,17,1,1
2026-04-14,1049,15,1,0
2026-04-14,1050,23,2,0
2026-04-14,1051,15,3,1
2026-04-14,1052,22,1,0
2026-04-14,1053,9,1,1
2026-04-14,1054,11,0,0
2026-04-14,1055,19,2,1
2026-04-14,1056,18,1,1
2026-04-14,1057,12,0,0
2026-04-14,1058,8,1,0
2026-04-14,1059,14,1,0
2026-04-14,1060,10,2,0
2026-04-15,1001,28,3,0
2026-04-15,1002,19,2,0
2026-04-15,1003,18,2,1
2026-04-15,1004,31,3,1
2026-04-15,1005,26,3,0
2026-04-15,1006,25,2,1
2026-04-15,1007,21,3,2
2026-04-15,1008,29,1,1
2026-04-15,1009,21,1,0
2026-04-15,1010,35,6,1
2026-04-15,1011,24,1,0
2026-04-15,1012,26,3,1
2026-04-15,1013,24,1,1
2026-04-15,1014,19,2,1
2026-04-15,1015,14,3,1
2026-04-15,1016,22,2,1
2026-04-15,1017,24,2,1
2026-04-15,1018,26,2,1
2026-04-15,1019,29,6,2
2026-04-15,1020,18,2,1
2026-04-15,1021,30,3,1
2026-04-15,1022,23,2,0
2026-04-15,1023,24,0,0
2026-04-15,1024,22,4,0
2026-04-15,1025,24,1,1
2026-04-15,1026,18,3,2
2026-04-15,1027,17,2,0
2026-04-15,1028,28,1,0
2026-04-15,1029,16,1,1
2026-04-15,1030,22,3,0
2026-04-15,1031,30,4,0
2026-04-15,1032,30,3,0
2026-04-15,1033,19,1,1
2026-04-15,1034,25,0,0
2026-04-15,1035,34,0,0
2026-04-15,1036,25,1,0
2026-04-15,1037,24,1,0
2026-04-15,1038,28,2,0
2026-04-15,1039,16,1,1
2026-04-15,1040,26,2,2
2026-04-15,1041,18,2,1
2026-04-15,1042,16,2,1
2026-04-15,1043,18,0,0
2026-04-15,1044,13,0,0
2026-04-15,1045,13,2,1
2026-04-15,1046,22,2,1
2026-04-15,1047,13,2,1
2026-04-15,1048,11,0,0
2026-04-15,1049,17,2,1
2026-04-15,1050,18,3,1
2026-04-15,1051,10,2,0
2026-04-15,1052,17,3,1
2026-04-15,1053,13,1,0
2026-04-15,1054,18,1,0
2026-04-15,1055,15,1,0
2026-04-15,1056,13,0,0
2026-04-15,1057,14,3,2
2026-04-15,1058,14,1,0
2026-04-15,1059,21,0,0
2026-04-15,1060,14,0,0
2026-04-16,1001,26,0,0
2026-04-16,1002,37,4,0
2026-04-16,1003,24,3,0
2026-04-16,1004,28,3,1
2026-04-16,1005,28,2,0
2026-04-16,1006,28,6,4
2026-04-16,1007,30,0,0
2026-04-16,1008,28,2,0
2026-04-16,1009,23,2,1
2026-04-16,1010,24,0,0
2026-04-16,1011,24,1,0
2026-04-16,1012,24,2,2
2026-04-16,1013,28,6,0
2026-04-16,1014,18,1,0
2026-04-16,1015,23,3,1
2026-04-16,1016,26,2,2
2026-04-16,1017,27,1,0
2026-04-16,1018,23,0,0
2026-04-16,1019,19,4,0
2026-04-16,1020,25,1,0
2026-04-16,1021,18,2,1
2026-04-16,1022,20,0,0
2026-04-16,1023,24,1,0
2026-04-16,1024,19,1,1
2026-04-16,1025,25,4,0
2026-04-16,1026,12,1,0
2026-04-16,1027,19,1,0
2026-04-16,1028,24,1,1
2026-04-16,1029,15,0,0
2026-04-16,1030,27,1,1
2026-04-16,1031,26,2,0
2026-04-16,1032,20,1,0
2026-04-16,1033,21,1,0
2026-04-16,1034,24,0,0
2026-04-16,1035,27,3,1
2026-04-16,1036,37,2,0
2026-04-16,1037,25,2,0
2026-04-16,1038,16,1,0
2026-04-16,1039,24,1,0
2026-04-16,1040,14,1,0
2026-04-16,1041,18,1,0
2026-04-16,1042,14,1,0
2026-04-16,1043,21,1,0
2026-04-16,1044,22,2,1
2026-04-16,1045,16,2,0
2026-04-16,1046,18,1,1
2026-04-16,1047,26,3,0
2026-04-16,1048,12,1,1
2026-04-16,1049,13,1,1
2026-04-16,1050,18,1,0
2026-04-16,1051,22,3,1
2026-04-16,1052,11,1,0
2026-04-16,1053,15,0,0
2026-04-16,1054,10,1,0
2026-04-16,1055,16,1,1
2026-04-16,1056,13,0,0
2026-04-16,1057,11,0,0
2026-04-16,1058,4,0,0
2026-04-16,1059,14,0,0
2026-04-16,1060,15,0,0
2026-04-17,1001,38,3,0
2026-04-17,1002,27,4,1
2026-04-17,1003,24,0,0
2026-04-17,1004,25,2,0
2026-04-17,1005,25,5,2
2026-04-17,1006,23,1,0
2026-04-17,1007,25,3,3
2026-04-17,1008,23,4,1
2026-04-17,1009,19,1,0
2026-04-17,1010,21,1,0
2026-04-17,1011,26,4,2
2026-04-17,1012,22,2,0
2026-04-17,1013,20,2,1
2026-04-17,1014,21,5,1
2026-04-17,1015,19,4,0
2026-04-17,1016,28,3,1
2026-04-17,1017,14,1,1
2026-04-17,1018,29,4,1
2026-04-17,1019,27,1,0
2026-04-17,1020,27,3,0
2026-04-17,1021,21,2,0
2026-04-17,1022,17,3,0
2026-04-17,1023,27,3,2
2026-04-17,1024,20,2,0
2026-04-17,1025,23,1,0
2026-04-17,1026,17,0,0
2026-04-17,1027,21,1,0
2026-04-17,1028,18,2,1
2026-04-17,1029,27,1,1
2026-04-17,1030,19,0,0
2026-04-17,1031,23,3,0
2026-04-17,1032,23,1,0
2026-04-17,1033,23,1,1
2026-04-17,1034,27,1,1
2026-04-17,1035,19,4,4
2026-04-17,1036,19,1,0
2026-04-17,1037,23,0,0
2026-04-17,1038,27,1,1
2026-04-17,1039,28,1,0
2026-04-17,1040,27,4,2
2026-04-17,1041,20,1,0
2026-04-17,1042,22,2,1
2026-04-17,1043,24,3,1
2026-04-17,1044,14,0,0
2026-04-17,1045,11,1,0
2026-04-17,1046,10,2,1
2026-04-17,1047,18,0,0
2026-04-17,1048,9,0,0
2026-04-17,1049,19,0,0
2026-04-17,1050,18,0,0
2026-04-17,1051,13,0,0
2026-04-17,1052,5,0,0
2026-04-17,1053,15,1,0
2026-04-17,1054,12,2,1
2026-04-17,1055,12,1,0
2026-04-17,1056,9,0,0
2026-04-17,1057,19,0,0
2026-04-17,1058,13,1,1
2026-04-17,1059,17,2,0
2026-04-17,1060,20,2,0
2026-04-18,1001,27,3,1
2026-04-18,1002,27,2,0
2026-04-18,1003,30,2,1
2026-04-18,1004,16,0,0
2026-04-18,1005,26,2,0
2026-04-18,1006,23,2,0
2026-04-18,1007,33,4,4
2026-04-18,1008,31,3,1
2026-04-18,1009,32,4,0
2026-04-18,1010,29,2,0
2026-04-18,1011,24,4,0
2026-04-18,1012,22,3,3
2026-04-18,1013,24,1,0
2026-04-18,1014,24,2,0
2026-04-18,1015,24,3,1
2026-04-18,1016,20,5,2
2026-04-18,1017,26,2,1
2026-04-18,1018,17,2,1
2026-04-18,1019,28,3,0
2026-04-18,1020,29,2,2
2026-04-18,1021,17,2,1
2026-04-18,1022,35,4,0
2026-04-18,1023,23,3,1
2026-04-18,1024,22,1,1
2026-04-18,1025,24,1,0
2026-04-18,1026,19,3,0
2026-04-18,1027,11,1,0
2026-04-18,1028,14,2,2
2026-04-18,1029,31,2,0
2026-04-18,1030,19,3,1
2026-04-18,1031,33,0,0
2026-04-18,1032,28,1,1
2026-04-18,1033,25,1,1
2026-04-18,1034,23,1,0
2026-04-18,1035,27,2,1
2026-04-18,1036,35,6,1
2026-04-18,1037,21,1,0
2026-04-18,1038,19,0,0
2026-04-18,1039,19,1,1
2026-04-18,1040,23,1,1
2026-04-18,1041,11,1,0
2026-04-18,1042,15,3,1
2026-04-18,1043,21,0,0
2026-04-18,1044,18,2,0
2026-04-18,1045,16,0,0
2026-04-18,1046,15,0,0
2026-04-18,1047,14,1,1
2026-04-18,1048,19,0,0
2026-04-18,1049,15,1,0
2026-04-18,1050,19,2,0
2026-04-18,1051,12,0,0
2026-04-18,1052,13,0,0
2026-04-18,1053,11,1,0
2026-04-18,1054,11,0,0
2026-04-18,1055,17,1,0
2026-04-18,1056,22,1,0
2026-04-18,1057,10,0,0
2026-04-18,1058,19,0,0
2026-04-18,1059,15,1,0
2026-04-18,1060,13,1,1
2026-04-19,1001,28,6,3
2026-04-19,1002,23,0,0
2026-04-19,1003,37,4,0
2026-04-19,1004,20,2,1
2026-04-19,1005,25,4,1
2026-04-19,1006,25,1,1
2026-04-19,1007,34,3,1
2026-04-19,1008,27,3,0
2026-04-19,1009,19,1,0
2026-04-19,1010,41,3,3
2026-04-19,1011,33,1,0
2026-04-19,1012,25,0,0
2026-04-19,1013,30,2,2
2026-04-19,1014,25,4,0
2026-04-19,1015,30,3,2
2026-04-19,1016,21,0,0
2026-04-19,1017,27,2,1
2026-04-19,1018,27,2,2
2026-04-19,1019,25,2,1
2026-04-19,1020,31,3,1
2026-04-19,1021,28,2,0
2026-04-19,1022,26,0,0
2026-04-19,1023,20,1,0
2026-04-19,1024,27,1,0
2026-04-19,1025,26,3,1
2026-04-19,1026,29,2,0
2026-04-19,1027,17,2,0
2026-04-19,1028,29,2,0
2026-04-19,1029,18,1,0
2026-04-19,1030,17,0,0
2026-04-19,1031,22,1,0
2026-04-19,1032,25,3,1
2026-04-19,1033,24,2,1
2026-04-19,1034,24,2,0
2026-04-19,1035,28,1,0
2026-04-19,1036,24,2,0
2026-04-19,1037,21,1,0
2026-04-19,1038,22,3,1
2026-04-19,1039,27,1,1
2026-04-19,1040,30,1,0
2026-04-19,1041,13,0,0
2026-04-19,1042,16,1,1
2026-04-19,1043,27,2,0
2026-04-19,1044,10,0,0
2026-04-19,1045,22,1,0
2026-04-19,1046,18,1,0
2026-04-19,1047,21,1,1
2026-04-19,1048,14,1,0
2026-04-19,1049,19,0,0
2026-04-19,1050,19,1,0
2026-04-19,1051,18,1,1
2026-04-19,1052,16,3,2
2026-04-19,1053,20,1,1
2026-04-19,1054,16,2,1
2026-04-19,1055,9,0,0
2026-04-19,1056,13,3,0
2026-04-19,1057,12,1,1
2026-04-19,1058,8,0,0
2026-04-19,1059,18,0,0
2026-04-19,1060,15,1,0
2026-04-20,1001,32,0,0
2026-04-20,1002,27,3,1
2026-04-20,1003,27,5,1
2026-04-20,1004,23,5,1
2026-04-20,1005,32,4,0
2026-04-20,1006,23,2,0
2026-04-20,1007,21,1,0
2026-04-20,1008,36,2,0
2026-04-20,1009,30,2,1
2026-04-20,1010,19,2,0
2026-04-20,1011,22,3,0
2026-04-20,1012,31,3,1
2026-04-20,1013,14,0,0
2026-04-20,1014,25,0,0
2026-04-20,1015,25,3,1
2026-04-20,1016,25,1,0
2026-04-20,1017,21,2,1
2026-04-20,1018,22,2,0
2026-04-20,1019,23,4,1
2026-04-20,1020,15,3,2
2026-04-20,1021,20,2,0
2026-04-20,1022,20,2,0
2026-04-20,1023,19,1,0
2026-04-20,1024,25,2,1
2026-04-20,1025,25,1,1
2026-04-20,1026,20,0,0
2026-04-20,1027,11,1,1
2026-04-20,1028,16,3,0
2026-04-20,1029,16,4,1
2026-04-20,1030,26,2,1
2026-04-20,1031,21,2,0
2026-04-20,1032,23,1,0
2026-04-20,1033,17,0,0
2026-04-20,1034,22,2,1
2026-04-20,1035,23,2,1
2026-04-20,1036,20,1,0
2026-04-20,1037,20,1,0
2026-04-20,1038,22,2,1
2026-04-20,1039,22,2,1
2026-04-20,1040,27,3,1
2026-04-20,1041,24,4,3
2026-04-20,1042,17,1,0
2026-04-20,1043,10,1,0
2026-04-20,1044,20,3,1
2026-04-20,1045,18,2,0
2026-04-20,1046,20,2,1
2026-04-20,1047,20,0,0
2026-04-20,1048,17,3,0
2026-04-20,1049,12,2,0
2026-04-20,1050,9,1,0
2026-04-20,1051,16,3,1
2026-04-20,1052,15,2,0
2026-04-20,1053,7,0,0
2026-04-20,1054,15,1,0
2026-04-20,1055,8,0,0
2026-04-20,1056,10,2,0
2026-04-20,1057,11,2,1
2026-04-20,1058,15,2,1
2026-04-20,1059,10,0,0
2026-04-20,1060,18,2,2
2026-04-21,1001,27,2,1
2026-04-21,1002,29,3,0
2026-04-21,1003,24,6,2
2026-04-21,1004,29,2,1
2026-04-21,1005,19,0,0
2026-04-21,1006,34,5,3
2026-04-21,1007,31,2,0
2026-04-21,1008,35,2,1
2026-04-21,1009,28,2,1
2026-04-21,1010,28,2,0
2026-04-21,1011,25,3,0
2026-04-21,1012,26,4,2
2026-04-21,1013,29,2,1
2026-04-21,1014,32,2,0
2026-04-21,1015,34,7,2
2026-04-21,1016,31,3,1
2026-04-21,1017,17,1,0
2026-04-21,1018,26,0,0
2026-04-21,1019,19,0,0
2026-04-21,1020,22,2,1
2026-04-21,1021,20,2,0
2026-04-21,1022,18,1,0
2026-04-21,1023,22,0,0
2026-04-21,1024,18,2,1
2026-04-21,1025,18,1,0
2026-04-21,1026,20,2,0
2026-04-21,1027,28,0,0
2026-04-21,1028,13,0,0
2026-04-21,1029,21,1,1
2026-04-21,1030,31,2,1
2026-04-21,1031,24,4,1
2026-04-21,1032,24,1,1
2026-04-21,1033,27,0,0
2026-04-21,1034,19,2,1
2026-04-21,1035,15,2,0
2026-04-21,1036,26,2,1
2026-04-21,1037,21,2,0
2026-04-21,1038,20,0,0
2026-04-21,1039,30,2,0
2026-04-21,1040,26,2,0
2026-04-21,1041,15,5,0
2026-04-21,1042,16,0,0
2026-04-21,1043,17,3,0
2026-04-21,1044,16,0,0
2026-04-21,1045,12,1,0
2026-04-21,1046,12,3,1
2026-04-21,1047,16,2,1
2026-04-21,1048,16,1,0
2026-04-21,1049,19,0,0
2026-04-21,1050,17,0,0
2026-04-21,1051,14,0,0
2026-04-21,1052,12,1,1
2026-04-21,1053,20,1,1
2026-04-21,1054,15,0,0
2026-04-21,1055,19,0,0
2026-04-21,1056,13,2,0
2026-04-21,1057,16,0,0
2026-04-21,1058,14,2,0
2026-04-21,1059,13,1,0
2026-04-21,1060,16,1,0
2026-04-22,1001,25,3,1
2026-04-22,1002,28,1,0
2026-04-22,1003,30,1,0
2026-04-22,1004,28,0,0
2026-04-22,1005,25,4,0
2026-04-22,1006,22,3,1
2026-04-22,1007,35,5,1
2026-04-22,1008,37,6,1
2026-04-22,1009,22,1,1
2026-04-22,1010,23,2,0
2026-04-22,1011,32,5,2
2026-04-22,1012,19,3,2
2026-04-22,1013,31,4,3
2026-04-22,1014,21,1,0
2026-04-22,1015,24,1,0
2026-04-22,1016,34,4,1
2026-04-22,1017,20,4,1
2026-04-22,1018,24,1,1
2026-04-22,1019,22,1,1
2026-04-22,1020,26,3,2
2026-04-22,1021,26,0,0
2026-04-22,1022,30,1,0
2026-04-22,1023,21,2,0
2026-04-22,1024,17,1,0
2026-04-22,1025,16,0,0
2026-04-22,1026,20,3,2
2026-04-22,1027,27,1,1
2026-04-22,1028,19,0,0
2026-04-22,1029,27,3,0
2026-04-22,1030,21,3,1
2026-04-22,1031,26,1,1
2026-04-22,1032,18,3,0
2026-04-22,1033,25,2,1
2026-04-22,1034,20,0,0
2026-04-22,1035,30,0,0
2026-04-22,1036,26,2,0
2026-04-22,1037,21,2,0
2026-04-22,1038,9,0,0
2026-04-22,1039,31,0,0
2026-04-22,1040,18,2,0
2026-04-22,1041,14,1,1
2026-04-22,1042,15,1,0
2026-04-22,1043,21,2,0
2026-04-22,1044,17,0,0
2026-04-22,1045,20,2,0
2026-04-22,1046,24,2,0
2026-04-22,1047,15,2,1
2026-04-22,1048,23,0,0
2026-04-22,1049,16,3,1
2026-04-22,1050,20,1,1
2026-04-22,1051,17,0,0
2026-04-22,1052,11,0,0
2026-04-22,1053,15,4,0
2026-04-22,1054,16,0,0
2026-04-22,1055,7,0,0
2026-04-22,1056,18,3,2
2026-04-22,1057,11,1,0
2026-04-22,1058,13,0,0
2026-04-22,1059,17,2,0
2026-04-22,1060,12,2,0
2026-04-23,1001,32,2,1
2026-04-23,1002,37,5,2
2026-04-23,1003,33,4,0
2026-04-23,1004,26,0,0
2026-04-23,1005,27,1,0
2026-04-23,1006,32,5,3
2026-04-23,1007,27,3,2
2026-04-23,1008,23,5,2
2026-04-23,1009,32,4,0
2026-04-23,1010,21,2,0
2026-04-23,1011,27,2,0
2026-04-23,1012,27,2,1
2026-04-23,1013,19,3,2
2026-04-23,1014,19,1,0
2026-04-23,1015,15,2,1
2026-04-23,1016,35,5,2
2026-04-23,1017,26,2,0
2026-04-23,1018,18,4,0
2026-04-23,1019,27,1,1
2026-04-23,1020,28,2,1
2026-04-23,1021,21,1,0
2026-04-23,1022,18,0,0
2026-04-23,1023,18,2,2
2026-04-23,1024,15,0,0
2026-04-23,1025,17,0,0
2026-04-23,1026,14,0,0
2026-04-23,1027,19,2,0
2026-04-23,1028,16,0,0
2026-04-23,1029,17,2,1
2026-04-23,1030,25,1,0
2026-04-23,1031,20,0,0
2026-04-23,1032,19,2,1
2026-04-23,1033,24,1,0
2026-04-23,1034,21,1,0
2026-04-23,1035,25,0,0
2026-04-23,1036,18,2,0
2026-04-23,1037,27,2,1
2026-04-23,1038,15,2,1
2026-04-23,1039,20,0,0
2026-04-23,1040,19,0,0
2026-04-23,1041,20,2,1
2026-04-23,1042,15,0,0
2026-04-23,1043,19,2,0
2026-04-23,1044,21,1,1
2026-04-23,1045,33,1,1
2026-04-23,1046,19,3,2
2026-04-23,1047,9,0,0
2026-04-23,1048,16,1,0
2026-04-23,1049,21,0,0
2026-04-23,1050,19,2,0
2026-04-23,1051,11,0,0
2026-04-23,1052,15,0,0
2026-04-23,1053,19,1,0
2026-04-23,1054,12,0,0
2026-04-23,1055,16,1,0
2026-04-23,1056,13,1,0
2026-04-23,1057,15,3,1
2026-04-23,1058,16,0,0
2026-04-23,1059,10,2,0
2026-04-23,1060,6,0,0
2026-04-24,1001,17,3,0
2026-04-24,1002,23,2,0
2026-04-24,1003,30,2,0
2026-04-24,1004,26,1,0
2026-04-24,1005,36,3,0
2026-04-24,1006,27,6,0
2026-04-24,1007,31,6,4
2026-04-24,1008,23,4,1
2026-04-24,1009,29,4,1
2026-04-24,1010,26,3,2
2026-04-24,1011,28,3,1
2026-04-24,1012,29,2,1
2026-04-24,1013,26,1,0
2026-04-24,1014,24,3,1
2026-04-24,1015,21,3,0
2026-04-24,1016,28,2,1
2026-04-24,1017,34,2,0
2026-04-24,1018,25,3,1
2026-04-24,1019,27,3,0
2026-04-24,1020,32,4,1
2026-04-24,1021,18,1,0
2026-04-24,1022,21,1,0
2026-04-24,1023,18,0,0
2026-04-24,1024,16,1,0
2026-04-24,1025,19,3,0
2026-04-24,1026,13,0,0
2026-04-24,1027,24,2,0
2026-04-24,1028,27,5,1
2026-04-24,1029,17,0,0
2026-04-24,1030,25,2,1
2026-04-24,1031,25,2,1
2026-04-24,1032,25,1,0
2026-04-24,1033,11,0,0
2026-04-24,1034,26,1,1
2026-04-24,1035,25,4,2
2026-04-24,1036,14,2,0
2026-04-24,1037,22,2,1
2026-04-24,1038,25,4,1
2026-04-24,1039,17,1,1
2026-04-24,1040,28,3,1
2026-04-24,1041,30,4,2
2026-04-24,1042,18,0,0
2026-04-24,1043,10,0,0
2026-04-24,1044,18,2,0
2026-04-24,1045,13,1,1
2026-04-24,1046,9,1,0
2026-04-24,1047,19,2,0
2026-04-24,1048,19,3,3
2026-04-24,1049,21,0,0
2026-04-24,1050,15,0,0
2026-04-24,1051,14,1,0
2026-04-24,1052,12,0,0
2026-04-24,1053,17,0,0
2026-04-24,1054,19,0,0
2026-04-24,1055,16,1,0
2026-04-24,1056,17,2,0
2026-04-24,1057,15,2,2
2026-04-24,1058,22,1,0
2026-04-24,1059,18,1,0
2026-04-24,1060,10,1,0
2026-04-25,1001,38,3,0
2026-04-25,1002,25,3,0
2026-04-25,1003,30,1,0
2026-04-25,1004,28,2,0
2026-04-25,1005,25,5,0
2026-04-25,1006,22,2,1
2026-04-25,1007,25,6,2
2026-04-25,1008,31,3,1
2026-04-25,1009,27,1,1
2026-04-25,1010,24,4,1
2026-04-25,1011,28,3,1
2026-04-25,1012,29,3,0
2026-04-25,1013,35,1,1
2026-04-25,1014,25,0,0
2026-04-25,1015,22,4,0
2026-04-25,1016,29,4,0
2026-04-25,1017,28,2,0
2026-04-25,1018,28,0,0
2026-04-25,1019,23,1,1
2026-04-25,1020,24,1,0
2026-04-25,1021,21,3,1
2026-04-25,1022,30,2,0
2026-04-25,1023,21,0,0
2026-04-25,1024,24,0,0
2026-04-25,1025,21,1,0
2026-04-25,1026,24,1,0
2026-04-25,1027,23,1,0
2026-04-25,1028,18,0,0
2026-04-25,1029,20,0,0
2026-04-25,1030,28,1,0
2026-04-25,1031,28,2,0
2026-04-25,1032,16,2,2
2026-04-25,1033,28,2,1
2026-04-25,1034,32,3,1
2026-04-25,1035,20,3,0
2026-04-25,1036,20,0,0
2026-04-25,1037,26,4,2
2026-04-25,1038,29,1,1
2026-04-25,1039,20,2,0
2026-04-25,1040,19,2,0
2026-04-25,1041,19,2,0
2026-04-25,1042,25,4,2
2026-04-25,1043,12,4,2
2026-04-25,1044,16,1,0
2026-04-25,1045,13,0,0
2026-04-25,1046,13,0,0
2026-04-25,1047,13,1,0
2026-04-25,1048,16,1,0
2026-04-25,1049,18,2,0
2026-04-25,1050,12,2,1
2026-04-25,1051,13,0,0
2026-04-25,1052,11,1,0
2026-04-25,1053,10,1,0
2026-04-25,1054,16,1,0
2026-04-25,1055,13,1,0
2026-04-25,1056,15,1,0
2026-04-25,1057,17,3,2
2026-04-25,1058,13,0,0
2026-04-25,1059,17,2,0
2026-04-25,1060,13,0,0
2026-04-26,1001,26,2,0
2026-04-26,1002,20,4,0
2026-04-26,1003,16,1,1
2026-04-26,1004,26,1,0
2026-04-26,1005,29,2,0
2026-04-26,1006,29,2,0
2026-04-26,1007,27,5,0
2026-04-26,1008,28,6,1
2026-04-26,1009,18,1,0
2026-04-26,1010,21,1,1
2026-04-26,1011,17,0,0
2026-04-26,1012,23,0,0
2026-04-26,1013,27,0,0
2026-04-26,1014,28,2,1
2026-04-26,1015,20,1,0
2026-04-26,1016,23,3,1
2026-04-26,1017,17,3,0
2026-04-26,1018,25,4,2
2026-04-26,1019,23,2,0
2026-04-26,1020,19,2,1
2026-04-26,1021,20,1,1
2026-04-26,1022,16,2,0
2026-04-26,1023,17,1,0
2026-04-26,1024,19,2,0
2026-04-26,1025,28,2,1
2026-04-26,1026,16,0,0
2026-04-26,1027,26,1,0
2026-04-26,1028,21,2,0
2026-04-26,1029,21,2,1
2026-04-26,1030,19,0,0
2026-04-26,1031,32,4,2
2026-04-26,1032,25,2,0
2026-04-26,1033,26,1,0
2026-04-26,1034,26,3,1
2026-04-26,1035,27,4,0
2026-04-26,1036,21,5,2
2026-04-26,1037,27,3,0
2026-04-26,1038,17,1,1
2026-04-26,1039,19,0,0
2026-04-26,1040,27,0,0
2026-04-26,1041,16,1,0
2026-04-26,1042,15,1,1
2026-04-26,1043,16,1,0
2026-04-26,1044,18,0,0
2026-04-26,1045,17,1,1
2026-04-26,1046,16,1,0
2026-04-26,1047,11,0,0
2026-04-26,1048,15,0,0
2026-04-26,1049,20,1,0
2026-04-26,1050,16,3,1
2026-04-26,1051,19,1,1
2026-04-26,1052,9,0,0
2026-04-26,1053,17,0,0
2026-04-26,1054,10,0,0
2026-04-26,1055,14,0,0
2026-04-26,1056,9,1,0
2026-04-26,1057,11,0,0
2026-04-26,1058,17,0,0
2026-04-26,1059,12,0,0
2026-04-26,1060,14,2,2
2026-04-27,1001,26,3,1
2026-04-27,1002,27,2,1
2026-04-27,1003,27,3,0
2026-04-27,1004,27,4,1
2026-04-27,1005,27,1,0
2026-04-27,1006,27,1,1
2026-04-27,1007,26,1,0
2026-04-27,1008,30,6,2
2026-04-27,1009,35,2,1
2026-04-27,1010,29,2,0
2026-04-27,1011,15,1,0
2026-04-27,1012,23,1,0
2026-04-27,1013,26,0,0
2026-04-27,1014,15,1,0
2026-04-27,1015,31,5,2
2026-04-27,1016,34,2,1
2026-04-27,1017,25,1,0
2026-04-27,1018,23,4,1
2026-04-27,1019,25,1,0
2026-04-27,1020,25,0,0
2026-04-27,1021,16,2,1
2026-04-27,1022,17,2,1
2026-04-27,1023,15,2,0
2026-04-27,1024,13,2,1
2026-04-27,1025,30,1,0
2026-04-27,1026,21,0,0
2026-04-27,1027,18,1,0
2026-04-27,1028,19,0,0
2026-04-27,1029,17,2,0
2026-04-27,1030,33,1,0
2026-04-27,1031,20,1,1
2026-04-27,1032,23,3,0
2026-04-27,1033,30,2,0
2026-04-27,1034,15,0,0
2026-04-27,1035,25,1,1
2026-04-27,1036,22,1,0
2026-04-27,1037,20,1,1
2026-04-27,1038,23,0,0
2026-04-27,1039,28,3,1
2026-04-27,1040,31,5,4
2026-04-27,1041,20,4,0
2026-04-27,1042,15,3,1
2026-04-27,1043,23,2,1
2026-04-27,1044,21,3,1
2026-04-27,1045,21,1,0
2026-04-27,1046,21,1,1
2026-04-27,1047,18,1,0
2026-04-27,1048,21,3,0
2026-04-27,1049,25,1,1
2026-04-27,1050,20,1,0
2026-04-27,1051,16,1,1
2026-04-27,1052,18,1,0
2026-04-27,1053,17,1,1
2026-04-27,1054,18,2,0
2026-04-27,1055,14,0,0
2026-04-27,1056,14,1,0
2026-04-27,1057,15,1,0
2026-04-27,1058,22,1,1
2026-04-27,1059,7,0,0
2026-04-27,1060,10,1,0
2026-04-28,1001,17,2,2
2026-04-28,1002,27,3,1
2026-04-28,1003,22,4,2
2026-04-28,1004,25,1,0
2026-04-28,1005,22,3,1
2026-04-28,1006,28,1,1
2026-04-28,1007,23,1,0
2026-04-28,1008,15,1,0
2026-04-28,1009,27,2,0
2026-04-28,1010,33,5,3
2026-04-28,1011,26,3,1
2026-04-28,1012,44,6,0
2026-04-28,1013,16,3,2
2026-04-28,1014,31,4,0
2026-04-28,1015,25,6,3
2026-04-28,1016,22,5,2
2026-04-28,1017,26,3,0
2026-04-28,1018,26,1,0
2026-04-28,1019,31,3,0
2026-04-28,1020,27,2,0
2026-04-28,1021,22,3,2
2026-04-28,1022,17,1,0
2026-04-28,1023,23,5,1
2026-04-28,1024,21,2,1
2026-04-28,1025,21,1,0
2026-04-28,1026,27,0,0
2026-04-28,1027,27,0,0
2026-04-28,1028,23,1,0
2026-04-28,1029,31,3,1
2026-04-28,1030,29,3,1
2026-04-28,1031,19,0,0
2026-04-28,1032,23,1,0
2026-04-28,1033,27,2,0
2026-04-28,1034,24,3,0
2026-04-28,1035,14,3,0
2026-04-28,1036,28,3,2
2026-04-28,1037,23,0,0
2026-04-28,1038,21,2,1
2026-04-28,1039,19,1,1
2026-04-28,1040,25,4,2
2026-04-28,1041,18,0,0
2026-04-28,1042,17,0,0
2026-04-28,1043,13,1,0
2026-04-28,1044,21,1,1
2026-04-28,1045,9,0,0
2026-04-28,1046,16,1,0
2026-04-28,1047,13,1,0
2026-04-28,1048,23,1,0
2026-04-28,1049,12,0,0
2026-04-28,1050,20,3,0
2026-04-28,1051,20,1,1
2026-04-28,1052,9,0,0
2026-04-28,1053,10,1,1
2026-04-28,1054,17,0,0
2026-04-28,1055,15,2,0
2026-04-28,1056,17,0,0
2026-04-28,1057,21,1,0
2026-04-28,1058,13,2,2
2026-04-28,1059,6,0,0
2026-04-28,1060,15,1,0
2026-04-29,1001,36,3,1
2026-04-29,1002,24,2,0
2026-04-29,1003,26,2,0
2026-04-29,1004,26,0,0
2026-04-29,1005,28,1,0
2026-04-29,1006,22,2,0
2026-04-29,1007,32,2,0
2026-04-29,1008,30,1,0
2026-04-29,1009,17,0,0
2026-04-29,1010,24,1,1
2026-04-29,1011,21,4,1
2026-04-29,1012,29,2,1
2026-04-29,1013,39,5,2
2026-04-29,1014,40,4,0
2026-04-29,1015,20,2,1
2026-04-29,1016,18,1,0
2026-04-29,1017,24,3,1
2026-04-29,1018,17,2,0
2026-04-29,1019,21,1,0
2026-04-29,1020,29,2,2
2026-04-29,1021,22,2,1
2026-04-29,1022,27,0,0
2026-04-29,1023,12,1,0
2026-04-29,1024,23,2,1
2026-04-29,1025,21,0,0
2026-04-29,1026,16,2,1
2026-04-29,1027,22,1,0
2026-04-29,1028,31,4,1
2026-04-29,1029,17,1,0
2026-04-29,1030,20,0,0
2026-04-29,1031,21,3,1
2026-04-29,1032,19,2,1
2026-04-29,1033,14,0,0
2026-04-29,1034,23,1,1
2026-04-29,1035,26,4,1
2026-04-29,1036,21,4,2
2026-04-29,1037,24,1,1
2026-04-29,1038,40,5,0
2026-04-29,1039,31,1,1
2026-04-29,1040,19,1,0
2026-04-29,1041,17,2,1
2026-04-29,1042,10,1,0
2026-04-29,1043,22,0,0
2026-04-29,1044,18,1,0
2026-04-29,1045,10,0,0
2026-04-29,1046,16,1,0
2026-04-29,1047,14,4,2
2026-04-29,1048,16,0,0
2026-04-29,1049,13,0,0
2026-04-29,1050,19,4,0
2026-04-29,1051,18,1,0
2026-04-29,1052,8,1,0
2026-04-29,1053,12,0,0
2026-04-29,1054,15,0,0
2026-04-29,1055,10,1,0
2026-04-29,1056,14,1,0
2026-04-29,1057,15,2,0
2026-04-29,1058,11,0,0
2026-04-29,1059,7,0,0
2026-04-29,1060,5,0,0
2026-04-30,1001,19,2,0
2026-04-30,1002,22,1,0
2026-04-30,1003,30,2,2
2026-04-30,1004,27,2,1
2026-04-30,1005,30,1,0
2026-04-30,1006,29,0,0
2026-04-30,1007,24,6,4
2026-04-30,1008,24,3,1
2026-04-30,1009,33,6,1
2026-04-30,1010,28,3,1
2026-04-30,1011,23,5,2
2026-04-30,1012,23,1,0
2026-04-30,1013,23,2,1
2026-04-30,1014,27,1,0
2026-04-30,1015,23,5,3
2026-04-30,1016,24,1,0
2026-04-30,1017,33,3,0
2026-04-30,1018,30,6,1
2026-04-30,1019,26,5,1
2026-04-30,1020,28,0,0
2026-04-30,1021,18,3,1
2026-04-30,1022,16,1,0
2026-04-30,1023,8,0,0
2026-04-30,1024,21,0,0
2026-04-30,1025,28,4,1
2026-04-30,1026,18,1,0
2026-04-30,1027,26,2,1
2026-04-30,1028,24,1,0
2026-04-30,1029,22,2,1
2026-04-30,1030,18,2,1
2026-04-30,1031,18,1,0
2026-04-30,1032,37,2,1
2026-04-30,1033,14,0,0
2026-04-30,1034,18,3,1
2026-04-30,1035,22,2,1
2026-04-30,1036,33,3,2
2026-04-30,1037,21,3,1
2026-04-30,1038,27,3,1
2026-04-30,1039,21,2,0
2026-04-30,1040,26,1,0
2026-04-30,1041,15,2,1
2026-04-30,1042,16,1,1
2026-04-30,1043,10,0,0
2026-04-30,1044,18,1,0
2026-04-30,1045,17,0,0
2026-04-30,1046,28,1,1
2026-04-30,1047,13,1,0
2026-04-30,1048,17,0,0
2026-04-30,1049,21,2,1
2026-04-30,1050,24,2,1
2026-04-30,1051,17,0,0
2026-04-30,1052,7,0,0
2026-04-30,1053,9,0,0
2026-04-30,1054,9,0,0
2026-04-30,1055,11,1,0
2026-04-30,1056,20,1,0
2026-04-30,1057,6,0,0
2026-04-30,1058,16,0,0
2026-04-30,1059,10,2,1
2026-04-30,1060,13,2,1
2026-05-01,1001,25,1,0
2026-05-01,1002,30,1,0
2026-05-01,1003,20,1,0
2026-05-01,1004,33,2,1
2026-05-01,1005,22,2,1
2026-05-01,1006,25,1,0
2026-05-01,1007,23,4,1
2026-05-01,1008,39,2,0
2026-05-01,1009,37,4,0
2026-05-01,1010,32,0,0
2026-05-01,1011,27,1,1
2026-05-01,1012,26,1,0
2026-05-01,1013,29,0,0
2026-05-01,1014,21,3,0
2026-05-01,1015,29,2,1
2026-05-01,1016,26,1,1
2026-05-01,1017,18,0,0
2026-05-01,1018,27,1,0
2026-05-01,1019,27,3,1
2026-05-01,1020,21,1,1
2026-05-01,1021,27,2,2
2026-05-01,1022,26,1,0
2026-05-01,1023,21,2,0
2026-05-01,1024,21,1,0
2026-05-01,1025,23,1,1
2026-05-01,1026,17,0,0
2026-05-01,1027,16,0,0
2026-05-01,1028,27,0,0
2026-05-01,1029,14,0,0
2026-05-01,1030,21,2,1
2026-05-01,1031,18,1,0
2026-05-01,1032,22,1,1
2026-05-01,1033,29,1,0
2026-05-01,1034,27,0,0
2026-05-01,1035,29,3,0
2026-05-01,1036,30,0,0
2026-05-01,1037,31,1,0
2026-05-01,1038,19,2,0
2026-05-01,1039,18,2,1
2026-05-01,1040,20,2,0
2026-05-01,1041,15,2,1
2026-05-01,1042,21,2,0
2026-05-01,1043,12,0,0
2026-05-01,1044,20,1,1
2026-05-01,1045,15,4,1
2026-05-01,1046,24,2,0
2026-05-01,1047,17,4,1
2026-05-01,1048,12,0,0
2026-05-01,1049,17,0,0
2026-05-01,1050,19,2,1
2026-05-01,1051,11,2,1
2026-05-01,1052,14,0,0
2026-05-01,1053,23,2,0
2026-05-01,1054,17,1,0
2026-05-01,1055,12,2,0
2026-05-01,1056,12,0,0
2026-05-01,1057,16,0,0
2026-05-01,1058,17,1,0
2026-05-01,1059,12,1,1
2026-05-01,1060,16,1,0
2026-05-02,1001,26,2,2
2026-05-02,1002,24,3,0
2026-05-02,1003,25,2,0
2026-05-02,1004,23,3,1
2026-05-02,1005,28,2,0
2026-05-02,1006,19,3,2
2026-05-02,1007,19,1,0
2026-05-02,1008,37,11,4
2026-05-02,1009,21,2,1
2026-05-02,1010,28,3,1
2026-05-02,1011,25,1,0
2026-05-02,1012,18,1,0
2026-05-02,1013,33,3,0
2026-05-02,1014,16,0,0
2026-05-02,1015,17,2,0
2026-05-02,1016,30,1,0
2026-05-02,1017,18,2,0
2026-05-02,1018,25,3,1
2026-05-02,1019,22,2,0
2026-05-02,1020,28,1,1
2026-05-02,1021,26,3,0
2026-05-02,1022,20,0,0
2026-05-02,1023,21,0,0
2026-05-02,1024,18,0,0
2026-05-02,1025,19,2,2
2026-05-02,1026,22,2,1
2026-05-02,1027,22,0,0
2026-05-02,1028,23,1,1
2026-05-02,1029,28,1,1
2026-05-02,1030,22,3,1
2026-05-02,1031,17,1,1
2026-05-02,1032,26,4,1
2026-05-02,1033,20,3,1
2026-05-02,1034,25,2,1
2026-05-02,1035,27,2,0
2026-05-02,1036,21,1,0
2026-05-02,1037,22,0,0
2026-05-02,1038,23,3,1
2026-05-02,1039,17,1,0
2026-05-02,1040,20,1,1
2026-05-02,1041,12,1,0
2026-05-02,1042,21,2,0
2026-05-02,1043,18,1,0
2026-05-02,1044,15,1,1
2026-05-02,1045,14,0,0
2026-05-02,1046,22,0,0
2026-05-02,1047,23,3,3
2026-05-02,1048,11,0,0
2026-05-02,1049,15,2,1
2026-05-02,1050,21,1,0
2026-05-02,1051,10,0,0
2026-05-02,1052,10,0,0
2026-05-02,1053,22,2,0
2026-05-02,1054,9,0,0
2026-05-02,1055,15,0,0
2026-05-02,1056,12,3,0
2026-05-02,1057,13,1,1
2026-05-02,1058,12,3,1
2026-05-02,1059,15,1,0
2026-05-02,1060,12,2,0
2026-05-03,1001,30,3,1
2026-05-03,1002,25,2,0
2026-05-03,1003,28,1,0
2026-05-03,1004,25,3,0
2026-05-03,1005,31,1,0
2026-05-03,1006,22,3,0
2026-05-03,1007,29,1,0
2026-05-03,1008,24,1,1
2026-05-03,1009,24,2,0
2026-05-03,1010,33,6,1
2026-05-03,1011,24,7,2
2026-05-03,1012,27,2,0
2026-05-03,1013,28,2,2
2026-05-03,1014,18,0,0
2026-05-03,1015,23,1,0
2026-05-03,1016,29,3,1
2026-05-03,1017,20,0,0
2026-05-03,1018,17,0,0
2026-05-03,1019,33,4,1
2026-05-03,1020,27,1,0
2026-05-03,1021,15,1,0
2026-05-03,1022,17,3,1
2026-05-03,1023,16,2,0
2026-05-03,1024,20,1,0
2026-05-03,1025,17,1,0
2026-05-03,1026,19,1,0
2026-05-03,1027,22,1,1
2026-05-03,1028,28,3,1
2026-05-03,1029,27,4,1
2026-05-03,1030,26,1,1
2026-05-03,1031,26,2,0
2026-05-03,1032,21,3,1
2026-05-03,1033,17,0,0
2026-05-03,1034,19,3,1
2026-05-03,1035,22,2,0
2026-05-03,1036,26,4,2
2026-05-03,1037,22,1,0
2026-05-03,1038,25,1,1
2026-05-03,1039,32,5,2
2026-05-03,1040,29,4,1
2026-05-03,1041,12,2,1
2026-05-03,1042,16,0,0
2026-05-03,1043,17,0,0
2026-05-03,1044,23,1,0
2026-05-03,1045,22,0,0
2026-05-03,1046,12,1,0
2026-05-03,1047,21,0,0
2026-05-03,1048,19,2,1
2026-05-03,1049,18,2,0
2026-05-03,1050,15,2,1
2026-05-03,1051,11,1,0
2026-05-03,1052,10,0,0
2026-05-03,1053,11,1,1
2026-05-03,1054,21,1,0
2026-05-03,1055,16,1,0
2026-05-03,1056,13,2,1
2026-05-03,1057,17,1,0
2026-05-03,1058,13,1,0
2026-05-03,1059,16,2,0
2026-05-03,1060,19,1,0
2026-05-04,1001,28,2,1
2026-05-04,1002,28,5,0
2026-05-04,1003,34,1,0
2026-05-04,1004,27,1,0
2026-05-04,1005,31,3,1
2026-05-04,1006,31,3,0
2026-05-04,1007,23,0,0
2026-05-04,1008,25,2,1
2026-05-04,1009,31,1,0
2026-05-04,1010,30,5,2
2026-05-04,1011,27,3,0
2026-05-04,1012,20,1,0
2026-05-04,1013,29,3,1
2026-05-04,1014,33,5,2
2026-05-04,1015,28,3,1
2026-05-04,1016,20,1,1
2026-05-04,1017,35,4,1
2026-05-04,1018,29,5,1
2026-05-04,1019,31,2,2
2026-05-04,1020,30,2,0
2026-05-04,1021,23,3,1
2026-05-04,1022,17,3,0
2026-05-04,1023,19,3,1
2026-05-04,1024,24,2,0
2026-05-04,1025,23,2,1
2026-05-04,1026,22,1,0
2026-05-04,1027,26,0,0
2026-05-04,1028,18,0,0
2026-05-04,1029,22,1,0
2026-05-04,1030,22,0,0
2026-05-04,1031,19,0,0
2026-05-04,1032,26,0,0
2026-05-04,1033,17,1,1
2026-05-04,1034,22,4,2
2026-05-04,1035,22,2,1
2026-05-04,1036,23,0,0
2026-05-04,1037,19,2,1
2026-05-04,1038,16,1,0
2026-05-04,1039,17,2,0
2026-05-04,1040,18,0,0
2026-05-04,1041,14,3,2
2026-05-04,1042,22,0,0
2026-05-04,1043,10,0,0
2026-05-04,1044,16,1,0
2026-05-04,1045,23,2,2
2026-05-04,1046,12,1,1
2026-05-04,1047,16,1,1
2026-05-04,1048,9,3,1
2026-05-04,1049,12,0,0
2026-05-04,1050,21,0,0
2026-05-04,1051,13,0,0
2026-05-04,1052,11,0,0
2026-05-04,1053,10,0,0
2026-05-04,1054,10,0,0
2026-05-04,1055,18,1,0
2026-05-04,1056,16,0,0
2026-05-04,1057,10,1,0
2026-05-04,1058,13,0,0
2026-05-04,1059,12,3,0
2026-05-04,1060,8,0,0
2026-05-05,1001,16,3,2
2026-05-05,1002,30,5,1
2026-05-05,1003,29,2,2
2026-05-05,1004,33,3,0
2026-05-05,1005,29,4,1
2026-05-05,1006,27,2,0
2026-05-05,1007,28,3,1
2026-05-05,1008,30,5,0
2026-05-05,1009,16,1,0
2026-05-05,1010,25,2,0
2026-05-05,1011,23,4,2
2026-05-05,1012,25,3,1
2026-05-05,1013,19,2,2
2026-05-05,1014,18,3,0
2026-05-05,1015,23,6,3
2026-05-05,1016,24,2,1
2026-05-05,1017,25,2,1
2026-05-05,1018,18,0,0
2026-05-05,1019,27,3,1
2026-05-05,1020,37,4,1
2026-05-05,1021,30,3,2
2026-05-05,1022,29,2,1
2026-05-05,1023,24,3,2
2026-05-05,1024,16,0,0
2026-05-05,1025,21,2,0
2026-05-05,1026,17,2,1
2026-05-05,1027,19,1,1
2026-05-05,1028,21,2,0
2026-05-05,1029,13,1,0
2026-05-05,1030,23,1,0
2026-05-05,1031,21,1,0
2026-05-05,1032,23,2,0
2026-05-05,1033,19,2,1
2026-05-05,1034,19,2,2
2026-05-05,1035,22,1,0
2026-05-05,1036,16,1,0
2026-05-05,1037,30,3,1
2026-05-05,1038,38,3,2
2026-05-05,1039,18,1,0
2026-05-05,1040,13,0,0
2026-05-05,1041,16,0,0
2026-05-05,1042,18,1,0
2026-05-05,1043,13,1,0
2026-05-05,1044,14,0,0
2026-05-05,1045,19,1,1
2026-05-05,1046,22,1,1
2026-05-05,1047,20,3,2
2026-05-05,1048,22,2,1
2026-05-05,1049,26,6,4
2026-05-05,1050,30,3,1
2026-05-05,1051,20,0,0
2026-05-05,1052,18,0,0
2026-05-05,1053,17,2,2
2026-05-05,1054,11,1,0
2026-05-05,1055,22,0,0
2026-05-05,1056,10,0,0
2026-05-05,1057,11,0,0
2026-05-05,1058,11,0,0
2026-05-05,1059,13,1,1
2026-05-05,1060,16,1,0
2026-05-06,1001,25,3,1
2026-05-06,1002,28,1,0
2026-05-06,1003,26,8,3
2026-05-06,1004,23,2,0
2026-05-06,1005,23,3,0
2026-05-06,1006,25,0,0
2026-05-06,1007,31,3,0
2026-05-06,1008,32,1,1
2026-05-06,1009,30,2,1
2026-05-06,1010,23,2,0
2026-05-06,1011,22,1,0
2026-05-06,1012,33,5,1
2026-05-06,1013,26,2,0
2026-05-06,1014,31,2,0
2026-05-06,1015,18,2,0
2026-05-06,1016,18,0,0
2026-05-06,1017,27,4,1
2026-05-06,1018,29,4,3
2026-05-06,1019,26,4,0
2026-05-06,1020,23,1,0
2026-05-06,1021,22,0,0
2026-05-06,1022,18,2,2
2026-05-06,1023,15,0,0
2026-05-06,1024,29,1,1
2026-05-06,1025,22,3,1
2026-05-06,1026,22,0,0
2026-05-06,1027,35,1,0
2026-05-06,1028,20,2,0
2026-05-06,1029,22,2,0
2026-05-06,1030,26,4,0
2026-05-06,1031,21,3,1
2026-05-06,1032,23,1,0
2026-05-06,1033,29,1,1
2026-05-06,1034,24,0,0
2026-05-06,1035,23,1,1
2026-05-06,1036,25,2,0
2026-05-06,1037,32,2,0
2026-05-06,1038,26,3,0
2026-05-06,1039,35,5,2
2026-05-06,1040,26,1,0
2026-05-06,1041,13,2,1
2026-05-06,1042,11,0,0
2026-05-06,1043,12,2,1
2026-05-06,1044,21,2,2
2026-05-06,1045,25,2,0
2026-05-06,1046,16,2,1
2026-05-06,1047,18,1,0
2026-05-06,1048,17,2,0
2026-05-06,1049,19,1,0
2026-05-06,1050,11,2,1
2026-05-06,1051,13,1,0
2026-05-06,1052,11,1,1
2026-05-06,1053,19,2,1
2026-05-06,1054,15,0,0
2026-05-06,1055,16,1,0
2026-05-06,1056,10,0,0
2026-05-06,1057,10,0,0
2026-05-06,1058,15,2,1
2026-05-06,1059,12,2,1
2026-05-06,1060,12,1,0
2026-05-07,1001,24,0,0
2026-05-07,1002,27,2,1
2026-05-07,1003,30,2,0
2026-05-07,1004,23,1,1
2026-05-07,1005,18,1,0
2026-05-07,1006,25,2,0
2026-05-07,1007,37,4,1
2026-05-07,1008,25,3,2
2026-05-07,1009,26,0,0
2026-05-07,1010,25,1,0
2026-05-07,1011,24,1,0
2026-05-07,1012,22,1,0
2026-05-07,1013,29,3,1
2026-05-07,1014,23,2,2
2026-05-07,1015,25,1,0
2026-05-07,1016,26,5,0
2026-05-07,1017,16,1,0
2026-05-07,1018,25,3,0
2026-05-07,1019,37,0,0
2026-05-07,1020,31,8,3
2026-05-07,1021,27,3,3
2026-05-07,1022,18,2,1
2026-05-07,1023,26,5,2
2026-05-07,1024,17,1,0
2026-05-07,1025,20,3,0
2026-05-07,1026,19,0,0
2026-05-07,1027,16,0,0
2026-05-07,1028,16,1,1
2026-05-07,1029,24,0,0
2026-05-07,1030,27,3,3
2026-05-07,1031,22,2,0
2026-05-07,1032,21,0,0
2026-05-07,1033,28,1,1
2026-05-07,1034,19,0,0
2026-05-07,1035,23,1,0
2026-05-07,1036,18,2,1
2026-05-07,1037,15,1,0
2026-05-07,1038,15,1,1
2026-05-07,1039,30,1,0
2026-05-07,1040,22,2,0
2026-05-07,1041,17,1,1
2026-05-07,1042,20,4,1
2026-05-07,1043,14,3,0
2026-05-07,1044,21,2,1
2026-05-07,1045,15,1,0
2026-05-07,1046,23,0,0
2026-05-07,1047,14,1,0
2026-05-07,1048,14,0,0
2026-05-07,1049,21,1,0
2026-05-07,1050,18,2,1
2026-05-07,1051,16,0,0
2026-05-07,1052,9,1,0
2026-05-07,1053,13,0,0
2026-05-07,1054,16,1,0
2026-05-07,1055,20,1,0
2026-05-07,1056,19,1,1
2026-05-07,1057,7,2,1
2026-05-07,1058,15,2,1
2026-05-07,1059,21,1,0
2026-05-07,1060,14,1,0
2026-05-08,1001,30,2,1
2026-05-08,1002,38,1,0
2026-05-08,1003,21,2,1
2026-05-08,1004,23,6,2
2026-05-08,1005,32,4,1
2026-05-08,1006,31,1,1
2026-05-08,1007,24,2,0
2026-05-08,1008,27,2,0
2026-05-08,1009,25,2,1
2026-05-08,1010,41,1,0
2026-05-08,1011,21,3,1
2026-05-08,1012,29,0,0
2026-05-08,1013,27,1,1
2026-05-08,1014,37,5,1
2026-05-08,1015,18,3,0
2026-05-08,1016,30,6,2
2026-05-08,1017,20,3,2
2026-05-08,1018,27,1,1
2026-05-08,1019,19,1,1
2026-05-08,1020,22,2,1
2026-05-08,1021,13,1,1
2026-05-08,1022,20,2,0
2026-05-08,1023,33,1,0
2026-05-08,1024,21,1,0
2026-05-08,1025,26,3,0
2026-05-08,1026,21,3,1
2026-05-08,1027,17,0,0
2026-05-08,1028,14,0,0
2026-05-08,1029,22,1,0
2026-05-08,1030,22,1,0
2026-05-08,1031,23,1,0
2026-05-08,1032,23,0,0
2026-05-08,1033,29,0,0
2026-05-08,1034,19,2,2
2026-05-08,1035,33,2,1
2026-05-08,1036,15,0,0
2026-05-08,1037,20,1,1
2026-05-08,1038,29,3,2
2026-05-08,1039,19,0,0
2026-05-08,1040,17,2,0
2026-05-08,1041,12,1,1
2026-05-08,1042,22,2,0
2026-05-08,1043,21,2,1
2026-05-08,1044,15,1,1
2026-05-08,1045,12,1,0
2026-05-08,1046,21,1,0
2026-05-08,1047,17,2,0
2026-05-08,1048,8,0,0
2026-05-08,1049,18,0,0
2026-05-08,1050,10,0,0
2026-05-08,1051,18,0,0
2026-05-08,1052,9,0,0
2026-05-08,1053,12,2,2
2026-05-08,1054,12,3,1
2026-05-08,1055,24,3,2
2026-05-08,1056,10,1,0
2026-05-08,1057,16,0,0
2026-05-08,1058,12,3,1
2026-05-08,1059,12,0,0
2026-05-08,1060,18,1,1
2026-05-09,1001,26,2,1
2026-05-09,1002,23,6,1
2026-05-09,1003,27,2,0
2026-05-09,1004,23,1,0
2026-05-09,1005,22,2,2
2026-05-09,1006,35,6,3
2026-05-09,1007,25,2,1
2026-05-09,1008,31,4,1
2026-05-09,1009,27,0,0
2026-05-09,1010,29,4,1
2026-05-09,1011,29,3,1
2026-05-09,1012,37,5,1
2026-05-09,1013,22,4,2
2026-05-09,1014,25,3,2
2026-05-09,1015,20,0,0
2026-05-09,1016,22,2,1
2026-05-09,1017,30,5,1
2026-05-09,1018,26,1,1
2026-05-09,1019,28,3,3
2026-05-09,1020,31,3,1
2026-05-09,1021,27,1,0
2026-05-09,1022,25,2,1
2026-05-09,1023,29,3,0
2026-05-09,1024,12,1,0
2026-05-09,1025,20,1,0
2026-05-09,1026,19,1,0
2026-05-09,1027,16,3,2
2026-05-09,1028,19,0,0
2026-05-09,1029,21,0,0
2026-05-09,1030,22,3,0
2026-05-09,1031,22,2,0
2026-05-09,1032,24,1,1
2026-05-09,1033,24,2,0
2026-05-09,1034,25,0,0
2026-05-09,1035,13,0,0
2026-05-09,1036,30,1,0
2026-05-09,1037,16,3,0
2026-05-09,1038,36,2,0
2026-05-09,1039,17,1,0
2026-05-09,1040,28,1,0
2026-05-09,1041,19,1,0
2026-05-09,1042,15,1,1
2026-05-09,1043,12,0,0
2026-05-09,1044,17,2,1
2026-05-09,1045,12,2,0
2026-05-09,1046,10,0,0
2026-05-09,1047,17,1,1
2026-05-09,1048,15,1,0
2026-05-09,1049,11,0,0
2026-05-09,1050,20,3,0
2026-05-09,1051,10,1,1
2026-05-09,1052,13,1,0
2026-05-09,1053,14,2,0
2026-05-09,1054,10,0,0
2026-05-09,1055,15,0,0
2026-05-09,1056,13,0,0
2026-05-09,1057,10,0,0
2026-05-09,1058,14,0,0
2026-05-09,1059,24,3,2
2026-05-09,1060,12,0,0
2026-05-10,1001,22,2,2
2026-05-10,1002,29,3,1
2026-05-10,1003,39,3,0
2026-05-10,1004,22,1,1
2026-05-10,1005,30,1,1
2026-05-10,1006,32,3,0
2026-05-10,1007,22,3,0
2026-05-10,1008,23,3,1
2026-05-10,1009,33,0,0
2026-05-10,1010,27,2,0
2026-05-10,1011,19,3,2
2026-05-10,1012,25,3,1
2026-05-10,1013,30,4,0
2026-05-10,1014,16,3,1
2026-05-10,1015,23,2,0
2026-05-10,1016,20,0,0
2026-05-10,1017,28,5,1
2026-05-10,1018,32,5,3
2026-05-10,1019,15,1,0
2026-05-10,1020,26,5,0
2026-05-10,1021,24,4,2
2026-05-10,1022,21,1,0
2026-05-10,1023,19,1,0
2026-05-10,1024,28,2,2
2026-05-10,1025,23,2,1
2026-05-10,1026,19,0,0
2026-05-10,1027,14,0,0
2026-05-10,1028,27,1,1
2026-05-10,1029,26,1,0
2026-05-10,1030,21,0,0
2026-05-10,1031,20,1,1
2026-05-10,1032,18,0,0
2026-05-10,1033,16,1,1
2026-05-10,1034,26,2,2
2026-05-10,1035,14,1,0
2026-05-10,1036,25,0,0
2026-05-10,1037,25,3,0
2026-05-10,1038,25,2,0
2026-05-10,1039,23,3,3
2026-05-10,1040,19,1,0
2026-05-10,1041,13,1,0
2026-05-10,1042,17,1,0
2026-05-10,1043,14,1,0
2026-05-10,1044,16,0,0
2026-05-10,1045,21,0,0
2026-05-10,1046,21,2,1
2026-05-10,1047,12,1,1
2026-05-10,1048,19,2,0
2026-05-10,1049,16,1,0
2026-05-10,1050,12,0,0
2026-05-10,1051,9,0,0
2026-05-10,1052,12,0,0
2026-05-10,1053,13,2,0
2026-05-10,1054,13,1,0
2026-05-10,1055,11,1,0
2026-05-10,1056,11,1,0
2026-05-10,1057,21,0,0
2026-05-10,1058,11,1,0
2026-05-10,1059,18,2,0
2026-05-10,1060,12,1,1
2026-05-11,1001,25,4,1
2026-05-11,1002,26,2,1
2026-05-11,1003,31,2,1
2026-05-11,1004,19,2,2
2026-05-11,1005,26,6,1
2026-05-11,1006,20,2,1
2026-05-11,1007,28,2,0
2026-05-11,1008,25,3,1
2026-05-11,1009,34,1,1
2026-05-11,1010,23,1,0
2026-05-11,1011,30,0,0
2026-05-11,1012,27,1,0
2026-05-11,1013,25,1,1
2026-05-11,1014,21,3,0
2026-05-11,1015,23,2,1
2026-05-11,1016,26,4,1
2026-05-11,1017,28,3,1
2026-05-11,1018,28,3,3
2026-05-11,1019,27,6,1
2026-05-11,1020,25,0,0
2026-05-11,1021,19,2,1
2026-05-11,1022,21,0,0
2026-05-11,1023,18,2,1
2026-05-11,1024,20,1,0
2026-05-11,1025,11,0,0
2026-05-11,1026,14,1,0
2026-05-11,1027,18,2,0
2026-05-11,1028,21,3,0
2026-05-11,1029,25,1,1
2026-05-11,1030,18,2,1
2026-05-11,1031,29,3,1
2026-05-11,1032,28,1,0
2026-05-11,1033,30,4,2
2026-05-11,1034,21,1,0
2026-05-11,1035,26,3,1
2026-05-11,1036,17,1,0
2026-05-11,1037,20,0,0
2026-05-11,1038,16,1,0
2026-05-11,1039,18,3,1
2026-05-11,1040,20,2,0
2026-05-11,1041,26,3,0
2026-05-11,1042,19,0,0
2026-05-11,1043,22,0,0
2026-05-11,1044,16,0,0
2026-05-11,1045,10,1,1
2026-05-11,1046,17,0,0
2026-05-11,1047,17,1,0
2026-05-11,1048,16,1,0
2026-05-11,1049,17,1,0
2026-05-11,1050,17,0,0
2026-05-11,1051,10,0,0
2026-05-11,1052,13,0,0
2026-05-11,1053,10,1,0
2026-05-11,1054,15,0,0
2026-05-11,1055,10,0,0
2026-05-11,1056,15,2,2
2026-05-11,1057,18,2,0
2026-05-11,1058,21,2,1
2026-05-11,1059,9,1,0
2026-05-11,1060,19,1,1
2026-05-12,1001,26,3,1
2026-05-12,1002,39,4,2
2026-05-12,1003,20,4,0
2026-05-12,1004,24,5,3
2026-05-12,1005,40,2,1
2026-05-12,1006,31,2,1
2026-05-12,1007,28,1,0
2026-05-12,1008,39,4,1
2026-05-12,1009,26,1,0
2026-05-12,1010,27,3,1
2026-05-12,1011,34,3,0
2026-05-12,1012,26,7,2
2026-05-12,1013,18,2,0
2026-05-12,1014,18,1,1
2026-05-12,1015,21,1,1
2026-05-12,1016,26,1,1
2026-05-12,1017,27,1,0
2026-05-12,1018,14,2,1
2026-05-12,1019,26,2,0
2026-05-12,1020,14,2,1
2026-05-12,1021,12,0,0
2026-05-12,1022,19,3,1
2026-05-12,1023,25,2,1
2026-05-12,1024,23,3,1
2026-05-12,1025,20,0,0
2026-05-12,1026,18,2,0
2026-05-12,1027,19,0,0
2026-05-12,1028,18,2,1
2026-05-12,1029,24,1,0
2026-05-12,1030,26,2,2
2026-05-12,1031,23,1,0
2026-05-12,1032,21,0,0
2026-05-12,1033,25,2,0
2026-05-12,1034,21,0,0
2026-05-12,1035,22,0,0
2026-05-12,1036,22,2,0
2026-05-12,1037,19,3,1
2026-05-12,1038,27,4,0
2026-05-12,1039,25,1,0
2026-05-12,1040,18,0,0
2026-05-12,1041,11,0,0
2026-05-12,1042,15,0,0
2026-05-12,1043,21,1,0
2026-05-12,1044,22,0,0
2026-05-12,1045,20,4,0
2026-05-12,1046,18,1,0
2026-05-12,1047,18,0,0
2026-05-12,1048,18,1,0
2026-05-12,1049,24,1,0
2026-05-12,1050,14,0,0
2026-05-12,1051,14,1,1
2026-05-12,1052,17,0,0
2026-05-12,1053,16,1,0
2026-05-12,1054,17,0,0
2026-05-12,1055,14,2,0
2026-05-12,1056,21,0,0
2026-05-12,1057,11,1,0
2026-05-12,1058,15,0,0
2026-05-12,1059,16,0,0
2026-05-12,1060,12,0,0
2026-05-13,1001,19,0,0
2026-05-13,1002,24,5,2
2026-05-13,1003,36,3,0
2026-05-13,1004,24,2,2
2026-05-13,1005,27,3,2
2026-05-13,1006,33,3,0
2026-05-13,1007,25,2,1
2026-05-13,1008,24,2,0
2026-05-13,1009,24,2,1
2026-05-13,1010,22,3,1
2026-05-13,1011,20,3,1
2026-05-13,1012,26,4,2
2026-05-13,1013,33,6,4
2026-05-13,1014,27,2,1
2026-05-13,1015,30,1,0
2026-05-13,1016,28,2,1
2026-05-13,1017,24,2,0
2026-05-13,1018,31,5,2
2026-05-13,1019,24,2,1
2026-05-13,1020,21,2,1
2026-05-13,1021,26,4,0
2026-05-13,1022,21,0,0
2026-05-13,1023,17,1,0
2026-05-13,1024,23,1,0
2026-05-13,1025,14,1,0
2026-05-13,1026,17,5,1
2026-05-13,1027,20,1,0
2026-05-13,1028,18,1,0
2026-05-13,1029,27,2,0
2026-05-13,1030,20,1,1
2026-05-13,1031,19,2,1
2026-05-13,1032,19,1,0
2026-05-13,1033,27,1,1
2026-05-13,1034,20,1,0
2026-05-13,1035,21,1,0
2026-05-13,1036,20,2,0
2026-05-13,1037,18,1,1
2026-05-13,1038,24,0,0
2026-05-13,1039,26,4,3
2026-05-13,1040,27,0,0
2026-05-13,1041,20,0,0
2026-05-13,1042,15,2,1
2026-05-13,1043,21,1,0
2026-05-13,1044,16,0,0
2026-05-13,1045,14,2,0
2026-05-13,1046,12,0,0
2026-05-13,1047,22,4,1
2026-05-13,1048,14,1,0
2026-05-13,1049,14,1,0
2026-05-13,1050,22,5,1
2026-05-13,1051,12,1,0
2026-05-13,1052,9,0,0
2026-05-13,1053,11,2,0
2026-05-13,1054,20,2,0
2026-05-13,1055,11,0,0
2026-05-13,1056,16,1,0
2026-05-13,1057,19,1,0
2026-05-13,1058,15,1,1
2026-05-13,1059,13,0,0
2026-05-13,1060,17,1,0
2026-05-14,1001,22,2,1
2026-05-14,1002,22,1,0
2026-05-14,1003,27,5,1
2026-05-14,1004,25,2,0
2026-05-14,1005,28,4,1
2026-05-14,1006,30,4,4
2026-05-14,1007,20,1,0
2026-05-14,1008,39,6,2
2026-05-14,1009,20,2,0
2026-05-14,1010,24,2,0
2026-05-14,1011,26,2,0
2026-05-14,1012,23,2,1
2026-05-14,1013,28,3,0
2026-05-14,1014,26,0,0
2026-05-14,1015,22,3,0
2026-05-14,1016,34,7,0
2026-05-14,1017,25,2,0
2026-05-14,1018,25,1,1
2026-05-14,1019,26,2,1
2026-05-14,1020,31,3,2
2026-05-14,1021,18,0,0
2026-05-14,1022,16,0,0
2026-05-14,1023,24,2,0
2026-05-14,1024,29,2,1
2026-05-14,1025,33,3,2
2026-05-14,1026,21,2,0
2026-05-14,1027,26,2,2
2026-05-14,1028,17,2,0
2026-05-14,1029,21,0,0
2026-05-14,1030,23,0,0
2026-05-14,1031,20,3,2
2026-05-14,1032,21,2,0
2026-05-14,1033,24,1,0
2026-05-14,1034,27,2,0
2026-05-14,1035,32,0,0
2026-05-14,1036,18,0,0
2026-05-14,1037,30,1,0
2026-05-14,1038,30,6,4
2026-05-14,1039,19,0,0
2026-05-14,1040,31,2,1
2026-05-14,1041,17,1,0
2026-05-14,1042,15,1,1
2026-05-14,1043,10,1,1
2026-05-14,1044,19,0,0
2026-05-14,1045,19,2,0
2026-05-14,1046,19,1,0
2026-05-14,1047,23,5,1
2026-05-14,1048,17,1,0
2026-05-14,1049,15,2,0
2026-05-14,1050,14,0,0
2026-05-14,1051,18,1,1
2026-05-14,1052,11,1,1
2026-05-14,1053,20,1,0
2026-05-14,1054,12,0,0
2026-05-14,1055,13,0,0
2026-05-14,1056,19,0,0
2026-05-14,1057,11,0,0
2026-05-14,1058,15,1,0
2026-05-14,1059,14,0,0
2026-05-14,1060,15,1,0
2026-05-15,1001,27,3,1
2026-05-15,1002,28,4,1
2026-05-15,1003,32,4,0
2026-05-15,1004,39,4,3
2026-05-15,1005,29,2,2
2026-05-15,1006,31,7,3
2026-05-15,1007,27,2,1
2026-05-15,1008,25,4,1
2026-05-15,1009,29,2,0
2026-05-15,1010,31,2,0
2026-05-15,1011,30,3,0
2026-05-15,1012,26,6,2
2026-05-15,1013,30,3,1
2026-05-15,1014,23,5,1
2026-05-15,1015,18,2,0
2026-05-15,1016,24,1,0
2026-05-15,1017,38,7,2
2026-05-15,1018,21,2,0
2026-05-15,1019,27,1,0
2026-05-15,1020,28,2,1
2026-05-15,1021,18,1,0
2026-05-15,1022,22,3,1
2026-05-15,1023,11,0,0
2026-05-15,1024,18,2,0
2026-05-15,1025,22,3,3
2026-05-15,1026,22,1,1
2026-05-15,1027,26,4,0
2026-05-15,1028,23,1,0
2026-05-15,1029,20,1,0
2026-05-15,1030,23,0,0
2026-05-15,1031,27,0,0
2026-05-15,1032,23,1,1
2026-05-15,1033,26,3,0
2026-05-15,1034,19,1,0
2026-05-15,1035,29,3,1
2026-05-15,1036,26,3,0
2026-05-15,1037,24,0,0
2026-05-15,1038,16,2,1
2026-05-15,1039,20,1,1
2026-05-15,1040,17,2,0
2026-05-15,1041,13,2,0
2026-05-15,1042,18,1,0
2026-05-15,1043,25,6,0
2026-05-15,1044,25,1,0
2026-05-15,1045,15,2,1
2026-05-15,1046,14,0,0
2026-05-15,1047,17,0,0
2026-05-15,1048,23,2,0
2026-05-15,1049,29,3,2
2026-05-15,1050,11,1,1
2026-05-15,1051,18,2,1
2026-05-15,1052,15,2,0
2026-05-15,1053,16,0,0
2026-05-15,1054,12,0,0
2026-05-15,1055,17,2,0
2026-05-15,1056,19,0,0
2026-05-15,1057,12,0,0
2026-05-15,1058,10,1,0
2026-05-15,1059,14,3,2
2026-05-15,1060,23,1,0
2026-05-16,1001,26,5,0
2026-05-16,1002,20,3,2
2026-05-16,1003,22,2,0
2026-05-16,1004,33,3,1
2026-05-16,1005,27,0,0
2026-05-16,1006,33,2,1
2026-05-16,1007,24,4,1
2026-05-16,1008,20,1,0
2026-05-16,1009,30,2,0
2026-05-16,1010,28,1,0
2026-05-16,1011,21,0,0
2026-05-16,1012,20,3,0
2026-05-16,1013,10,1,0
2026-05-16,1014,30,2,1
2026-05-16,1015,23,1,0
2026-05-16,1016,23,1,0
2026-05-16,1017,23,4,1
2026-05-16,1018,26,6,1
2026-05-16,1019,35,5,1
2026-05-16,1020,21,1,1
2026-05-16,1021,21,2,1
2026-05-16,1022,19,2,0
2026-05-16,1023,21,2,0
2026-05-16,1024,23,1,0
2026-05-16,1025,16,0,0
2026-05-16,1026,28,0,0
2026-05-16,1027,21,2,0
2026-05-16,1028,21,1,1
2026-05-16,1029,16,1,0
2026-05-16,1030,14,1,0
2026-05-16,1031,30,0,0
2026-05-16,1032,26,3,0
2026-05-16,1033,28,4,1
2026-05-16,1034,28,3,1
2026-05-16,1035,14,1,0
2026-05-16,1036,19,0,0
2026-05-16,1037,23,1,0
2026-05-16,1038,27,1,0
2026-05-16,1039,21,2,2
2026-05-16,1040,18,1,0
2026-05-16,1041,19,0,0
2026-05-16,1042,10,0,0
2026-05-16,1043,18,1,1
2026-05-16,1044,18,0,0
2026-05-16,1045,16,0,0
2026-05-16,1046,15,0,0
2026-05-16,1047,14,1,1
2026-05-16,1048,23,3,2
2026-05-16,1049,16,1,1
2026-05-16,1050,19,3,1
2026-05-16,1051,22,2,1
2026-05-16,1052,11,1,0
2026-05-16,1053,11,1,0
2026-05-16,1054,10,1,1
2026-05-16,1055,14,1,0
2026-05-16,1056,16,2,2
2026-05-16,1057,15,5,2
2026-05-16,1058,13,1,1
2026-05-16,1059,16,1,1
2026-05-16,1060,11,1,0
2026-05-17,1001,36,3,2
2026-05-17,1002,22,3,1
2026-05-17,1003,28,3,1
2026-05-17,1004,32,5,1
2026-05-17,1005,19,0,0
2026-05-17,1006,24,1,0
2026-05-17,1007,26,2,1
2026-05-17,1008,20,0,0
2026-05-17,1009,21,2,0
2026-05-17,1010,24,1,1
2026-05-17,1011,32,3,1
2026-05-17,1012,25,10,1
2026-05-17,1013,26,4,1
2026-05-17,1014,21,0,0
2026-05-17,1015,20,3,1
2026-05-17,1016,26,1,1
2026-05-17,1017,32,1,1
2026-05-17,1018,17,1,0
2026-05-17,1019,18,0,0
2026-05-17,1020,30,5,2
2026-05-17,1021,23,2,0
2026-05-17,1022,39,5,3
2026-05-17,1023,18,5,2
2026-05-17,1024,17,1,1
2026-05-17,1025,16,0,0
2026-05-17,1026,18,2,0
2026-05-17,1027,14,3,1
2026-05-17,1028,12,0,0
2026-05-17,1029,16,0,0
2026-05-17,1030,25,1,0
2026-05-17,1031,30,3,0
2026-05-17,1032,24,2,2
2026-05-17,1033,20,1,0
2026-05-17,1034,21,0,0
2026-05-17,1035,14,1,1
2026-05-17,1036,26,2,0
2026-05-17,1037,27,0,0
2026-05-17,1038,15,1,0
2026-05-17,1039,24,2,0
2026-05-17,1040,22,0,0
2026-05-17,1041,20,1,0
2026-05-17,1042,18,1,0
2026-05-17,1043,21,0,0
2026-05-17,1044,20,1,0
2026-05-17,1045,23,4,2
2026-05-17,1046,19,2,1
2026-05-17,1047,20,0,0
2026-05-17,1048,19,2,0
2026-05-17,1049,16,0,0
2026-05-17,1050,12,0,0
2026-05-17,1051,5,0,0
2026-05-17,1052,12,0,0
2026-05-17,1053,18,3,1
2026-05-17,1054,16,3,1
2026-05-17,1055,16,1,0
2026-05-17,1056,18,0,0
2026-05-17,1057,13,2,0
2026-05-17,1058,13,1,0
2026-05-17,1059,16,0,0
2026-05-17,1060,7,2,1
2026-05-18,1001,17,1,0
2026-05-18,1002,26,1,0
2026-05-18,1003,21,3,0
2026-05-18,1004,21,0,0
2026-05-18,1005,30,3,1
2026-05-18,1006,26,1,0
2026-05-18,1007,31,2,0
2026-05-18,1008,26,3,0
2026-05-18,1009,24,2,1
2026-05-18,1010,30,3,2
2026-05-18,1011,26,2,1
2026-05-18,1012,17,3,2
2026-05-18,1013,22,2,0
2026-05-18,1014,29,5,1
2026-05-18,1015,22,3,1
2026-05-18,1016,23,3,0
2026-05-18,1017,22,6,1
2026-05-18,1018,30,3,0
2026-05-18,1019,28,2,2
2026-05-18,1020,25,2,1
2026-05-18,1021,19,0,0
2026-05-18,1022,24,1,1
2026-05-18,1023,15,0,0
2026-05-18,1024,26,1,0
2026-05-18,1025,25,2,1
2026-05-18,1026,21,0,0
2026-05-18,1027,18,1,0
2026-05-18,1028,30,0,0
2026-05-18,1029,30,2,1
2026-05-18,1030,18,1,0
2026-05-18,1031,20,0,0
2026-05-18,1032,25,1,0
2026-05-18,1033,22,1,1
2026-05-18,1034,19,1,1
2026-05-18,1035,24,3,1
2026-05-18,1036,23,2,1
2026-05-18,1037,25,1,0
2026-05-18,1038,22,0,0
2026-05-18,1039,20,2,1
2026-05-18,1040,27,2,2
2026-05-18,1041,23,1,0
2026-05-18,1042,20,2,1
2026-05-18,1043,16,3,1
2026-05-18,1044,27,1,0
2026-05-18,1045,18,0,0
2026-05-18,1046,21,2,0
2026-05-18,1047,14,2,0
2026-05-18,1048,10,0,0
2026-05-18,1049,14,2,1
2026-05-18,1050,16,2,1
2026-05-18,1051,11,1,0
2026-05-18,1052,13,0,0
2026-05-18,1053,16,1,0
2026-05-18,1054,17,0,0
2026-05-18,1055,19,0,0
2026-05-18,1056,15,1,1
2026-05-18,1057,13,2,0
2026-05-18,1058,11,1,0
2026-05-18,1059,20,2,1
2026-05-18,1060,11,0,0
2026-05-19,1001,25,1,0
2026-05-19,1002,30,2,0
2026-05-19,1003,26,4,0
2026-05-19,1004,35,7,3
2026-05-19,1005,37,3,1
2026-05-19,1006,31,3,0
2026-05-19,1007,26,1,0
2026-05-19,1008,25,0,0
2026-05-19,1009,23,2,0
2026-05-19,1010,24,1,0
2026-05-19,1011,26,3,0
2026-05-19,1012,28,6,1
2026-05-19,1013,18,5,2
2026-05-19,1014,19,1,0
2026-05-19,1015,25,5,3
2026-05-19,1016,28,1,0
2026-05-19,1017,21,0,0
2026-05-19,1018,18,0,0
2026-05-19,1019,21,0,0
2026-05-19,1020,24,3,0
2026-05-19,1021,23,2,1
2026-05-19,1022,25,2,0
2026-05-19,1023,14,0,0
2026-05-19,1024,20,0,0
2026-05-19,1025,28,1,0
2026-05-19,1026,30,4,1
2026-05-19,1027,23,1,0
2026-05-19,1028,26,0,0
2026-05-19,1029,20,2,2
2026-05-19,1030,28,2,1
2026-05-19,1031,19,0,0
2026-05-19,1032,18,1,0
2026-05-19,1033,26,2,0
2026-05-19,1034,28,1,0
2026-05-19,1035,20,0,0
2026-05-19,1036,26,2,1
2026-05-19,1037,23,3,0
2026-05-19,1038,21,2,1
2026-05-19,1039,24,1,0
2026-05-19,1040,18,1,1
2026-05-19,1041,13,2,1
2026-05-19,1042,19,2,1
2026-05-19,1043,9,0,0
2026-05-19,1044,26,2,1
2026-05-19,1045,15,1,0
2026-05-19,1046,15,0,0
2026-05-19,1047,12,1,0
2026-05-19,1048,17,1,0
2026-05-19,1049,14,1,0
2026-05-19,1050,20,3,0
2026-05-19,1051,19,1,1
2026-05-19,1052,13,1,0
2026-05-19,1053,13,0,0
2026-05-19,1054,15,1,1
2026-05-19,1055,19,4,2
2026-05-19,1056,10,0,0
2026-05-19,1057,11,2,2
2026-05-19,1058,11,0,0
2026-05-19,1059,24,4,0
2026-05-19,1060,12,0,0
2026-05-20,1001,25,4,0
2026-05-20,1002,38,3,1
2026-05-20,1003,24,2,2
2026-05-20,1004,24,1,0
2026-05-20,1005,29,5,1
2026-05-20,1006,22,1,1
2026-05-20,1007,21,2,0
2026-05-20,1008,33,2,1
2026-05-20,1009,21,1,1
2026-05-20,1010,33,3,1
2026-05-20,1011,41,2,1
2026-05-20,1012,34,1,0
2026-05-20,1013,30,5,2
2026-05-20,1014,25,1,0
2026-05-20,1015,18,3,0
2026-05-20,1016,19,1,0
2026-05-20,1017,32,5,3
2026-05-20,1018,29,6,2
2026-05-20,1019,23,1,1
2026-05-20,1020,17,4,2
2026-05-20,1021,24,0,0
2026-05-20,1022,20,1,1
2026-05-20,1023,20,3,2
2026-05-20,1024,20,2,0
2026-05-20,1025,17,2,1
2026-05-20,1026,26,2,2
2026-05-20,1027,29,0,0
2026-05-20,1028,24,2,1
2026-05-20,1029,21,2,1
2026-05-20,1030,32,2,0
2026-05-20,1031,21,2,0
2026-05-20,1032,22,3,0
2026-05-20,1033,19,2,2
2026-05-20,1034,22,1,0
2026-05-20,1035,20,0,0
2026-05-20,1036,21,1,0
2026-05-20,1037,29,1,0
2026-05-20,1038,32,4,2
2026-05-20,1039,19,0,0
2026-05-20,1040,28,4,0
2026-05-20,1041,13,2,0
2026-05-20,1042,21,2,0
2026-05-20,1043,12,0,0
2026-05-20,1044,23,1,1
2026-05-20,1045,26,2,1
2026-05-20,1046,12,2,1
2026-05-20,1047,16,1,0
2026-05-20,1048,18,0,0
2026-05-20,1049,21,4,1
2026-05-20,1050,13,0,0
2026-05-20,1051,9,0,0
2026-05-20,1052,11,1,0
2026-05-20,1053,19,0,0
2026-05-20,1054,11,1,1
2026-05-20,1055,16,1,0
2026-05-20,1056,5,0,0
2026-05-20,1057,10,3,0
2026-05-20,1058,10,0,0
2026-05-20,1059,11,2,1
2026-05-20,1060,16,1,0
2026-05-21,1001,21,5,2
2026-05-21,1002,23,2,2
2026-05-21,1003,27,1,0
2026-05-21,1004,33,1,0
2026-05-21,1005,19,0,0
2026-05-21,1006,20,1,0
2026-05-21,1007,33,1,0
2026-05-21,1008,22,3,1
2026-05-21,1009,19,1,0
2026-05-21,1010,32,3,1
2026-05-21,1011,26,3,1
2026-05-21,1012,24,2,0
2026-05-21,1013,41,2,1
2026-05-21,1014,30,4,0
2026-05-21,1015,19,0,0
2026-05-21,1016,21,3,0
2026-05-21,1017,29,2,2
2026-05-21,1018,23,1,0
2026-05-21,1019,22,3,1
2026-05-21,1020,26,2,0
2026-05-21,1021,21,0,0
2026-05-21,1022,17,0,0
2026-05-21,1023,18,2,0
2026-05-21,1024,21,0,0
2026-05-21,1025,20,3,0
2026-05-21,1026,35,3,0
2026-05-21,1027,20,0,0
2026-05-21,1028,13,1,0
2026-05-21,1029,23,0,0
2026-05-21,1030,26,2,1
2026-05-21,1031,36,2,0
2026-05-21,1032,15,0,0
2026-05-21,1033,21,1,0
2026-05-21,1034,28,0,0
2026-05-21,1035,22,0,0
2026-05-21,1036,27,0,0
2026-05-21,1037,25,4,1
2026-05-21,1038,23,2,0
2026-05-21,1039,25,1,0
2026-05-21,1040,14,1,0
2026-05-21,1041,23,3,1
2026-05-21,1042,16,1,0
2026-05-21,1043,11,0,0
2026-05-21,1044,15,0,0
2026-05-21,1045,15,0,0
2026-05-21,1046,16,1,0
2026-05-21,1047,18,0,0
2026-05-21,1048,17,0,0
2026-05-21,1049,21,1,0
2026-05-21,1050,21,1,1
2026-05-21,1051,8,1,0
2026-05-21,1052,15,2,0
2026-05-21,1053,19,1,0
2026-05-21,1054,14,0,0
2026-05-21,1055,15,1,0
2026-05-21,1056,12,0,0
2026-05-21,1057,12,1,1
2026-05-21,1058,15,0,0
2026-05-21,1059,11,0,0
2026-05-21,1060,13,0,0
2026-05-22,1001,22,2,0
2026-05-22,1002,27,0,0
2026-05-22,1003,33,3,1
2026-05-22,1004,36,6,2
2026-05-22,1005,28,1,0
2026-05-22,1006,30,1,0
2026-05-22,1007,18,1,1
2026-05-22,1008,26,1,1
2026-05-22,1009,21,1,0
2026-05-22,1010,19,3,0
2026-05-22,1011,28,2,0
2026-05-22,1012,29,2,1
2026-05-22,1013,23,4,1
2026-05-22,1014,28,1,0
2026-05-22,1015,29,0,0
2026-05-22,1016,29,5,1
2026-05-22,1017,25,3,0
2026-05-22,1018,34,1,1
2026-05-22,1019,22,3,1
2026-05-22,1020,30,0,0
2026-05-22,1021,26,4,0
2026-05-22,1022,20,0,0
2026-05-22,1023,25,1,1
2026-05-22,1024,26,4,0
2026-05-22,1025,22,5,1
2026-05-22,1026,18,2,1
2026-05-22,1027,20,1,0
2026-05-22,1028,27,4,2
2026-05-22,1029,23,3,1
2026-05-22,1030,23,2,0
2026-05-22,1031,22,2,0
2026-05-22,1032,20,1,0
2026-05-22,1033,35,2,1
2026-05-22,1034,35,2,1
2026-05-22,1035,28,1,0
2026-05-22,1036,19,1,0
2026-05-22,1037,25,0,0
2026-05-22,1038,31,0,0
2026-05-22,1039,22,2,0
2026-05-22,1040,20,0,0
2026-05-22,1041,10,0,0
2026-05-22,1042,12,1,0
2026-05-22,1043,19,1,0
2026-05-22,1044,16,1,0
2026-05-22,1045,16,1,0
2026-05-22,1046,13,0,0
2026-05-22,1047,15,1,0
2026-05-22,1048,24,5,1
2026-05-22,1049,13,1,0
2026-05-22,1050,17,1,0
2026-05-22,1051,12,3,0
2026-05-22,1052,13,0,0
2026-05-22,1053,6,0,0
2026-05-22,1054,15,1,0
2026-05-22,1055,17,2,1
2026-05-22,1056,12,0,0
2026-05-22,1057,19,0,0
2026-05-22,1058,13,1,1
2026-05-22,1059,18,1,0
2026-05-22,1060,8,0,0
2026-05-23,1001,36,3,0
2026-05-23,1002,34,3,2
2026-05-23,1003,37,4,2
2026-05-23,1004,34,2,0
2026-05-23,1005,28,1,1
2026-05-23,1006,27,1,1
2026-05-23,1007,20,3,1
2026-05-23,1008,26,1,0
2026-05-23,1009,25,1,0
2026-05-23,1010,27,4,0
2026-05-23,1011,20,2,0
2026-05-23,1012,28,2,0
2026-05-23,1013,13,2,1
2026-05-23,1014,22,3,0
2026-05-23,1015,21,3,2
2026-05-23,1016,21,2,0
2026-05-23,1017,29,2,1
2026-05-23,1018,20,2,0
2026-05-23,1019,32,2,1
2026-05-23,1020,26,5,1
2026-05-23,1021,20,0,0
2026-05-23,1022,26,2,1
2026-05-23,1023,22,1,0
2026-05-23,1024,15,0,0
2026-05-23,1025,25,2,0
2026-05-23,1026,15,0,0
2026-05-23,1027,26,2,1
2026-05-23,1028,26,2,0
2026-05-23,1029,18,0,0
2026-05-23,1030,23,4,1
2026-05-23,1031,38,2,0
2026-05-23,1032,20,2,0
2026-05-23,1033,26,3,0
2026-05-23,1034,22,1,0
2026-05-23,1035,24,2,0
2026-05-23,1036,17,1,1
2026-05-23,1037,25,1,0
2026-05-23,1038,31,0,0
2026-05-23,1039,21,1,0
2026-05-23,1040,18,2,2
2026-05-23,1041,22,1,0
2026-05-23,1042,18,2,1
2026-05-23,1043,19,1,1
2026-05-23,1044,20,1,0
2026-05-23,1045,20,1,1
2026-05-23,1046,25,0,0
2026-05-23,1047,17,1,0
2026-05-23,1048,14,0,0
2026-05-23,1049,10,0,0
2026-05-23,1050,21,2,0
2026-05-23,1051,17,1,0
2026-05-23,1052,11,0,0
2026-05-23,1053,20,1,1
2026-05-23,1054,9,0,0
2026-05-23,1055,18,0,0
2026-05-23,1056,13,0,0
2026-05-23,1057,13,0,0
2026-05-23,1058,11,0,0
2026-05-23,1059,15,0,0
2026-05-23,1060,6,0,0
2026-05-24,1001,25,2,1
2026-05-24,1002,34,4,1
2026-05-24,1003,25,4,0
2026-05-24,1004,28,3,0
2026-05-24,1005,20,0,0
2026-05-24,1006,20,1,1
2026-05-24,1007,18,0,0
2026-05-24,1008,18,0,0
2026-05-24,1009,23,4,1
2026-05-24,1010,21,3,2
2026-05-24,1011,20,4,1
2026-05-24,1012,20,0,0
2026-05-24,1013,26,6,2
2026-05-24,1014,27,7,1
2026-05-24,1015,28,4,1
2026-05-24,1016,26,2,0
2026-05-24,1017,29,4,2
2026-05-24,1018,28,6,2
2026-05-24,1019,24,3,1
2026-05-24,1020,24,1,0
2026-05-24,1021,23,0,0
2026-05-24,1022,18,2,1
2026-05-24,1023,24,2,0
2026-05-24,1024,15,1,0
2026-05-24,1025,11,2,0
2026-05-24,1026,18,2,1
2026-05-24,1027,26,1,0
2026-05-24,1028,23,1,0
2026-05-24,1029,17,0,0
2026-05-24,1030,29,3,1
2026-05-24,1031,22,2,1
2026-05-24,1032,14,2,0
2026-05-24,1033,25,1,0
2026-05-24,1034,23,3,1
2026-05-24,1035,17,1,0
2026-05-24,1036,24,3,0
2026-05-24,1037,21,2,0
2026-05-24,1038,23,1,0
2026-05-24,1039,22,2,2
2026-05-24,1040,24,2,0
2026-05-24,1041,20,2,1
2026-05-24,1042,14,1,1
2026-05-24,1043,15,0,0
2026-05-24,1044,22,3,1
2026-05-24,1045,17,2,1
2026-05-24,1046,12,4,2
2026-05-24,1047,19,2,0
2026-05-24,1048,26,2,0
2026-05-24,1049,17,2,1
2026-05-24,1050,19,1,0
2026-05-24,1051,13,3,0
2026-05-24,1052,11,0,0
2026-05-24,1053,9,3,2
2026-05-24,1054,10,1,0
2026-05-24,1055,12,2,1
2026-05-24,1056,17,0,0
2026-05-24,1057,18,3,0
2026-05-24,1058,9,1,0
2026-05-24,1059,12,3,2
2026-05-24,1060,14,1,0
2026-05-25,1001,25,3,1
2026-05-25,1002,16,3,3
2026-05-25,1003,38,3,0
2026-05-25,1004,24,2,1
2026-05-25,1005,29,4,1
2026-05-25,1006,24,2,0
2026-05-25,1007,29,2,2
2026-05-25,1008,19,0,0
2026-05-25,1009,21,1,0
2026-05-25,1010,23,1,1
2026-05-25,1011,18,1,0
2026-05-25,1012,29,1,0
2026-05-25,1013,22,3,0
2026-05-25,1014,14,3,1
2026-05-25,1015,28,0,0
2026-05-25,1016,20,0,0
2026-05-25,1017,17,1,0
2026-05-25,1018,25,3,2
2026-05-25,1019,28,2,1
2026-05-25,1020,26,3,1
2026-05-25,1021,18,1,0
2026-05-25,1022,20,0,0
2026-05-25,1023,23,0,0
2026-05-25,1024,25,2,0
2026-05-25,1025,23,2,0
2026-05-25,1026,15,2,0
2026-05-25,1027,25,3,1
2026-05-25,1028,17,0,0
2026-05-25,1029,30,4,1
2026-05-25,1030,17,0,0
2026-05-25,1031,24,2,0
2026-05-25,1032,14,1,1
2026-05-25,1033,19,1,0
2026-05-25,1034,22,0,0
2026-05-25,1035,25,3,0
2026-05-25,1036,26,5,1
2026-05-25,1037,21,2,0
2026-05-25,1038,22,1,0
2026-05-25,1039,27,2,1
2026-05-25,1040,24,0,0
2026-05-25,1041,11,0,0
2026-05-25,1042,12,3,1
2026-05-25,1043,12,0,0
2026-05-25,1044,18,3,1
2026-05-25,1045,17,2,0
2026-05-25,1046,14,3,1
2026-05-25,1047,19,3,0
2026-05-25,1048,17,1,0
2026-05-25,1049,28,3,1
2026-05-25,1050,18,1,1
2026-05-25,1051,16,1,0
2026-05-25,1052,13,1,1
2026-05-25,1053,14,0,0
2026-05-25,1054,17,1,0
2026-05-25,1055,9,0,0
2026-05-25,1056,14,2,0
2026-05-25,1057,15,0,0
2026-05-25,1058,14,2,0
2026-05-25,1059,19,0,0
2026-05-25,1060,15,0,0
2026-05-26,1001,12,1,0
2026-05-26,1002,18,3,2
2026-05-26,1003,24,2,1
2026-05-26,1004,27,4,2
2026-05-26,1005,23,3,1
2026-05-26,1006,23,2,0
2026-05-26,1007,21,2,1
2026-05-26,1008,25,5,1
2026-05-26,1009,33,8,1
2026-05-26,1010,29,3,0
2026-05-26,1011,25,0,0
2026-05-26,1012,25,3,1
2026-05-26,1013,18,1,0
2026-05-26,1014,27,3,1
2026-05-26,1015,24,2,1
2026-05-26,1016,23,4,1
2026-05-26,1017,26,4,0
2026-05-26,1018,28,4,2
2026-05-26,1019,22,4,1
2026-05-26,1020,21,0,0
2026-05-26,1021,18,2,1
2026-05-26,1022,17,2,1
2026-05-26,1023,18,0,0
2026-05-26,1024,13,0,0
2026-05-26,1025,25,2,1
2026-05-26,1026,22,1,0
2026-05-26,1027,23,2,0
2026-05-26,1028,13,1,1
2026-05-26,1029,20,2,0
2026-05-26,1030,26,2,1
2026-05-26,1031,20,0,0
2026-05-26,1032,21,2,1
2026-05-26,1033,18,2,0
2026-05-26,1034,24,0,0
2026-05-26,1035,21,2,0
2026-05-26,1036,26,2,0
2026-05-26,1037,22,3,0
2026-05-26,1038,24,2,1
2026-05-26,1039,26,1,1
2026-05-26,1040,27,1,1
2026-05-26,1041,15,0,0
2026-05-26,1042,24,2,1
2026-05-26,1043,19,0,0
2026-05-26,1044,26,2,1
2026-05-26,1045,16,1,0
2026-05-26,1046,21,2,2
2026-05-26,1047,15,0,0
2026-05-26,1048,22,2,0
2026-05-26,1049,15,2,1
2026-05-26,1050,19,3,1
2026-05-26,1051,11,2,1
2026-05-26,1052,13,1,0
2026-05-26,1053,10,0,0
2026-05-26,1054,10,0,0
2026-05-26,1055,8,0,0
2026-05-26,1056,13,1,0
2026-05-26,1057,17,1,0
2026-05-26,1058,13,1,0
2026-05-26,1059,12,1,0
2026-05-26,1060,19,0,0
2026-05-27,1001,27,2,0
2026-05-27,1002,30,5,1
2026-05-27,1003,31,3,1
2026-05-27,1004,30,2,1
2026-05-27,1005,31,5,0
2026-05-27,1006,28,1,1
2026-05-27,1007,26,0,0
2026-05-27,1008,30,1,0
2026-05-27,1009,17,4,1
2026-05-27,1010,26,1,1
2026-05-27,1011,15,1,1
2026-05-27,1012,23,4,0
2026-05-27,1013,31,2,1
2026-05-27,1014,26,1,1
2026-05-27,1015,22,2,1
2026-05-27,1016,20,4,3
2026-05-27,1017,23,2,1
2026-05-27,1018,19,5,2
2026-05-27,1019,21,4,2
2026-05-27,1020,25,1,1
2026-05-27,1021,25,0,0
2026-05-27,1022,27,0,0
2026-05-27,1023,25,0,0
2026-05-27,1024,17,3,1
2026-05-27,1025,19,3,0
2026-05-27,1026,15,1,1
2026-05-27,1027,20,4,0
2026-05-27,1028,21,1,0
2026-05-27,1029,19,1,0
2026-05-27,1030,24,1,0
2026-05-27,1031,24,2,1
2026-05-27,1032,21,1,1
2026-05-27,1033,21,0,0
2026-05-27,1034,30,2,0
2026-05-27,1035,20,0,0
2026-05-27,1036,33,3,1
2026-05-27,1037,28,3,1
2026-05-27,1038,31,2,0
2026-05-27,1039,23,0,0
2026-05-27,1040,17,1,0
2026-05-27,1041,21,0,0
2026-05-27,1042,20,1,1
2026-05-27,1043,20,2,0
2026-05-27,1044,18,2,0
2026-05-27,1045,20,2,1
2026-05-27,1046,13,2,0
2026-05-27,1047,20,1,0
2026-05-27,1048,17,0,0
2026-05-27,1049,12,1,0
2026-05-27,1050,21,2,0
2026-05-27,1051,16,1,0
2026-05-27,1052,9,2,1
2026-05-27,1053,15,1,0
2026-05-27,1054,13,0,0
2026-05-27,1055,19,2,1
2026-05-27,1056,17,2,0
2026-05-27,1057,15,1,1
2026-05-27,1058,13,2,0
2026-05-27,1059,18,1,1
2026-05-27,1060,15,2,0
2026-05-28,1001,28,3,1
2026-05-28,1002,21,3,2
2026-05-28,1003,21,3,1
2026-05-28,1004,24,0,0
2026-05-28,1005,30,1,0
2026-05-28,1006,32,3,0
2026-05-28,1007,28,1,0
2026-05-28,1008,24,2,0
2026-05-28,1009,34,5,0
2026-05-28,1010,23,3,2
2026-05-28,1011,24,3,1
2026-05-28,1012,29,0,0
2026-05-28,1013,30,1,0
2026-05-28,1014,27,1,1
2026-05-28,1015,22,1,0
2026-05-28,1016,35,2,0
2026-05-28,1017,23,3,3
2026-05-28,1018,25,5,1
2026-05-28,1019,20,2,1
2026-05-28,1020,30,4,2
2026-05-28,1021,20,1,0
2026-05-28,1022,19,1,0
2026-05-28,1023,20,1,1
2026-05-28,1024,31,2,0
2026-05-28,1025,27,0,0
2026-05-28,1026,20,0,0
2026-05-28,1027,20,1,0
2026-05-28,1028,22,1,0
2026-05-28,1029,22,3,1
2026-05-28,1030,18,2,0
2026-05-28,1031,26,4,2
2026-05-28,1032,25,2,0
2026-05-28,1033,18,1,0
2026-05-28,1034,24,2,0
2026-05-28,1035,32,5,3
2026-05-28,1036,25,2,1
2026-05-28,1037,23,1,0
2026-05-28,1038,29,2,0
2026-05-28,1039,23,2,0
2026-05-28,1040,31,2,1
2026-05-28,1041,16,1,1
2026-05-28,1042,12,0,0
2026-05-28,1043,16,0,0
2026-05-28,1044,22,1,1
2026-05-28,1045,11,0,0
2026-05-28,1046,19,2,1
2026-05-28,1047,15,2,1
2026-05-28,1048,21,1,0
2026-05-28,1049,15,0,0
2026-05-28,1050,10,1,0
2026-05-28,1051,22,0,0
2026-05-28,1052,13,1,0
2026-05-28,1053,14,2,2
2026-05-28,1054,17,1,1
2026-05-28,1055,14,1,0
2026-05-28,1056,15,2,0
2026-05-28,1057,13,2,0
2026-05-28,1058,6,0,0
2026-05-28,1059,15,1,0
2026-05-28,1060,14,0,0
2026-05-29,1001,32,3,3
2026-05-29,1002,25,2,0
2026-05-29,1003,23,3,1
2026-05-29,1004,26,1,1
2026-05-29,1005,30,2,0
2026-05-29,1006,34,3,0
2026-05-29,1007,27,6,5
2026-05-29,1008,22,3,1
2026-05-29,1009,23,1,0
2026-05-29,1010,25,4,2
2026-05-29,1011,13,3,0
2026-05-29,1012,25,4,1
2026-05-29,1013,26,2,0
2026-05-29,1014,18,2,0
2026-05-29,1015,23,4,0
2026-05-29,1016,31,0,0
2026-05-29,1017,12,2,2
2026-05-29,1018,19,3,1
2026-05-29,1019,23,3,2
2026-05-29,1020,31,4,0
2026-05-29,1021,25,0,0
2026-05-29,1022,28,4,0
2026-05-29,1023,31,0,0
2026-05-29,1024,19,0,0
2026-05-29,1025,27,2,1
2026-05-29,1026,17,1,0
2026-05-29,1027,28,2,0
2026-05-29,1028,24,3,1
2026-05-29,1029,22,3,2
2026-05-29,1030,23,1,0
2026-05-29,1031,27,0,0
2026-05-29,1032,23,2,0
2026-05-29,1033,17,1,0
2026-05-29,1034,18,1,0
2026-05-29,1035,24,2,1
2026-05-29,1036,30,2,0
2026-05-29,1037,23,2,1
2026-05-29,1038,22,3,0
2026-05-29,1039,23,2,1
2026-05-29,1040,21,1,0
2026-05-29,1041,21,1,1
2026-05-29,1042,23,1,1
2026-05-29,1043,16,2,0
2026-05-29,1044,23,3,1
2026-05-29,1045,20,1,1
2026-05-29,1046,16,0,0
2026-05-29,1047,22,2,0
2026-05-29,1048,17,3,1
2026-05-29,1049,24,0,0
2026-05-29,1050,15,1,0
2026-05-29,1051,17,2,0
2026-05-29,1052,12,0,0
2026-05-29,1053,12,1,0
2026-05-29,1054,11,0,0
2026-05-29,1055,23,1,0
2026-05-29,1056,9,1,0
2026-05-29,1057,13,1,0
2026-05-29,1058,8,0,0
2026-05-29,1059,12,1,1
2026-05-29,1060,18,2,0
2026-05-30,1001,23,4,1
2026-05-30,1002,14,2,2
2026-05-30,1003,17,2,2
2026-05-30,1004,32,4,1
2026-05-30,1005,30,5,0
2026-05-30,1006,27,1,0
2026-05-30,1007,37,3,0
2026-05-30,1008,20,1,0
2026-05-30,1009,26,2,0
2026-05-30,1010,28,4,3
2026-05-30,1011,33,1,1
2026-05-30,1012,22,0,0
2026-05-30,1013,30,1,0
2026-05-30,1014,21,2,0
2026-05-30,1015,28,6,2
2026-05-30,1016,20,1,0
2026-05-30,1017,18,1,0
2026-05-30,1018,19,0,0
2026-05-30,1019,16,1,1
2026-05-30,1020,14,1,0
2026-05-30,1021,19,3,2
2026-05-30,1022,25,1,0
2026-05-30,1023,26,0,0
2026-05-30,1024,25,1,1
2026-05-30,1025,27,4,2
2026-05-30,1026,22,3,1
2026-05-30,1027,18,0,0
2026-05-30,1028,24,2,1
2026-05-30,1029,17,0,0
2026-05-30,1030,27,3,2
2026-05-30,1031,20,0,0
2026-05-30,1032,21,0,0
2026-05-30,1033,27,3,1
2026-05-30,1034,24,1,0
2026-05-30,1035,18,3,2
2026-05-30,1036,30,3,0
2026-05-30,1037,28,1,0
2026-05-30,1038,23,1,1
2026-05-30,1039,24,3,0
2026-05-30,1040,24,2,0
2026-05-30,1041,14,0,0
2026-05-30,1042,9,0,0
2026-05-30,1043,18,0,0
2026-05-30,1044,15,2,1
2026-05-30,1045,16,0,0
2026-05-30,1046,17,2,0
2026-05-30,1047,20,2,1
2026-05-30,1048,24,1,1
2026-05-30,1049,15,1,0
2026-05-30,1050,16,0,0
2026-05-30,1051,13,0,0
2026-05-30,1052,11,1,0
2026-05-30,1053,13,0,0
2026-05-30,1054,17,0,0
2026-05-30,1055,14,2,0
2026-05-30,1056,9,0,0
2026-05-30,1057,19,2,0
2026-05-30,1058,15,1,0
2026-05-30,1059,16,0,0
2026-05-30,1060,11,1,0
2026-05-31,1001,27,3,0
2026-05-31,1002,19,1,1
2026-05-31,1003,24,2,1
2026-05-31,1004,28,2,1
2026-05-31,1005,34,1,0
2026-05-31,1006,26,0,0
2026-05-31,1007,23,2,1
2026-05-31,1008,25,2,1
2026-05-31,1009,25,3,0
2026-05-31,1010,27,2,0
2026-05-31,1011,35,4,3
2026-05-31,1012,25,0,0
2026-05-31,1013,26,2,0
2026-05-31,1014,22,6,2
2026-05-31,1015,28,3,1
2026-05-31,1016,24,1,0
2026-05-31,1017,19,2,0
2026-05-31,1018,22,0,0
2026-05-31,1019,22,2,0
2026-05-31,1020,31,0,0
2026-05-31,1021,27,0,0
2026-05-31,1022,27,3,1
2026-05-31,1023,25,2,0
2026-05-31,1024,24,0,0
2026-05-31,1025,22,2,1
2026-05-31,1026,21,0,0
2026-05-31,1027,15,1,1
2026-05-31,1028,14,3,0
2026-05-31,1029,12,0,0
2026-05-31,1030,13,1,1
2026-05-31,1031,24,0,0
2026-05-31,1032,24,2,0
2026-05-31,1033,21,1,1
2026-05-31,1034,22,0,0
2026-05-31,1035,23,1,1
2026-05-31,1036,25,0,0
2026-05-31,1037,30,2,1
2026-05-31,1038,28,0,0
2026-05-31,1039,20,0,0
2026-05-31,1040,28,1,0
2026-05-31,1041,20,3,0
2026-05-31,1042,21,2,0
2026-05-31,1043,6,1,0
2026-05-31,1044,17,0,0
2026-05-31,1045,16,0,0
2026-05-31,1046,20,2,1
2026-05-31,1047,24,1,0
2026-05-31,1048,13,2,0
2026-05-31,1049,18,2,1
2026-05-31,1050,16,0,0
2026-05-31,1051,18,0,0
2026-05-31,1052,6,0,0
2026-05-31,1053,16,1,0
2026-05-31,1054,14,1,0
2026-05-31,1055,10,1,1
2026-05-31,1056,18,2,1
2026-05-31,1057,11,1,0
2026-05-31,1058,10,0,0
2026-05-31,1059,10,1,0
2026-05-31,1060,13,2,1
2026-06-01,1001,24,1,0
2026-06-01,1002,28,3,1
2026-06-01,1003,30,3,0
2026-06-01,1004,20,2,0
2026-06-01,1005,26,1,0
2026-06-01,1006,25,3,1
2026-06-01,1007,35,1,0
2026-06-01,1008,29,2,2
2026-06-01,1009,31,5,2
2026-06-01,1010,27,1,0
2026-06-01,1011,17,0,0
2026-06-01,1012,37,5,2
2026-06-01,1013,22,3,0
2026-06-01,1014,20,1,1
2026-06-01,1015,23,3,0
2026-06-01,1016,23,1,0
2026-06-01,1017,32,2,0
2026-06-01,1018,26,4,1
2026-06-01,1019,32,0,0
2026-06-01,1020,26,4,1
2026-06-01,1021,12,1,0
2026-06-01,1022,23,2,2
2026-06-01,1023,23,1,1
2026-06-01,1024,27,2,0
2026-06-01,1025,25,2,0
2026-06-01,1026,18,0,0
2026-06-01,1027,35,2,0
2026-06-01,1028,21,2,0
2026-06-01,1029,16,3,3
2026-06-01,1030,22,1,1
2026-06-01,1031,23,0,0
2026-06-01,1032,27,2,2
2026-06-01,1033,20,0,0
2026-06-01,1034,21,1,0
2026-06-01,1035,30,2,0
2026-06-01,1036,23,5,0
2026-06-01,1037,20,0,0
2026-06-01,1038,23,2,0
2026-06-01,1039,16,1,0
2026-06-01,1040,29,2,1
2026-06-01,1041,10,2,0
2026-06-01,1042,15,1,0
2026-06-01,1043,13,0,0
2026-06-01,1044,21,1,0
2026-06-01,1045,23,3,0
2026-06-01,1046,21,3,0
2026-06-01,1047,14,1,0
2026-06-01,1048,8,0,0
2026-06-01,1049,13,2,1
2026-06-01,1050,15,3,1
2026-06-01,1051,20,2,2
2026-06-01,1052,9,2,0
2026-06-01,1053,14,1,1
2026-06-01,1054,13,2,1
2026-06-01,1055,9,1,0
2026-06-01,1056,11,0,0
2026-06-01,1057,15,2,1
2026-06-01,1058,12,2,0
2026-06-01,1059,25,1,0
2026-06-01,1060,16,1,0
2026-06-02,1001,21,0,0
2026-06-02,1002,27,3,3
2026-06-02,1003,32,2,0
2026-06-02,1004,24,1,0
2026-06-02,1005,22,2,1
2026-06-02,1006,17,2,1
2026-06-02,1007,15,1,0
2026-06-02,1008,32,3,0
2026-06-02,1009,24,3,0
2026-06-02,1010,23,2,1
2026-06-02,1011,19,0,0
2026-06-02,1012,25,2,0
2026-06-02,1013,21,1,0
2026-06-02,1014,23,2,0
2026-06-02,1015,41,4,1
2026-06-02,1016,21,7,2
2026-06-02,1017,29,2,0
2026-06-02,1018,23,3,0
2026-06-02,1019,23,2,0
2026-06-02,1020,23,2,2
2026-06-02,1021,15,2,0
2026-06-02,1022,22,2,0
2026-06-02,1023,21,1,1
2026-06-02,1024,22,2,2
2026-06-02,1025,19,1,0
2026-06-02,1026,18,3,1
2026-06-02,1027,20,2,1
2026-06-02,1028,18,0,0
2026-06-02,1029,26,1,0
2026-06-02,1030,31,1,0
2026-06-02,1031,28,3,3
2026-06-02,1032,23,1,0
2026-06-02,1033,18,2,1
2026-06-02,1034,14,0,0
2026-06-02,1035,26,2,1
2026-06-02,1036,25,0,0
2026-06-02,1037,23,1,0
2026-06-02,1038,18,1,0
2026-06-02,1039,20,0,0
2026-06-02,1040,25,2,1
2026-06-02,1041,14,0,0
2026-06-02,1042,17,1,0
2026-06-02,1043,15,2,1
2026-06-02,1044,25,2,0
2026-06-02,1045,13,0,0
2026-06-02,1046,22,4,3
2026-06-02,1047,16,0,0
2026-06-02,1048,28,2,0
2026-06-02,1049,16,0,0
2026-06-02,1050,12,0,0
2026-06-02,1051,16,2,1
2026-06-02,1052,13,2,0
2026-06-02,1053,19,0,0
2026-06-02,1054,10,0,0
2026-06-02,1055,11,1,0
2026-06-02,1056,12,1,1
2026-06-02,1057,19,1,0
2026-06-02,1058,13,0,0
2026-06-02,1059,11,1,0
2026-06-02,1060,10,1,1
2026-06-03,1001,31,2,1
2026-06-03,1002,26,2,1
2026-06-03,1003,28,0,0
2026-06-03,1004,25,0,0
2026-06-03,1005,25,2,1
2026-06-03,1006,31,6,0
2026-06-03,1007,31,4,1
2026-06-03,1008,25,2,2
2026-06-03,1009,18,0,0
2026-06-03,1010,30,2,1
2026-06-03,1011,23,3,1
2026-06-03,1012,27,2,0
2026-06-03,1013,25,2,1
2026-06-03,1014,16,2,0
2026-06-03,1015,18,1,0
2026-06-03,1016,19,3,1
2026-06-03,1017,15,1,0
2026-06-03,1018,18,1,0
2026-06-03,1019,20,1,0
2026-06-03,1020,24,4,1
2026-06-03,1021,17,1,0
2026-06-03,1022,17,0,0
2026-06-03,1023,18,0,0
2026-06-03,1024,28,1,0
2026-06-03,1025,18,0,0
2026-06-03,1026,22,2,0
2026-06-03,1027,21,2,2
2026-06-03,1028,26,2,0
2026-06-03,1029,17,0,0
2026-06-03,1030,30,0,0
2026-06-03,1031,28,3,0
2026-06-03,1032,25,1,1
2026-06-03,1033,20,1,0
2026-06-03,1034,21,2,0
2026-06-03,1035,10,1,0
2026-06-03,1036,20,3,1
2026-06-03,1037,19,0,0
2026-06-03,1038,31,1,1
2026-06-03,1039,26,1,0
2026-06-03,1040,17,3,1
2026-06-03,1041,20,3,0
2026-06-03,1042,8,0,0
2026-06-03,1043,17,0,0
2026-06-03,1044,9,2,0
2026-06-03,1045,11,0,0
2026-06-03,1046,14,3,1
2026-06-03,1047,14,0,0
2026-06-03,1048,11,1,1
2026-06-03,1049,22,0,0
2026-06-03,1050,21,0,0
2026-06-03,1051,24,3,0
2026-06-03,1052,18,3,1
2026-06-03,1053,11,1,0
2026-06-03,1054,14,2,1
2026-06-03,1055,20,0,0
2026-06-03,1056,13,1,0
2026-06-03,1057,13,2,0
2026-06-03,1058,9,0,0
2026-06-03,1059,13,1,1
2026-06-03,1060,10,2,1
2026-06-04,1001,30,3,1
2026-06-04,1002,17,0,0
2026-06-04,1003,31,3,2
2026-06-04,1004,41,2,1
2026-06-04,1005,25,4,2
2026-06-04,1006,21,4,2
2026-06-04,1007,25,0,0
2026-06-04,1008,28,1,0
2026-06-04,1009,30,1,0
2026-06-04,1010,24,1,0
2026-06-04,1011,25,2,0
2026-06-04,1012,26,3,1
2026-06-04,1013,24,7,1
2026-06-04,1014,24,0,0
2026-06-04,1015,21,2,0
2026-06-04,1016,16,1,1
2026-06-04,1017,22,4,1
2026-06-04,1018,24,1,0
2026-06-04,1019,25,2,1
2026-06-04,1020,30,2,0
2026-06-04,1021,15,0,0
2026-06-04,1022,13,2,1
2026-06-04,1023,18,1,0
2026-06-04,1024,24,2,1
2026-06-04,1025,30,2,0
2026-06-04,1026,15,2,0
2026-06-04,1027,17,0,0
2026-06-04,1028,26,2,0
2026-06-04,1029,15,2,1
2026-06-04,1030,24,1,0
2026-06-04,1031,25,2,1
2026-06-04,1032,23,3,0
2026-06-04,1033,24,2,1
2026-06-04,1034,28,1,0
2026-06-04,1035,31,2,1
2026-06-04,1036,21,3,0
2026-06-04,1037,29,1,0
2026-06-04,1038,18,4,1
2026-06-04,1039,19,3,0
2026-06-04,1040,23,2,0
2026-06-04,1041,25,2,1
2026-06-04,1042,21,1,0
2026-06-04,1043,11,2,1
2026-06-04,1044,20,2,2
2026-06-04,1045,21,1,0
2026-06-04,1046,17,1,0
2026-06-04,1047,8,0,0
2026-06-04,1048,18,3,1
2026-06-04,1049,15,1,1
2026-06-04,1050,9,0,0
2026-06-04,1051,15,0,0
2026-06-04,1052,5,0,0
2026-06-04,1053,10,1,0
2026-06-04,1054,14,0,0
2026-06-04,1055,13,1,1
2026-06-04,1056,11,1,1
2026-06-04,1057,12,1,1
2026-06-04,1058,7,0,0
2026-06-04,1059,16,2,1
2026-06-04,1060,6,0,0
2026-06-05,1001,25,3,2
2026-06-05,1002,27,3,0
2026-06-05,1003,26,2,1
2026-06-05,1004,25,2,0
2026-06-05,1005,20,4,1
2026-06-05,1006,29,2,0
2026-06-05,1007,21,5,0
2026-06-05,1008,28,4,2
2026-06-05,1009,28,2,1
2026-06-05,1010,28,0,0
2026-06-05,1011,26,3,1
2026-06-05,1012,28,4,2
2026-06-05,1013,22,1,0
2026-06-05,1014,33,2,2
2026-06-05,1015,32,2,1
2026-06-05,1016,34,6,2
2026-06-05,1017,18,4,1
2026-06-05,1018,30,0,0
2026-06-05,1019,17,4,1
2026-06-05,1020,32,3,1
2026-06-05,1021,19,3,0
2026-06-05,1022,21,2,1
2026-06-05,1023,19,0,0
2026-06-05,1024,24,3,0
2026-06-05,1025,24,4,1
2026-06-05,1026,19,2,1
2026-06-05,1027,14,1,0
2026-06-05,1028,25,5,2
2026-06-05,1029,22,3,1
2026-06-05,1030,18,0,0
2026-06-05,1031,30,2,1
2026-06-05,1032,20,1,0
2026-06-05,1033,20,0,0
2026-06-05,1034,30,2,1
2026-06-05,1035,23,2,0
2026-06-05,1036,19,2,1
2026-06-05,1037,26,0,0
2026-06-05,1038,31,2,0
2026-06-05,1039,25,1,0
2026-06-05,1040,30,2,2
2026-06-05,1041,14,0,0
2026-06-05,1042,12,1,0
2026-06-05,1043,15,1,0
2026-06-05,1044,14,1,0
2026-06-05,1045,14,1,0
2026-06-05,1046,15,0,0
2026-06-05,1047,17,0,0
2026-06-05,1048,18,2,1
2026-06-05,1049,17,1,0
2026-06-05,1050,15,0,0
2026-06-05,1051,13,1,1
2026-06-05,1052,14,1,1
2026-06-05,1053,15,1,0
2026-06-05,1054,24,2,0
2026-06-05,1055,12,1,0
2026-06-05,1056,19,1,0
2026-06-05,1057,15,0,0
2026-06-05,1058,15,2,0
2026-06-05,1059,15,2,1
2026-06-05,1060,10,2,1
2026-06-06,1001,21,4,1
2026-06-06,1002,21,4,0
2026-06-06,1003,28,3,1
2026-06-06,1004,24,1,0
2026-06-06,1005,25,1,0
2026-06-06,1006,30,0,0
2026-06-06,1007,14,3,1
2026-06-06,1008,20,1,1
2026-06-06,1009,14,1,0
2026-06-06,1010,24,3,0
2026-06-06,1011,22,2,1
2026-06-06,1012,21,0,0
2026-06-06,1013,25,3,1
2026-06-06,1014,34,3,1
2026-06-06,1015,29,3,0
2026-06-06,1016,27,4,2
2026-06-06,1017,22,3,0
2026-06-06,1018,22,2,0
2026-06-06,1019,18,1,0
2026-06-06,1020,22,2,2
2026-06-06,1021,17,1,0
2026-06-06,1022,22,5,2
2026-06-06,1023,19,1,0
2026-06-06,1024,21,1,1
2026-06-06,1025,20,2,0
2026-06-06,1026,21,2,0
2026-06-06,1027,24,1,1
2026-06-06,1028,16,3,2
2026-06-06,1029,27,1,1
2026-06-06,1030,19,1,0
2026-06-06,1031,27,3,1
2026-06-06,1032,34,4,2
2026-06-06,1033,24,1,1
2026-06-06,1034,28,3,1
2026-06-06,1035,22,3,0
2026-06-06,1036,26,0,0
2026-06-06,1037,15,2,0
2026-06-06,1038,24,2,1
2026-06-06,1039,20,1,0
2026-06-06,1040,28,3,2
2026-06-06,1041,15,2,0
2026-06-06,1042,21,1,1
2026-06-06,1043,20,1,0
2026-06-06,1044,22,1,0
2026-06-06,1045,23,1,0
2026-06-06,1046,25,1,1
2026-06-06,1047,23,2,2
2026-06-06,1048,16,4,0
2026-06-06,1049,19,3,2
2026-06-06,1050,16,1,0
2026-06-06,1051,12,0,0
2026-06-06,1052,18,2,0
2026-06-06,1053,14,0,0
2026-06-06,1054,12,0,0
2026-06-06,1055,13,0,0
2026-06-06,1056,18,4,1
2026-06-06,1057,21,1,1
2026-06-06,1058,12,2,1
2026-06-06,1059,21,2,1
2026-06-06,1060,16,2,0
2026-06-07,1001,35,2,1
2026-06-07,1002,33,1,0
2026-06-07,1003,17,2,0
2026-06-07,1004,28,3,0
2026-06-07,1005,24,2,0
2026-06-07,1006,28,2,0
2026-06-07,1007,23,3,3
2026-06-07,1008,25,3,0
2026-06-07,1009,33,1,0
2026-06-07,1010,25,5,2
2026-06-07,1011,16,1,1
2026-06-07,1012,17,3,0
2026-06-07,1013,27,0,0
2026-06-07,1014,19,1,0
2026-06-07,1015,27,1,1
2026-06-07,1016,30,1,1
2026-06-07,1017,26,1,0
2026-06-07,1018,24,0,0
2026-06-07,1019,20,1,0
2026-06-07,1020,22,2,1
2026-06-07,1021,15,2,0
2026-06-07,1022,24,1,0
2026-06-07,1023,20,0,0
2026-06-07,1024,29,5,2
2026-06-07,1025,24,0,0
2026-06-07,1026,25,2,0
2026-06-07,1027,21,0,0
2026-06-07,1028,15,2,2
2026-06-07,1029,14,1,0
2026-06-07,1030,22,1,0
2026-06-07,1031,20,4,0
2026-06-07,1032,22,1,0
2026-06-07,1033,20,1,1
2026-06-07,1034,24,0,0
2026-06-07,1035,33,2,0
2026-06-07,1036,25,2,1
2026-06-07,1037,21,1,0
2026-06-07,1038,24,0,0
2026-06-07,1039,15,0,0
2026-06-07,1040,24,1,1
2026-06-07,1041,12,0,0
2026-06-07,1042,19,1,1
2026-06-07,1043,17,0,0
2026-06-07,1044,23,1,0
2026-06-07,1045,15,0,0
2026-06-07,1046,10,1,0
2026-06-07,1047,9,1,1
2026-06-07,1048,18,1,0
2026-06-07,1049,21,1,1
2026-06-07,1050,20,1,0
2026-06-07,1051,9,1,0
2026-06-07,1052,12,1,1
2026-06-07,1053,13,0,0
2026-06-07,1054,20,1,0
2026-06-07,1055,14,1,0
2026-06-07,1056,18,1,0
2026-06-07,1057,9,2,0
2026-06-07,1058,20,2,0
2026-06-07,1059,15,1,1
2026-06-07,1060,12,1,0
2026-06-08,1001,20,3,1
2026-06-08,1002,25,3,0
2026-06-08,1003,31,0,0
2026-06-08,1004,22,2,1
2026-06-08,1005,26,3,0
2026-06-08,1006,19,2,0
2026-06-08,1007,17,2,0
2026-06-08,1008,40,2,0
2026-06-08,1009,21,4,0
2026-06-08,1010,35,3,0
2026-06-08,1011,22,1,0
2026-06-08,1012,17,1,0
2026-06-08,1013,20,2,1
2026-06-08,1014,28,2,1
2026-06-08,1015,24,3,0
2026-06-08,1016,31,5,0
2026-06-08,1017,24,2,1
2026-06-08,1018,17,1,0
2026-06-08,1019,19,4,2
2026-06-08,1020,22,0,0
2026-06-08,1021,15,1,1
2026-06-08,1022,30,0,0
2026-06-08,1023,22,4,2
2026-06-08,1024,23,5,0
2026-06-08,1025,21,3,0
2026-06-08,1026,23,1,0
2026-06-08,1027,16,0,0
2026-06-08,1028,23,0,0
2026-06-08,1029,29,0,0
2026-06-08,1030,15,1,0
2026-06-08,1031,19,0,0
2026-06-08,1032,33,2,0
2026-06-08,1033,17,1,0
2026-06-08,1034,20,2,0
2026-06-08,1035,23,2,0
2026-06-08,1036,22,2,0
2026-06-08,1037,25,2,0
2026-06-08,1038,25,2,0
2026-06-08,1039,26,1,0
2026-06-08,1040,22,2,0
2026-06-08,1041,19,0,0
2026-06-08,1042,18,2,1
2026-06-08,1043,12,0,0
2026-06-08,1044,18,2,1
2026-06-08,1045,21,2,1
2026-06-08,1046,13,0,0
2026-06-08,1047,9,1,0
2026-06-08,1048,20,1,0
2026-06-08,1049,12,1,0
2026-06-08,1050,11,3,1
2026-06-08,1051,18,2,2
2026-06-08,1052,17,1,1
2026-06-08,1053,11,0,0
2026-06-08,1054,14,2,1
2026-06-08,1055,16,0,0
2026-06-08,1056,13,3,1
2026-06-08,1057,14,1,0
2026-06-08,1058,12,0,0
2026-06-08,1059,10,0,0
2026-06-08,1060,21,0,0
2026-06-09,1001,22,3,0
2026-06-09,1002,26,2,0
2026-06-09,1003,30,2,0
2026-06-09,1004,23,3,2
2026-06-09,1005,23,1,1
2026-06-09,1006,13,0,0
2026-06-09,1007,22,1,0
2026-06-09,1008,37,6,0
2026-06-09,1009,24,2,1
2026-06-09,1010,20,3,0
2026-06-09,1011,26,2,0
2026-06-09,1012,29,1,0
2026-06-09,1013,21,1,1
2026-06-09,1014,18,3,1
2026-06-09,1015,20,3,1
2026-06-09,1016,26,0,0
2026-06-09,1017,26,1,1
2026-06-09,1018,11,1,1
2026-06-09,1019,17,2,0
2026-06-09,1020,29,0,0
2026-06-09,1021,18,2,0
2026-06-09,1022,16,1,1
2026-06-09,1023,20,1,0
2026-06-09,1024,15,0,0
2026-06-09,1025,19,1,0
2026-06-09,1026,22,3,1
2026-06-09,1027,15,0,0
2026-06-09,1028,19,2,0
2026-06-09,1029,24,1,0
2026-06-09,1030,23,3,1
2026-06-09,1031,20,0,0
2026-06-09,1032,19,0,0
2026-06-09,1033,12,0,0
2026-06-09,1034,20,0,0
2026-06-09,1035,20,2,0
2026-06-09,1036,26,4,2
2026-06-09,1037,22,1,0
2026-06-09,1038,18,1,0
2026-06-09,1039,19,2,1
2026-06-09,1040,27,1,1
2026-06-09,1041,13,0,0
2026-06-09,1042,26,1,1
2026-06-09,1043,17,1,0
2026-06-09,1044,14,0,0
2026-06-09,1045,14,3,0
2026-06-09,1046,18,0,0
2026-06-09,1047,21,2,1
2026-06-09,1048,19,2,1
2026-06-09,1049,15,0,0
2026-06-09,1050,16,1,0
2026-06-09,1051,5,0,0
2026-06-09,1052,10,1,0
2026-06-09,1053,15,0,0
2026-06-09,1054,7,1,0
2026-06-09,1055,14,2,1
2026-06-09,1056,13,1,0
2026-06-09,1057,19,2,0
2026-06-09,1058,9,1,0
2026-06-09,1059,19,5,2
2026-06-09,1060,19,2,0
2026-06-10,1001,29,3,0
2026-06-10,1002,24,4,0
2026-06-10,1003,27,7,2
2026-06-10,1004,29,4,1
2026-06-10,1005,34,2,0
2026-06-10,1006,17,0,0
2026-06-10,1007,42,2,1
2026-06-10,1008,33,2,1
2026-06-10,1009,31,4,0
2026-06-10,1010,22,3,1
2026-06-10,1011,19,2,1
2026-06-10,1012,26,4,1
2026-06-10,1013,20,3,0
2026-06-10,1014,29,4,1
2026-06-10,1015,23,1,0
2026-06-10,1016,28,3,1
2026-06-10,1017,19,3,0
2026-06-10,1018,21,2,0
2026-06-10,1019,23,2,0
2026-06-10,1020,22,1,0
2026-06-10,1021,27,0,0
2026-06-10,1022,22,3,1
2026-06-10,1023,20,1,0
2026-06-10,1024,21,1,0
2026-06-10,1025,21,4,1
2026-06-10,1026,16,0,0
2026-06-10,1027,18,1,1
2026-06-10,1028,17,1,0
2026-06-10,1029,23,1,0
2026-06-10,1030,22,3,2
2026-06-10,1031,29,2,1
2026-06-10,1032,23,2,1
2026-06-10,1033,21,1,0
2026-06-10,1034,30,1,0
2026-06-10,1035,19,2,0
2026-06-10,1036,28,1,0
2026-06-10,1037,16,0,0
2026-06-10,1038,20,1,1
2026-06-10,1039,23,0,0
2026-06-10,1040,15,1,0
2026-06-10,1041,19,2,0
2026-06-10,1042,10,1,0
2026-06-10,1043,10,0,0
2026-06-10,1044,17,0,0
2026-06-10,1045,22,2,1
2026-06-10,1046,20,3,1
2026-06-10,1047,18,1,0
2026-06-10,1048,16,1,0
2026-06-10,1049,12,0,0
2026-06-10,1050,13,0,0
2026-06-10,1051,14,1,0
2026-06-10,1052,26,1,0
2026-06-10,1053,15,6,1
2026-06-10,1054,16,1,1
2026-06-10,1055,17,1,1
2026-06-10,1056,10,0,0
2026-06-10,1057,19,0,0
2026-06-10,1058,6,0,0
2026-06-10,1059,16,1,0
2026-06-10,1060,11,2,1
2026-06-11,1001,24,1,1
2026-06-11,1002,23,3,2
2026-06-11,1003,24,1,1
2026-06-11,1004,23,1,1
2026-06-11,1005,27,1,1
2026-06-11,1006,26,0,0
2026-06-11,1007,26,3,0
2026-06-11,1008,29,2,1
2026-06-11,1009,28,4,1
2026-06-11,1010,38,3,1
2026-06-11,1011,22,3,0
2026-06-11,1012,21,1,0
2026-06-11,1013,25,2,0
2026-06-11,1014,27,2,1
2026-06-11,1015,21,1,1
2026-06-11,1016,26,2,1
2026-06-11,1017,20,4,1
2026-06-11,1018,19,1,1
2026-06-11,1019,22,3,2
2026-06-11,1020,22,3,2
2026-06-11,1021,30,1,1
2026-06-11,1022,18,0,0
2026-06-11,1023,22,1,1
2026-06-11,1024,21,2,1
2026-06-11,1025,30,3,1
2026-06-11,1026,24,1,1
2026-06-11,1027,22,2,0
2026-06-11,1028,15,2,2
2026-06-11,1029,21,1,0
2026-06-11,1030,25,4,0
2026-06-11,1031,22,2,0
2026-06-11,1032,17,0,0
2026-06-11,1033,26,2,0
2026-06-11,1034,30,2,0
2026-06-11,1035,24,0,0
2026-06-11,1036,19,1,0
2026-06-11,1037,29,3,0
2026-06-11,1038,21,2,0
2026-06-11,1039,22,0,0
2026-06-11,1040,19,3,1
2026-06-11,1041,18,0,0
2026-06-11,1042,18,2,0
2026-06-11,1043,12,1,1
2026-06-11,1044,17,1,1
2026-06-11,1045,12,0,0
2026-06-11,1046,19,2,0
2026-06-11,1047,10,1,1
2026-06-11,1048,16,1,0
2026-06-11,1049,16,0,0
2026-06-11,1050,12,1,0
2026-06-11,1051,16,2,0
2026-06-11,1052,7,0,0
2026-06-11,1053,16,2,0
2026-06-11,1054,11,2,0
2026-06-11,1055,9,1,1
2026-06-11,1056,8,1,0
2026-06-11,1057,12,1,0
2026-06-11,1058,12,0,0
2026-06-11,1059,8,0,0
2026-06-11,1060,8,1,1
2026-06-12,1001,26,0,0
2026-06-12,1002,35,3,0
2026-06-12,1003,20,2,0
2026-06-12,1004,28,0,0
2026-06-12,1005,23,2,2
2026-06-12,1006,19,2,2
2026-06-12,1007,24,3,0
2026-06-12,1008,26,2,0
2026-06-12,1009,32,4,3
2026-06-12,1010,24,4,0
2026-06-12,1011,21,3,1
2026-06-12,1012,14,2,0
2026-06-12,1013,21,2,0
2026-06-12,1014,21,1,1
2026-06-12,1015,17,0,0
2026-06-12,1016,27,4,0
2026-06-12,1017,19,1,0
2026-06-12,1018,23,3,1
2026-06-12,1019,20,0,0
2026-06-12,1020,33,2,0
2026-06-12,1021,19,0,0
2026-06-12,1022,18,1,1
2026-06-12,1023,22,3,0
2026-06-12,1024,20,1,0
2026-06-12,1025,24,2,0
2026-06-12,1026,17,2,0
2026-06-12,1027,12,1,0
2026-06-12,1028,20,0,0
2026-06-12,1029,22,2,2
2026-06-12,1030,27,2,1
2026-06-12,1031,21,1,1
2026-06-12,1032,20,0,0
2026-06-12,1033,27,1,0
2026-06-12,1034,27,2,0
2026-06-12,1035,26,1,1
2026-06-12,1036,27,2,0
2026-06-12,1037,24,0,0
2026-06-12,1038,27,3,0
2026-06-12,1039,31,3,1
2026-06-12,1040,11,0,0
2026-06-12,1041,17,3,0
2026-06-12,1042,21,1,0
2026-06-12,1043,21,2,0
2026-06-12,1044,18,0,0
2026-06-12,1045,14,1,0
2026-06-12,1046,14,0,0
2026-06-12,1047,14,0,0
2026-06-12,1048,20,2,0
2026-06-12,1049,20,0,0
2026-06-12,1050,18,2,1
2026-06-12,1051,18,1,0
2026-06-12,1052,20,1,0
2026-06-12,1053,14,0,0
2026-06-12,1054,24,1,1
2026-06-12,1055,13,1,1
2026-06-12,1056,13,1,0
2026-06-12,1057,14,0,0
2026-06-12,1058,14,1,0
2026-06-12,1059,14,3,2
2026-06-12,1060,13,0,0
2026-06-13,1001,23,0,0
2026-06-13,1002,27,2,0
2026-06-13,1003,32,6,2
2026-06-13,1004,27,3,0
2026-06-13,1005,25,1,0
2026-06-13,1006,24,3,1
2026-06-13,1007,30,4,1
2026-06-13,1008,33,3,1
2026-06-13,1009,23,0,0
2026-06-13,1010,27,5,1
2026-06-13,1011,28,3,2
2026-06-13,1012,32,3,1
2026-06-13,1013,28,2,0
2026-06-13,1014,20,1,0
2026-06-13,1015,19,5,4
2026-06-13,1016,20,1,1
2026-06-13,1017,34,0,0
2026-06-13,1018,27,0,0
2026-06-13,1019,20,3,2
2026-06-13,1020,16,3,1
2026-06-13,1021,19,0,0
2026-06-13,1022,12,0,0
2026-06-13,1023,25,0,0
2026-06-13,1024,31,2,0
2026-06-13,1025,28,2,1
2026-06-13,1026,22,2,1
2026-06-13,1027,26,3,2
2026-06-13,1028,20,3,0
2026-06-13,1029,18,0,0
2026-06-13,1030,22,0,0
2026-06-13,1031,30,1,0
2026-06-13,1032,18,0,0
2026-06-13,1033,18,2,1
2026-06-13,1034,28,4,0
2026-06-13,1035,25,2,0
2026-06-13,1036,31,1,1
2026-06-13,1037,21,3,0
2026-06-13,1038,12,0,0
2026-06-13,1039,26,0,0
2026-06-13,1040,24,5,2
2026-06-13,1041,19,1,0
2026-06-13,1042,22,1,0
2026-06-13,1043,12,0,0
2026-06-13,1044,12,3,2
2026-06-13,1045,17,0,0
2026-06-13,1046,18,1,1
2026-06-13,1047,17,0,0
2026-06-13,1048,18,0,0
2026-06-13,1049,23,2,0
2026-06-13,1050,10,0,0
2026-06-13,1051,6,2,0
2026-06-13,1052,14,1,0
2026-06-13,1053,16,1,0
2026-06-13,1054,12,0,0
2026-06-13,1055,17,4,1
2026-06-13,1056,12,0,0
2026-06-13,1057,12,0,0
2026-06-13,1058,6,0,0
2026-06-13,1059,8,0,0
2026-06-13,1060,11,2,0
2026-06-14,1001,38,4,0
2026-06-14,1002,28,3,2
2026-06-14,1003,17,0,0
2026-06-14,1004,26,1,0
2026-06-14,1005,25,1,0
2026-06-14,1006,30,0,0
2026-06-14,1007,25,5,3
2026-06-14,1008,31,3,2
2026-06-14,1009,31,4,1
2026-06-14,1010,19,0,0
2026-06-14,1011,27,2,1
2026-06-14,1012,34,1,0
2026-06-14,1013,25,3,1
2026-06-14,1014,19,4,0
2026-06-14,1015,27,2,0
2026-06-14,1016,23,1,0
2026-06-14,1017,24,1,0
2026-06-14,1018,16,1,1
2026-06-14,1019,21,4,1
2026-06-14,1020,20,2,0
2026-06-14,1021,23,3,1
2026-06-14,1022,17,4,1
2026-06-14,1023,18,0,0
2026-06-14,1024,28,3,2
2026-06-14,1025,23,1,0
2026-06-14,1026,24,1,1
2026-06-14,1027,22,1,1
2026-06-14,1028,14,2,2
2026-06-14,1029,12,0,0
2026-06-14,1030,22,0,0
2026-06-14,1031,20,2,1
2026-06-14,1032,22,1,0
2026-06-14,1033,23,1,0
2026-06-14,1034,23,2,1
2026-06-14,1035,18,2,1
2026-06-14,1036,21,5,2
2026-06-14,1037,23,2,0
2026-06-14,1038,21,0,0
2026-06-14,1039,28,3,0
2026-06-14,1040,23,5,0
2026-06-14,1041,22,1,0
2026-06-14,1042,23,1,1
2026-06-14,1043,13,0,0
2026-06-14,1044,14,1,0
2026-06-14,1045,17,1,0
2026-06-14,1046,26,0,0
2026-06-14,1047,12,0,0
2026-06-14,1048,11,1,0
2026-06-14,1049,17,1,1
2026-06-14,1050,10,1,0
2026-06-14,1051,14,0,0
2026-06-14,1052,17,1,0
2026-06-14,1053,11,0,0
2026-06-14,1054,13,1,0
2026-06-14,1055,16,0,0
2026-06-14,1056,17,1,0
2026-06-14,1057,17,1,0
2026-06-14,1058,15,1,0
2026-06-14,1059,16,1,1
2026-06-14,1060,9,0,0
2026-06-15,1001,25,3,0
2026-06-15,1002,31,2,1
2026-06-15,1003,32,4,0
2026-06-15,1004,29,1,0
2026-06-15,1005,27,0,0
2026-06-15,1006,28,3,2
2026-06-15,1007,22,4,1
2026-06-15,1008,27,2,0
2026-06-15,1009,25,2,0
2026-06-15,1010,28,2,0
2026-06-15,1011,30,5,1
2026-06-15,1012,20,2,0
2026-06-15,1013,24,4,1
2026-06-15,1014,23,3,1
2026-06-15,1015,25,1,0
2026-06-15,1016,26,2,0
2026-06-15,1017,26,3,0
2026-06-15,1018,24,5,2
2026-06-15,1019,29,2,0
2026-06-15,1020,24,1,0
2026-06-15,1021,27,4,1
2026-06-15,1022,24,1,0
2026-06-15,1023,28,4,2
2026-06-15,1024,21,1,0
2026-06-15,1025,14,0,0
2026-06-15,1026,19,3,1
2026-06-15,1027,16,1,0
2026-06-15,1028,15,1,0
2026-06-15,1029,25,1,0
2026-06-15,1030,18,2,1
2026-06-15,1031,24,0,0
2026-06-15,1032,20,0,0
2026-06-15,1033,22,1,0
2026-06-15,1034,23,1,0
2026-06-15,1035,25,1,1
2026-06-15,1036,24,4,2
2026-06-15,1037,28,3,1
2026-06-15,1038,23,0,0
2026-06-15,1039,20,2,1
2026-06-15,1040,26,0,0
2026-06-15,1041,19,0,0
2026-06-15,1042,16,1,1
2026-06-15,1043,13,4,1
2026-06-15,1044,24,0,0
2026-06-15,1045,19,1,1
2026-06-15,1046,20,2,1
2026-06-15,1047,22,0,0
2026-06-15,1048,13,1,0
2026-06-15,1049,20,2,0
2026-06-15,1050,22,2,2
2026-06-15,1051,15,0,0
2026-06-15,1052,13,2,1
2026-06-15,1053,12,1,0
2026-06-15,1054,14,2,1
2026-06-15,1055,21,3,3
2026-06-15,1056,17,0,0
2026-06-15,1057,8,0,0
2026-06-15,1058,12,2,0
2026-06-15,1059,16,1,1
2026-06-15,1060,13,2,0
2026-06-16,1001,26,4,2
2026-06-16,1002,32,2,1
2026-06-16,1003,33,2,1
2026-06-16,1004,27,2,0
2026-06-16,1005,42,5,0
2026-06-16,1006,24,2,0
2026-06-16,1007,26,2,0
2026-06-16,1008,23,4,0
2026-06-16,1009,24,2,0
2026-06-16,1010,25,4,1
2026-06-16,1011,22,1,0
2026-06-16,1012,23,2,0
2026-06-16,1013,25,0,0
2026-06-16,1014,18,4,0
2026-06-16,1015,26,3,1
2026-06-16,1016,25,1,1
2026-06-16,1017,26,3,0
2026-06-16,1018,19,2,2
2026-06-16,1019,27,1,1
2026-06-16,1020,21,0,0
2026-06-16,1021,20,1,1
2026-06-16,1022,18,2,1
2026-06-16,1023,19,1,0
2026-06-16,1024,16,0,0
2026-06-16,1025,23,2,1
2026-06-16,1026,23,2,0
2026-06-16,1027,24,1,0
2026-06-16,1028,23,1,0
2026-06-16,1029,23,1,0
2026-06-16,1030,25,5,3
2026-06-16,1031,22,1,1
2026-06-16,1032,26,2,0
2026-06-16,1033,19,3,2
2026-06-16,1034,23,1,1
2026-06-16,1035,35,2,1
2026-06-16,1036,26,2,0
2026-06-16,1037,28,2,0
2026-06-16,1038,19,0,0
2026-06-16,1039,19,0,0
2026-06-16,1040,20,3,1
2026-06-16,1041,21,1,0
2026-06-16,1042,16,2,0
2026-06-16,1043,15,2,0
2026-06-16,1044,19,2,1
2026-06-16,1045,13,0,0
2026-06-16,1046,17,1,1
2026-06-16,1047,14,1,0
2026-06-16,1048,20,4,2
2026-06-16,1049,16,0,0
2026-06-16,1050,16,1,0
2026-06-16,1051,23,1,1
2026-06-16,1052,17,0,0
2026-06-16,1053,17,2,0
2026-06-16,1054,14,0,0
2026-06-16,1055,5,1,1
2026-06-16,1056,16,1,0
2026-06-16,1057,14,1,0
2026-06-16,1058,11,2,1
2026-06-16,1059,16,1,1
2026-06-16,1060,6,2,0
2026-06-17,1001,23,0,0
2026-06-17,1002,29,1,0
2026-06-17,1003,33,2,1
2026-06-17,1004,24,3,1
2026-06-17,1005,22,1,0
2026-06-17,1006,24,5,0
2026-06-17,1007,17,2,1
2026-06-17,1008,24,4,0
2026-06-17,1009,23,0,0
2026-06-17,1010,25,3,1
2026-06-17,1011,19,2,1
2026-06-17,1012,22,1,0
2026-06-17,1013,26,1,0
2026-06-17,1014,24,3,1
2026-06-17,1015,25,1,0
2026-06-17,1016,29,5,1
2026-06-17,1017,22,3,0
2026-06-17,1018,24,3,0
2026-06-17,1019,33,3,0
2026-06-17,1020,18,2,1
2026-06-17,1021,23,1,0
2026-06-17,1022,21,2,1
2026-06-17,1023,21,0,0
2026-06-17,1024,25,2,0
2026-06-17,1025,13,3,1
2026-06-17,1026,12,0,0
2026-06-17,1027,24,3,0
2026-06-17,1028,20,1,1
2026-06-17,1029,24,1,0
2026-06-17,1030,22,2,0
2026-06-17,1031,16,1,0
2026-06-17,1032,26,1,1
2026-06-17,1033,20,1,1
2026-06-17,1034,21,0,0
2026-06-17,1035,15,3,1
2026-06-17,1036,22,1,0
2026-06-17,1037,22,1,0
2026-06-17,1038,20,2,0
2026-06-17,1039,19,0,0
2026-06-17,1040,22,1,0
2026-06-17,1041,28,2,1
2026-06-17,1042,19,2,0
2026-06-17,1043,24,3,1
2026-06-17,1044,15,1,0
2026-06-17,1045,15,1,1
2026-06-17,1046,17,1,0
2026-06-17,1047,10,0,0
2026-06-17,1048,15,3,0
2026-06-17,1049,9,1,0
2026-06-17,1050,15,0,0
2026-06-17,1051,12,0,0
2026-06-17,1052,16,0,0
2026-06-17,1053,15,0,0
2026-06-17,1054,15,0,0
2026-06-17,1055,8,0,0
2026-06-17,1056,11,4,0
2026-06-17,1057,13,3,0
2026-06-17,1058,14,0,0
2026-06-17,1059,16,0,0
2026-06-17,1060,13,1,1
2026-06-18,1001,23,3,0
2026-06-18,1002,28,4,1
2026-06-18,1003,26,2,1
2026-06-18,1004,30,2,0
2026-06-18,1005,18,0,0
2026-06-18,1006,25,3,1
2026-06-18,1007,29,0,0
2026-06-18,1008,25,5,2
2026-06-18,1009,26,0,0
2026-06-18,1010,20,4,1
2026-06-18,1011,27,1,0
2026-06-18,1012,18,0,0
2026-06-18,1013,28,0,0
2026-06-18,1014,29,1,0
2026-06-18,1015,26,6,1
2026-06-18,1016,22,3,2
2026-06-18,1017,32,6,0
2026-06-18,1018,27,4,1
2026-06-18,1019,19,1,1
2026-06-18,1020,23,3,0
2026-06-18,1021,16,0,0
2026-06-18,1022,23,2,1
2026-06-18,1023,22,1,0
2026-06-18,1024,25,2,0
2026-06-18,1025,21,2,1
2026-06-18,1026,21,1,0
2026-06-18,1027,14,0,0
2026-06-18,1028,26,2,2
2026-06-18,1029,20,3,1
2026-06-18,1030,28,2,0
2026-06-18,1031,28,4,0
2026-06-18,1032,24,0,0
2026-06-18,1033,23,0,0
2026-06-18,1034,24,1,0
2026-06-18,1035,20,1,0
2026-06-18,1036,26,2,0
2026-06-18,1037,22,1,0
2026-06-18,1038,30,2,0
2026-06-18,1039,17,0,0
2026-06-18,1040,19,3,0
2026-06-18,1041,6,1,0
2026-06-18,1042,13,0,0
2026-06-18,1043,17,0,0
2026-06-18,1044,16,2,1
2026-06-18,1045,19,2,1
2026-06-18,1046,20,1,0
2026-06-18,1047,17,0,0
2026-06-18,1048,16,0,0
2026-06-18,1049,16,0,0
2026-06-18,1050,22,0,0
2026-06-18,1051,10,1,0
2026-06-18,1052,18,1,0
2026-06-18,1053,10,2,0
2026-06-18,1054,13,1,1
2026-06-18,1055,13,0,0
2026-06-18,1056,17,2,0
2026-06-18,1057,12,1,0
2026-06-18,1058,14,0,0
2026-06-18,1059,20,3,1
2026-06-18,1060,13,2,0
2026-06-19,1001,24,3,0
2026-06-19,1002,26,3,2
2026-06-19,1003,33,2,1
2026-06-19,1004,19,1,0
2026-06-19,1005,21,2,0
2026-06-19,1006,30,1,0
2026-06-19,1007,24,1,0
2026-06-19,1008,27,1,0
2026-06-19,1009,20,1,0
2026-06-19,1010,28,2,1
2026-06-19,1011,25,2,0
2026-06-19,1012,14,0,0
2026-06-19,1013,33,4,1
2026-06-19,1014,26,1,1
2026-06-19,1015,25,3,0
2026-06-19,1016,28,1,1
2026-06-19,1017,24,4,1
2026-06-19,1018,25,5,1
2026-06-19,1019,25,1,1
2026-06-19,1020,28,2,0
2026-06-19,1021,23,1,0
2026-06-19,1022,16,2,1
2026-06-19,1023,25,2,1
2026-06-19,1024,28,1,0
2026-06-19,1025,18,2,0
2026-06-19,1026,14,3,1
2026-06-19,1027,17,2,0
2026-06-19,1028,24,1,0
2026-06-19,1029,18,2,1
2026-06-19,1030,26,1,1
2026-06-19,1031,21,2,1
2026-06-19,1032,15,3,2
2026-06-19,1033,25,0,0
2026-06-19,1034,27,3,1
2026-06-19,1035,25,2,0
2026-06-19,1036,30,1,0
2026-06-19,1037,20,2,0
2026-06-19,1038,24,0,0
2026-06-19,1039,25,1,0
2026-06-19,1040,23,3,1
2026-06-19,1041,19,0,0
2026-06-19,1042,15,0,0
2026-06-19,1043,10,0,0
2026-06-19,1044,11,2,0
2026-06-19,1045,21,1,0
2026-06-19,1046,20,1,1
2026-06-19,1047,17,2,1
2026-06-19,1048,22,4,1
2026-06-19,1049,12,0,0
2026-06-19,1050,24,2,1
2026-06-19,1051,12,1,0
2026-06-19,1052,11,0,0
2026-06-19,1053,18,1,0
2026-06-19,1054,17,2,0
2026-06-19,1055,21,2,1
2026-06-19,1056,17,0,0
2026-06-19,1057,18,0,0
2026-06-19,1058,9,0,0
2026-06-19,1059,11,0,0
2026-06-19,1060,11,2,0
2026-06-20,1001,18,2,2
2026-06-20,1002,30,3,1
2026-06-20,1003,32,4,1
2026-06-20,1004,17,1,0
2026-06-20,1005,28,4,1
2026-06-20,1006,23,2,0
2026-06-20,1007,31,4,1
2026-06-20,1008,30,5,2
2026-06-20,1009,25,3,2
2026-06-20,1010,30,2,0
2026-06-20,1011,30,4,2
2026-06-20,1012,24,3,1
2026-06-20,1013,24,3,1
2026-06-20,1014,28,1,1
2026-06-20,1015,30,3,1
2026-06-20,1016,22,4,2
2026-06-20,1017,18,3,1
2026-06-20,1018,21,1,1
2026-06-20,1019,12,0,0
2026-06-20,1020,26,3,0
2026-06-20,1021,24,4,0
2026-06-20,1022,22,2,1
2026-06-20,1023,14,0,0
2026-06-20,1024,12,0,0
2026-06-20,1025,28,3,3
2026-06-20,1026,30,1,0
2026-06-20,1027,25,0,0
2026-06-20,1028,20,1,1
2026-06-20,1029,15,0,0
2026-06-20,1030,20,1,0
2026-06-20,1031,23,2,1
2026-06-20,1032,19,0,0
2026-06-20,1033,21,1,1
2026-06-20,1034,26,1,0
2026-06-20,1035,35,2,1
2026-06-20,1036,19,0,0
2026-06-20,1037,13,1,1
2026-06-20,1038,20,4,1
2026-06-20,1039,25,4,0
2026-06-20,1040,23,1,0
2026-06-20,1041,21,3,1
2026-06-20,1042,20,3,0
2026-06-20,1043,20,2,0
2026-06-20,1044,16,0,0
2026-06-20,1045,16,0,0
2026-06-20,1046,12,0,0
2026-06-20,1047,17,0,0
2026-06-20,1048,24,1,1
2026-06-20,1049,8,0,0
2026-06-20,1050,10,1,0
2026-06-20,1051,10,1,0
2026-06-20,1052,17,2,1
2026-06-20,1053,24,3,2
2026-06-20,1054,18,0,0
2026-06-20,1055,11,0,0
2026-06-20,1056,17,0,0
2026-06-20,1057,16,1,0
2026-06-20,1058,12,1,0
2026-06-20,1059,12,0,0
2026-06-20,1060,9,0,0
2026-06-21,1001,32,2,0
2026-06-21,1002,23,3,1
2026-06-21,1003,28,5,1
2026-06-21,1004,30,1,0
2026-06-21,1005,26,4,2
2026-06-21,1006,23,2,2
2026-06-21,1007,25,2,1
2026-06-21,1008,35,4,1
2026-06-21,1009,27,1,1
2026-06-21,1010,29,6,3
2026-06-21,1011,25,3,1
2026-06-21,1012,32,3,1
2026-06-21,1013,34,2,0
2026-06-21,1014,24,1,0
2026-06-21,1015,20,4,3
2026-06-21,1016,25,2,0
2026-06-21,1017,25,0,0
2026-06-21,1018,23,4,1
2026-06-21,1019,15,0,0
2026-06-21,1020,33,3,0
2026-06-21,1021,15,4,2
2026-06-21,1022,28,2,0
2026-06-21,1023,27,3,0
2026-06-21,1024,17,1,0
2026-06-21,1025,23,0,0
2026-06-21,1026,21,1,1
2026-06-21,1027,23,1,0
2026-06-21,1028,12,1,0
2026-06-21,1029,19,0,0
2026-06-21,1030,27,3,1
2026-06-21,1031,28,1,0
2026-06-21,1032,26,1,1
2026-06-21,1033,25,0,0
2026-06-21,1034,21,0,0
2026-06-21,1035,27,3,0
2026-06-21,1036,33,1,0
2026-06-21,1037,24,3,1
2026-06-21,1038,27,1,0
2026-06-21,1039,22,0,0
2026-06-21,1040,15,1,0
2026-06-21,1041,18,1,1
2026-06-21,1042,8,0,0
2026-06-21,1043,15,1,0
2026-06-21,1044,22,3,1
2026-06-21,1045,21,1,0
2026-06-21,1046,16,1,0
2026-06-21,1047,18,1,0
2026-06-21,1048,16,0,0
2026-06-21,1049,21,2,0
2026-06-21,1050,11,1,0
2026-06-21,1051,12,1,1
2026-06-21,1052,8,1,0
2026-06-21,1053,18,1,0
2026-06-21,1054,16,1,0
2026-06-21,1055,7,0,0
2026-06-21,1056,13,0,0
2026-06-21,1057,13,1,0
2026-06-21,1058,11,1,0
2026-06-21,1059,13,1,1
2026-06-21,1060,10,1,0
2026-06-22,1001,37,4,1
2026-06-22,1002,18,1,1
2026-06-22,1003,32,1,0
2026-06-22,1004,24,5,1
2026-06-22,1005,28,5,1
2026-06-22,1006,34,6,4
2026-06-22,1007,31,1,1
2026-06-22,1008,17,1,0
2026-06-22,1009,20,1,0
2026-06-22,1010,29,2,0
2026-06-22,1011,31,9,2
2026-06-22,1012,22,3,0
2026-06-22,1013,27,1,0
2026-06-22,1014,26,1,1
2026-06-22,1015,21,1,0
2026-06-22,1016,30,2,1
2026-06-22,1017,33,2,1
2026-06-22,1018,22,3,1
2026-06-22,1019,28,2,1
2026-06-22,1020,26,2,2
2026-06-22,1021,24,5,0
2026-06-22,1022,21,2,0
2026-06-22,1023,17,2,0
2026-06-22,1024,24,3,1
2026-06-22,1025,14,0,0
2026-06-22,1026,26,2,0
2026-06-22,1027,12,1,0
2026-06-22,1028,16,1,1
2026-06-22,1029,22,0,0
2026-06-22,1030,25,2,1
2026-06-22,1031,24,1,1
2026-06-22,1032,33,6,0
2026-06-22,1033,23,2,1
2026-06-22,1034,29,6,1
2026-06-22,1035,28,3,0
2026-06-22,1036,27,0,0
2026-06-22,1037,20,3,1
2026-06-22,1038,23,2,2
2026-06-22,1039,28,2,1
2026-06-22,1040,17,0,0
2026-06-22,1041,13,2,1
2026-06-22,1042,19,1,0
2026-06-22,1043,21,1,0
2026-06-22,1044,12,2,0
2026-06-22,1045,11,1,0
2026-06-22,1046,15,1,0
2026-06-22,1047,18,0,0
2026-06-22,1048,8,0,0
2026-06-22,1049,14,3,2
2026-06-22,1050,16,0,0
2026-06-22,1051,12,1,0
2026-06-22,1052,21,1,1
2026-06-22,1053,10,0,0
2026-06-22,1054,7,1,0
2026-06-22,1055,17,0,0
2026-06-22,1056,14,1,0
2026-06-22,1057,21,2,2
2026-06-22,1058,17,1,0
2026-06-22,1059,12,0,0
2026-06-22,1060,20,0,0
2026-06-23,1001,26,2,0
2026-06-23,1002,30,3,1
2026-06-23,1003,26,2,0
2026-06-23,1004,23,3,1
2026-06-23,1005,16,3,1
2026-06-23,1006,33,2,0
2026-06-23,1007,26,3,1
2026-06-23,1008,20,0,0
2026-06-23,1009,31,4,0
2026-06-23,1010,23,2,0
2026-06-23,1011,30,3,0
2026-06-23,1012,28,3,2
2026-06-23,1013,28,5,1
2026-06-23,1014,36,4,3
2026-06-23,1015,23,1,0
2026-06-23,1016,26,4,2
2026-06-23,1017,21,2,1
2026-06-23,1018,21,1,0
2026-06-23,1019,28,3,1
2026-06-23,1020,27,3,0
2026-06-23,1021,25,3,2
2026-06-23,1022,22,1,0
2026-06-23,1023,22,0,0
2026-06-23,1024,16,1,0
2026-06-23,1025,19,4,0
2026-06-23,1026,24,1,1
2026-06-23,1027,16,2,0
2026-06-23,1028,24,2,0
2026-06-23,1029,24,2,0
2026-06-23,1030,17,1,1
2026-06-23,1031,27,0,0
2026-06-23,1032,19,3,2
2026-06-23,1033,17,6,0
2026-06-23,1034,35,0,0
2026-06-23,1035,25,1,0
2026-06-23,1036,27,0,0
2026-06-23,1037,20,1,0
2026-06-23,1038,19,5,0
2026-06-23,1039,20,4,2
2026-06-23,1040,28,4,2
2026-06-23,1041,16,1,1
2026-06-23,1042,22,1,0
2026-06-23,1043,21,1,0
2026-06-23,1044,17,2,1
2026-06-23,1045,18,3,2
2026-06-23,1046,14,0,0
2026-06-23,1047,17,1,1
2026-06-23,1048,10,1,0
2026-06-23,1049,19,1,0
2026-06-23,1050,19,4,2
2026-06-23,1051,12,1,1
2026-06-23,1052,10,0,0
2026-06-23,1053,12,1,1
2026-06-23,1054,4,0,0
2026-06-23,1055,16,2,0
2026-06-23,1056,20,0,0
2026-06-23,1057,10,1,1
2026-06-23,1058,15,1,1
2026-06-23,1059,8,1,1
2026-06-23,1060,8,1,0
2026-06-24,1001,28,3,1
2026-06-24,1002,28,2,0
2026-06-24,1003,31,1,0
2026-06-24,1004,23,1,1
2026-06-24,1005,28,5,1
2026-06-24,1006,14,1,0
2026-06-24,1007,21,2,0
2026-06-24,1008,25,4,1
2026-06-24,1009,30,3,1
2026-06-24,1010,21,2,0
2026-06-24,1011,22,3,1
2026-06-24,1012,22,4,1
2026-06-24,1013,12,1,0
2026-06-24,1014,25,4,1
2026-06-24,1015,21,1,0
2026-06-24,1016,23,3,2
2026-06-24,1017,29,3,0
2026-06-24,1018,23,2,1
2026-06-24,1019,34,4,1
2026-06-24,1020,20,1,1
2026-06-24,1021,16,2,1
2026-06-24,1022,22,1,1
2026-06-24,1023,17,2,1
2026-06-24,1024,14,1,0
2026-06-24,1025,23,2,1
2026-06-24,1026,20,1,1
2026-06-24,1027,22,0,0
2026-06-24,1028,26,1,0
2026-06-24,1029,11,0,0
2026-06-24,1030,17,2,1
2026-06-24,1031,24,2,2
2026-06-24,1032,27,0,0
2026-06-24,1033,22,1,1
2026-06-24,1034,18,3,1
2026-06-24,1035,25,2,1
2026-06-24,1036,22,1,0
2026-06-24,1037,18,1,0
2026-06-24,1038,27,0,0
2026-06-24,1039,29,2,1
2026-06-24,1040,28,1,0
2026-06-24,1041,12,1,1
2026-06-24,1042,17,2,0
2026-06-24,1043,16,1,0
2026-06-24,1044,14,2,1
2026-06-24,1045,12,0,0
2026-06-24,1046,11,0,0
2026-06-24,1047,20,2,0
2026-06-24,1048,22,3,0
2026-06-24,1049,17,1,1
2026-06-24,1050,17,0,0
2026-06-24,1051,11,2,1
2026-06-24,1052,13,0,0
2026-06-24,1053,14,1,0
2026-06-24,1054,28,0,0
2026-06-24,1055,15,0,0
2026-06-24,1056,8,1,1
2026-06-24,1057,10,2,0
2026-06-24,1058,12,3,2
2026-06-24,1059,18,2,1
2026-06-24,1060,13,1,0
2026-06-25,1001,29,6,4
2026-06-25,1002,24,1,0
2026-06-25,1003,24,4,2
2026-06-25,1004,35,3,2
2026-06-25,1005,25,4,0
2026-06-25,1006,18,1,0
2026-06-25,1007,18,2,1
2026-06-25,1008,30,1,0
2026-06-25,1009,28,1,0
2026-06-25,1010,26,1,0
2026-06-25,1011,19,4,0
2026-06-25,1012,20,3,0
2026-06-25,1013,27,4,1
2026-06-25,1014,18,5,2
2026-06-25,1015,22,2,1
2026-06-25,1016,23,3,1
2026-06-25,1017,26,4,2
2026-06-25,1018,26,5,0
2026-06-25,1019,21,2,1
2026-06-25,1020,30,2,0
2026-06-25,1021,18,1,0
2026-06-25,1022,20,0,0
2026-06-25,1023,20,0,0
2026-06-25,1024,26,2,0
2026-06-25,1025,24,3,1
2026-06-25,1026,19,2,0
2026-06-25,1027,16,0,0
2026-06-25,1028,23,2,0
2026-06-25,1029,21,1,0
2026-06-25,1030,24,1,1
2026-06-25,1031,19,1,0
2026-06-25,1032,21,2,0
2026-06-25,1033,23,1,0
2026-06-25,1034,25,4,1
2026-06-25,1035,15,1,0
2026-06-25,1036,25,2,1
2026-06-25,1037,23,2,1
2026-06-25,1038,27,2,2
2026-06-25,1039,25,0,0
2026-06-25,1040,22,4,0
2026-06-25,1041,22,1,0
2026-06-25,1042,10,0,0
2026-06-25,1043,12,1,0
2026-06-25,1044,20,2,1
2026-06-25,1045,12,0,0
2026-06-25,1046,16,1,1
2026-06-25,1047,20,3,1
2026-06-25,1048,20,1,1
2026-06-25,1049,25,1,0
2026-06-25,1050,13,0,0
2026-06-25,1051,9,0,0
2026-06-25,1052,9,1,0
2026-06-25,1053,15,1,0
2026-06-25,1054,14,0,0
2026-06-25,1055,18,1,0
2026-06-25,1056,12,2,0
2026-06-25,1057,8,1,0
2026-06-25,1058,11,0,0
2026-06-25,1059,10,1,0
2026-06-25,1060,7,0,0
2026-06-26,1001,23,3,1
2026-06-26,1002,27,4,0
2026-06-26,1003,26,0,0
2026-06-26,1004,21,0,0
2026-06-26,1005,31,3,0
2026-06-26,1006,17,2,0
2026-06-26,1007,23,4,1
2026-06-26,1008,30,1,1
2026-06-26,1009,20,3,1
2026-06-26,1010,25,0,0
2026-06-26,1011,19,1,0
2026-06-26,1012,19,1,0
2026-06-26,1013,24,2,1
2026-06-26,1014,26,4,1
2026-06-26,1015,19,1,0
2026-06-26,1016,24,1,0
2026-06-26,1017,30,5,3
2026-06-26,1018,25,2,1
2026-06-26,1019,18,1,1
2026-06-26,1020,19,2,0
2026-06-26,1021,24,0,0
2026-06-26,1022,29,1,1
2026-06-26,1023,18,1,1
2026-06-26,1024,21,2,1
2026-06-26,1025,17,1,0
2026-06-26,1026,23,1,1
2026-06-26,1027,32,0,0
2026-06-26,1028,21,2,1
2026-06-26,1029,26,1,0
2026-06-26,1030,26,4,2
2026-06-26,1031,19,2,0
2026-06-26,1032,22,2,1
2026-06-26,1033,21,1,1
2026-06-26,1034,24,0,0
2026-06-26,1035,28,0,0
2026-06-26,1036,20,0,0
2026-06-26,1037,17,1,0
2026-06-26,1038,13,2,0
2026-06-26,1039,17,2,0
2026-06-26,1040,20,0,0
2026-06-26,1041,19,2,2
2026-06-26,1042,16,3,1
2026-06-26,1043,15,2,0
2026-06-26,1044,15,1,0
2026-06-26,1045,25,2,1
2026-06-26,1046,10,0,0
2026-06-26,1047,16,2,1
2026-06-26,1048,17,2,0
2026-06-26,1049,22,0,0
2026-06-26,1050,13,1,0
2026-06-26,1051,11,0,0
2026-06-26,1052,15,1,0
2026-06-26,1053,11,0,0
2026-06-26,1054,19,0,0
2026-06-26,1055,14,2,1
2026-06-26,1056,13,0,0
2026-06-26,1057,11,3,0
2026-06-26,1058,11,0,0
2026-06-26,1059,22,1,1
2026-06-26,1060,12,0,0
2026-06-27,1001,28,1,0
2026-06-27,1002,24,4,2
2026-06-27,1003,30,3,1
2026-06-27,1004,31,3,1
2026-06-27,1005,21,4,1
2026-06-27,1006,27,1,1
2026-06-27,1007,31,5,0
2026-06-27,1008,31,5,0
2026-06-27,1009,30,1,1
2026-06-27,1010,21,2,0
2026-06-27,1011,21,3,0
2026-06-27,1012,13,1,0
2026-06-27,1013,26,5,0
2026-06-27,1014,19,3,1
2026-06-27,1015,17,1,0
2026-06-27,1016,23,6,2
2026-06-27,1017,33,3,1
2026-06-27,1018,24,2,0
2026-06-27,1019,31,3,1
2026-06-27,1020,24,0,0
2026-06-27,1021,17,3,0
2026-06-27,1022,19,1,0
2026-06-27,1023,20,0,0
2026-06-27,1024,14,1,0
2026-06-27,1025,22,0,0
2026-06-27,1026,26,2,0
2026-06-27,1027,16,2,2
2026-06-27,1028,23,0,0
2026-06-27,1029,19,2,2
2026-06-27,1030,25,4,1
2026-06-27,1031,23,3,0
2026-06-27,1032,10,1,0
2026-06-27,1033,23,3,1
2026-06-27,1034,26,2,0
2026-06-27,1035,20,1,0
2026-06-27,1036,28,1,0
2026-06-27,1037,21,1,0
2026-06-27,1038,14,1,0
2026-06-27,1039,32,4,1
2026-06-27,1040,15,2,0
2026-06-27,1041,19,1,0
2026-06-27,1042,23,0,0
2026-06-27,1043,15,2,0
2026-06-27,1044,19,3,1
2026-06-27,1045,19,1,0
2026-06-27,1046,11,1,0
2026-06-27,1047,17,2,0
2026-06-27,1048,18,1,1
2026-06-27,1049,16,0,0
2026-06-27,1050,25,0,0
2026-06-27,1051,14,2,0
2026-06-27,1052,14,0,0
2026-06-27,1053,14,0,0
2026-06-27,1054,17,3,0
2026-06-27,1055,12,1,0
2026-06-27,1056,21,2,1
2026-06-27,1057,6,0,0
2026-06-27,1058,13,1,1
2026-06-27,1059,10,1,1
2026-06-27,1060,9,1,0
2026-06-28,1001,23,2,0
2026-06-28,1002,32,4,0
2026-06-28,1003,28,1,0
2026-06-28,1004,24,1,0
2026-06-28,1005,34,2,0
2026-06-28,1006,25,2,1
2026-06-28,1007,23,1,1
2026-06-28,1008,39,4,2
2026-06-28,1009,25,2,1
2026-06-28,1010,24,2,0
2026-06-28,1011,24,1,0
2026-06-28,1012,23,3,1
2026-06-28,1013,24,1,1
2026-06-28,1014,19,3,1
2026-06-28,1015,26,3,1
2026-06-28,1016,22,3,0
2026-06-28,1017,26,2,1
2026-06-28,1018,21,3,0
2026-06-28,1019,22,2,1
2026-06-28,1020,26,4,1
2026-06-28,1021,17,1,0
2026-06-28,1022,20,1,0
2026-06-28,1023,18,0,0
2026-06-28,1024,23,0,0
2026-06-28,1025,13,0,0
2026-06-28,1026,29,3,1
2026-06-28,1027,24,3,0
2026-06-28,1028,21,1,0
2026-06-28,1029,17,2,1
2026-06-28,1030,16,1,0
2026-06-28,1031,21,2,0
2026-06-28,1032,28,2,0
2026-06-28,1033,16,2,1
2026-06-28,1034,29,0,0
2026-06-28,1035,26,1,0
2026-06-28,1036,21,3,0
2026-06-28,1037,26,0,0
2026-06-28,1038,25,4,2
2026-06-28,1039,30,2,0
2026-06-28,1040,24,3,1
2026-06-28,1041,20,2,0
2026-06-28,1042,20,2,2
2026-06-28,1043,20,2,1
2026-06-28,1044,12,0,0
2026-06-28,1045,22,3,1
2026-06-28,1046,20,0,0
2026-06-28,1047,20,3,1
2026-06-28,1048,24,1,0
2026-06-28,1049,28,5,0
2026-06-28,1050,13,1,0
2026-06-28,1051,17,1,0
2026-06-28,1052,8,0,0
2026-06-28,1053,17,2,0
2026-06-28,1054,12,1,1
2026-06-28,1055,12,2,1
2026-06-28,1056,14,1,0
2026-06-28,1057,23,1,0
2026-06-28,1058,18,1,0
2026-06-28,1059,14,1,0
2026-06-28,1060,15,1,1
2026-06-29,1001,34,3,0
2026-06-29,1002,32,0,0
2026-06-29,1003,15,5,3
2026-06-29,1004,25,3,1
2026-06-29,1005,23,1,1
2026-06-29,1006,23,2,1
2026-06-29,1007,21,2,0
2026-06-29,1008,23,4,1
2026-06-29,1009,24,3,1
2026-06-29,1010,27,1,0
2026-06-29,1011,17,0,0
2026-06-29,1012,24,2,1
2026-06-29,1013,19,2,0
2026-06-29,1014,21,2,1
2026-06-29,1015,23,4,0
2026-06-29,1016,18,1,1
2026-06-29,1017,29,1,0
2026-06-29,1018,28,3,0
2026-06-29,1019,19,2,0
2026-06-29,1020,23,4,0
2026-06-29,1021,18,1,1
2026-06-29,1022,25,1,0
2026-06-29,1023,27,2,0
2026-06-29,1024,24,2,1
2026-06-29,1025,21,1,0
2026-06-29,1026,23,1,0
2026-06-29,1027,16,2,0
2026-06-29,1028,23,1,0
2026-06-29,1029,18,2,0
2026-06-29,1030,24,2,1
2026-06-29,1031,30,1,0
2026-06-29,1032,22,1,1
2026-06-29,1033,25,1,0
2026-06-29,1034,23,2,1
2026-06-29,1035,24,0,0
2026-06-29,1036,19,0,0
2026-06-29,1037,26,2,0
2026-06-29,1038,18,1,1
2026-06-29,1039,28,4,2
2026-06-29,1040,18,1,0
2026-06-29,1041,15,2,0
2026-06-29,1042,18,2,2
2026-06-29,1043,18,0,0
2026-06-29,1044,19,2,0
2026-06-29,1045,16,2,0
2026-06-29,1046,17,0,0
2026-06-29,1047,19,0,0
2026-06-29,1048,20,3,1
2026-06-29,1049,21,0,0
2026-06-29,1050,18,0,0
2026-06-29,1051,17,0,0
2026-06-29,1052,9,1,0
2026-06-29,1053,16,0,0
2026-06-29,1054,10,1,0
2026-06-29,1055,8,0,0
2026-06-29,1056,13,1,0
2026-06-29,1057,13,1,0
2026-06-29,1058,15,0,0
2026-06-29,1059,8,1,0
2026-06-29,1060,14,1,1
2026-06-30,1001,21,4,0
2026-06-30,1002,31,4,1
2026-06-30,1003,20,1,0
2026-06-30,1004,22,2,0
2026-06-30,1005,23,5,1
2026-06-30,1006,22,1,0
2026-06-30,1007,28,0,0
2026-06-30,1008,22,1,1
2026-06-30,1009,30,5,0
2026-06-30,1010,18,2,0
2026-06-30,1011,27,4,1
2026-06-30,1012,25,1,0
2026-06-30,1013,42,1,1
2026-06-30,1014,29,1,1
2026-06-30,1015,25,3,1
2026-06-30,1016,24,3,0
2026-06-30,1017,35,2,1
2026-06-30,1018,23,6,1
2026-06-30,1019,33,5,1
2026-06-30,1020,29,3,0
2026-06-30,1021,18,2,0
2026-06-30,1022,20,1,0
2026-06-30,1023,24,0,0
2026-06-30,1024,25,1,1
2026-06-30,1025,25,0,0
2026-06-30,1026,25,0,0
2026-06-30,1027,23,2,0
2026-06-30,1028,20,2,1
2026-06-30,1029,18,0,0
2026-06-30,1030,23,3,2
2026-06-30,1031,32,4,1
2026-06-30,1032,27,2,0
2026-06-30,1033,23,2,0
2026-06-30,1034,25,1,1
2026-06-30,1035,20,2,1
2026-06-30,1036,29,0,0
2026-06-30,1037,20,2,0
2026-06-30,1038,24,5,0
2026-06-30,1039,24,1,0
2026-06-30,1040,24,1,0
2026-06-30,1041,14,3,1
2026-06-30,1042,17,0,0
2026-06-30,1043,13,2,0
2026-06-30,1044,13,1,1
2026-06-30,1045,10,0,0
2026-06-30,1046,13,1,0
2026-06-30,1047,17,3,0
2026-06-30,1048,24,4,1
2026-06-30,1049,9,2,1
2026-06-30,1050,16,1,1
2026-06-30,1051,14,2,0
2026-06-30,1052,16,2,1
2026-06-30,1053,14,1,0
2026-06-30,1054,14,1,1
2026-06-30,1055,6,1,1
2026-06-30,1056,10,0,0
2026-06-30,1057,17,0,0
2026-06-30,1058,13,1,0
2026-06-30,1059,14,0,0
2026-06-30,1060,18,0,0
